user_id,session_id,session_date,ref_month,duration_min,kwh_delivered,status,anomaly_flag
U0001,S000011,2026-03-04,2026-03-01,302,43.675,concluida,False
U0001,S000010,2026-03-07,2026-03-01,96,15.8,concluida,False
U0001,S000009,2026-03-08,2026-03-01,36,5.902,concluida,False
U0001,S000001,2026-03-09,2026-03-01,152,23.412,concluida,False
U0001,S000007,2026-03-10,2026-03-01,246,39.071,concluida,False
U0001,S000002,2026-03-11,2026-03-01,158,24.589,concluida,False
U0001,S000006,2026-03-15,2026-03-01,80,11.051,concluida,False
U0001,S000005,2026-03-16,2026-03-01,243,40.168,concluida,False
U0001,S000004,2026-03-18,2026-03-01,36,5.632,concluida,False
U0001,S000008,2026-03-24,2026-03-01,19,2.843,concluida,False
U0001,S000003,2026-03-26,2026-03-01,186,27.896,concluida,False
U0001,S000012,2026-05-02,2026-05-01,135,21.302,concluida,False
U0001,S000013,2026-05-04,2026-05-01,100,13.795,concluida,False
U0001,S000014,2026-05-06,2026-05-01,138,20.253,concluida,False
U0001,S000015,2026-05-13,2026-05-01,97,13.601,concluida,False
U0001,S000017,2026-05-20,2026-05-01,105,17.482,concluida,False
U0001,S000016,2026-05-26,2026-05-01,68,11.716,concluida,False
U0001,S000025,2026-06-03,2026-06-01,109,15.651,concluida,False
U0001,S000024,2026-06-04,2026-06-01,71,10.348,concluida,False
U0001,S000033,2026-06-10,2026-06-01,235,40.457,concluida,False
U0001,S000018,2026-06-10,2026-06-01,159,25.294,concluida,False
U0001,S000032,2026-06-11,2026-06-01,17,2.403,concluida,False
U0001,S000021,2026-06-14,2026-06-01,58,9.441,concluida,False
U0001,S000026,2026-06-15,2026-06-01,80,12.375,concluida,False
U0001,S000030,2026-06-16,2026-06-01,144,23.24,concluida,False
U0001,S000027,2026-06-17,2026-06-01,151,23.496,concluida,False
U0001,S000019,2026-06-20,2026-06-01,203,28.651,concluida,False
U0001,S000031,2026-06-21,2026-06-01,136,21.152,concluida,False
U0001,S000020,2026-06-22,2026-06-01,128,18.337,concluida,False
U0001,S000022,2026-06-23,2026-06-01,60,9.797,concluida,False
U0001,S000028,2026-06-24,2026-06-01,59,9.473,interrompida,False
U0001,S000029,2026-06-25,2026-06-01,168,28.16,concluida,False
U0001,S000023,2026-06-26,2026-06-01,176,28.234,concluida,False
U0001,S000038,2026-07-01,2026-07-01,18,2.877,concluida,False
U0001,S000034,2026-07-09,2026-07-01,70,9.923,concluida,False
U0001,S000041,2026-07-17,2026-07-01,90,13.277,concluida,False
U0001,S000037,2026-07-18,2026-07-01,68,11.663,concluida,False
U0001,S000039,2026-07-18,2026-07-01,214,30.156,concluida,False
U0001,S000036,2026-07-20,2026-07-01,176,27.417,concluida,False
U0001,S000035,2026-07-22,2026-07-01,105,16.526,concluida,False
U0001,S000040,2026-07-31,2026-07-01,59,9.514,concluida,False
U0001,S000051,2026-08-03,2026-08-01,114,18.942,concluida,False
U0001,S000050,2026-08-04,2026-08-01,30,5.258,interrompida,False
U0001,S000049,2026-08-05,2026-08-01,160,27.663,concluida,False
U0001,S000047,2026-08-08,2026-08-01,118,19.581,concluida,False
U0001,S000043,2026-08-09,2026-08-01,52,8.656,concluida,False
U0001,S000048,2026-08-13,2026-08-01,87,14.49,concluida,False
U0001,S000042,2026-08-13,2026-08-01,32,5.482,concluida,False
U0001,S000046,2026-08-15,2026-08-01,293,43.744,concluida,False
U0001,S000056,2026-08-15,2026-08-01,69,11.243,concluida,False
U0001,S000054,2026-08-20,2026-08-01,242,35.358,concluida,False
U0001,S000052,2026-08-21,2026-08-01,246,41.508,concluida,False
U0001,S000055,2026-08-24,2026-08-01,178,27.307,concluida,False
U0001,S000044,2026-08-27,2026-08-01,97,14.343,concluida,False
U0001,S000045,2026-08-28,2026-08-01,161,24.774,concluida,False
U0001,S000053,2026-08-31,2026-08-01,36,5.777,concluida,False
U0002,S000064,2026-03-01,2026-03-01,178,57.542,concluida,False
U0002,S000061,2026-03-03,2026-03-01,85,29.267,concluida,False
U0002,S000063,2026-03-04,2026-03-01,187,56.655,concluida,False
U0002,S000058,2026-03-06,2026-03-01,93,26.114,concluida,False
U0002,S000060,2026-03-09,2026-03-01,44,12.13,concluida,False
U0002,S000057,2026-03-12,2026-03-01,88,26.979,concluida,False
U0002,S000059,2026-03-16,2026-03-01,96,30.505,concluida,False
U0002,S000066,2026-03-20,2026-03-01,135,40.613,concluida,False
U0002,S000067,2026-03-21,2026-03-01,195,66.544,concluida,False
U0002,S000062,2026-03-23,2026-03-01,30,9.255,concluida,False
U0002,S000065,2026-03-30,2026-03-01,97,31.976,concluida,False
U0002,S000073,2026-04-03,2026-04-01,137,41.639,concluida,False
U0002,S000077,2026-04-04,2026-04-01,87,24.268,interrompida,False
U0002,S000075,2026-04-04,2026-04-01,30,9.026,interrompida,False
U0002,S000069,2026-04-07,2026-04-01,140,46.575,concluida,False
U0002,S000079,2026-04-19,2026-04-01,45,14.773,concluida,False
U0002,S000076,2026-04-21,2026-04-01,47,15.115,concluida,False
U0002,S000074,2026-04-22,2026-04-01,115,37.295,concluida,False
U0002,S000071,2026-04-24,2026-04-01,90,26.986,concluida,False
U0002,S000068,2026-04-24,2026-04-01,78,21.966,concluida,False
U0002,S000072,2026-04-25,2026-04-01,36,12.171,concluida,False
U0002,S000070,2026-04-27,2026-04-01,25,7.346,concluida,False
U0002,S000078,2026-04-29,2026-04-01,87,24.791,concluida,False
U0002,S000082,2026-05-02,2026-05-01,133,39.266,concluida,False
U0002,S000083,2026-05-03,2026-05-01,143,41.549,concluida,False
U0002,S000088,2026-05-05,2026-05-01,28,8.436,concluida,False
U0002,S000087,2026-05-05,2026-05-01,112,32.859,concluida,False
U0002,S000089,2026-05-06,2026-05-01,105,29.278,concluida,False
U0002,S000086,2026-05-11,2026-05-01,130,140.735,concluida,True
U0002,S000092,2026-05-15,2026-05-01,92,31.804,concluida,False
U0002,S000090,2026-05-16,2026-05-01,61,20.255,concluida,False
U0002,S000084,2026-05-26,2026-05-01,30,8.786,concluida,False
U0002,S000085,2026-05-27,2026-05-01,195,61.55,concluida,False
U0002,S000081,2026-05-28,2026-05-01,106,29.922,concluida,False
U0002,S000080,2026-05-31,2026-05-01,58,16.089,concluida,False
U0002,S000091,2026-05-31,2026-05-01,44,12.24,concluida,False
U0002,S000094,2026-06-03,2026-06-01,51,15.054,concluida,False
U0002,S000103,2026-06-04,2026-06-01,143,44.646,concluida,False
U0002,S000099,2026-06-05,2026-06-01,52,17.82,concluida,False
U0002,S000095,2026-06-13,2026-06-01,34,10.673,concluida,False
U0002,S000100,2026-06-14,2026-06-01,109,35.927,concluida,False
U0002,S000097,2026-06-14,2026-06-01,129,43.876,concluida,False
U0002,S000098,2026-06-14,2026-06-01,63,17.764,concluida,False
U0002,S000093,2026-06-16,2026-06-01,206,70.393,concluida,False
U0002,S000101,2026-06-19,2026-06-01,90,28.457,concluida,False
U0002,S000096,2026-06-26,2026-06-01,34,9.635,concluida,False
U0002,S000102,2026-06-28,2026-06-01,64,20.984,concluida,False
U0002,S000108,2026-07-03,2026-07-01,60,19.76,concluida,False
U0002,S000114,2026-07-08,2026-07-01,116,40.274,concluida,False
U0002,S000113,2026-07-10,2026-07-01,54,17.537,concluida,False
U0002,S000109,2026-07-13,2026-07-01,96,29.594,concluida,False
U0002,S000112,2026-07-14,2026-07-01,11,3.199,concluida,False
U0002,S000106,2026-07-20,2026-07-01,108,34.91,concluida,False
U0002,S000111,2026-07-22,2026-07-01,64,18.877,concluida,False
U0002,S000107,2026-07-23,2026-07-01,50,56.627,concluida,True
U0002,S000115,2026-07-25,2026-07-01,62,20.524,concluida,False
U0002,S000110,2026-07-25,2026-07-01,163,51.952,concluida,False
U0002,S000105,2026-07-28,2026-07-01,129,44.694,concluida,False
U0002,S000104,2026-07-28,2026-07-01,60,18.117,concluida,False
U0002,S000117,2026-08-03,2026-08-01,71,93.208,concluida,True
U0002,S000125,2026-08-06,2026-08-01,175,56.184,concluida,False
U0002,S000116,2026-08-06,2026-08-01,113,34.226,concluida,False
U0002,S000124,2026-08-08,2026-08-01,31,8.858,concluida,False
U0002,S000122,2026-08-08,2026-08-01,113,37.531,concluida,False
U0002,S000119,2026-08-13,2026-08-01,269,93.035,concluida,False
U0002,S000121,2026-08-14,2026-08-01,46,14.001,concluida,False
U0002,S000118,2026-08-19,2026-08-01,110,34.875,concluida,False
U0002,S000126,2026-08-22,2026-08-01,104,35.327,concluida,False
U0002,S000128,2026-08-26,2026-08-01,97,30.882,concluida,False
U0002,S000120,2026-08-27,2026-08-01,18,6.164,concluida,False
U0002,S000127,2026-08-28,2026-08-01,108,32.204,concluida,False
U0002,S000123,2026-08-29,2026-08-01,81,24.35,concluida,False
U0003,S000129,2026-03-02,2026-03-01,159,53.423,concluida,False
U0003,S000136,2026-03-03,2026-03-01,131,36.933,concluida,False
U0003,S000135,2026-03-13,2026-03-01,236,78.303,concluida,False
U0003,S000131,2026-03-15,2026-03-01,44,14.713,concluida,False
U0003,S000134,2026-03-15,2026-03-01,340,106.534,concluida,False
U0003,S000132,2026-03-17,2026-03-01,66,22.785,concluida,False
U0003,S000130,2026-03-20,2026-03-01,160,49.95,concluida,False
U0003,S000133,2026-03-23,2026-03-01,104,32.448,concluida,False
U0003,S000142,2026-04-05,2026-04-01,79,23.439,concluida,False
U0003,S000138,2026-04-05,2026-04-01,85,27.793,concluida,False
U0003,S000144,2026-04-06,2026-04-01,84,28.221,concluida,False
U0003,S000141,2026-04-07,2026-04-01,31,10.679,concluida,False
U0003,S000147,2026-04-10,2026-04-01,93,30.924,concluida,False
U0003,S000137,2026-04-11,2026-04-01,63,20.017,concluida,False
U0003,S000148,2026-04-15,2026-04-01,102,30.158,concluida,False
U0003,S000146,2026-04-20,2026-04-01,126,41.602,concluida,False
U0003,S000140,2026-04-21,2026-04-01,13,3.979,concluida,False
U0003,S000143,2026-04-22,2026-04-01,147,49.873,concluida,False
U0003,S000145,2026-04-24,2026-04-01,46,12.797,concluida,False
U0003,S000139,2026-04-27,2026-04-01,151,48.945,concluida,False
U0003,S000149,2026-04-27,2026-04-01,86,28.703,concluida,False
U0003,S000151,2026-05-03,2026-05-01,40,11.47,concluida,False
U0003,S000152,2026-05-03,2026-05-01,105,30.585,concluida,False
U0003,S000154,2026-05-12,2026-05-01,36,9.974,concluida,False
U0003,S000153,2026-05-14,2026-05-01,149,45.307,concluida,False
U0003,S000150,2026-05-18,2026-05-01,102,28.817,concluida,False
U0003,S000158,2026-06-04,2026-06-01,121,35.831,concluida,False
U0003,S000155,2026-06-05,2026-06-01,66,19.538,concluida,False
U0003,S000157,2026-06-09,2026-06-01,140,47.072,concluida,False
U0003,S000160,2026-06-20,2026-06-01,76,20.992,concluida,False
U0003,S000159,2026-06-21,2026-06-01,131,42.008,concluida,False
U0003,S000156,2026-06-25,2026-06-01,124,38.366,concluida,False
U0003,S000161,2026-07-01,2026-07-01,190,57.166,concluida,False
U0003,S000163,2026-07-13,2026-07-01,24,7.427,concluida,False
U0003,S000162,2026-07-17,2026-07-01,24,6.719,concluida,False
U0003,S000164,2026-07-24,2026-07-01,65,19.577,concluida,False
U0003,S000165,2026-07-25,2026-07-01,160,52.626,concluida,False
U0003,S000166,2026-07-27,2026-07-01,91,26.193,concluida,False
U0003,S000171,2026-08-04,2026-08-01,22,6.644,concluida,False
U0003,S000168,2026-08-07,2026-08-01,47,15.652,concluida,False
U0003,S000170,2026-08-10,2026-08-01,161,54.454,concluida,False
U0003,S000172,2026-08-11,2026-08-01,37,11.521,concluida,False
U0003,S000169,2026-08-17,2026-08-01,108,37.534,concluida,False
U0003,S000174,2026-08-18,2026-08-01,56,16.719,concluida,False
U0003,S000173,2026-08-26,2026-08-01,104,34.145,concluida,False
U0003,S000167,2026-08-26,2026-08-01,104,29.081,concluida,False
U0004,S000179,2026-03-05,2026-03-01,87,12.715,concluida,False
U0004,S000175,2026-03-06,2026-03-01,51,7.843,concluida,False
U0004,S000183,2026-03-09,2026-03-01,160,23.527,concluida,False
U0004,S000185,2026-03-15,2026-03-01,133,22.67,concluida,False
U0004,S000181,2026-03-19,2026-03-01,235,36.875,concluida,False
U0004,S000176,2026-03-20,2026-03-01,52,7.673,concluida,False
U0004,S000180,2026-03-20,2026-03-01,91,14.778,concluida,False
U0004,S000186,2026-03-22,2026-03-01,129,21.094,concluida,False
U0004,S000177,2026-03-22,2026-03-01,139,21.183,concluida,False
U0004,S000184,2026-03-23,2026-03-01,89,15.496,concluida,False
U0004,S000182,2026-03-31,2026-03-01,134,18.552,concluida,False
U0004,S000178,2026-03-31,2026-03-01,329,46.96,concluida,False
U0004,S000190,2026-04-03,2026-04-01,44,6.692,concluida,False
U0004,S000188,2026-04-04,2026-04-01,120,19.985,concluida,False
U0004,S000196,2026-04-05,2026-04-01,83,12.334,concluida,False
U0004,S000195,2026-04-12,2026-04-01,76,12.944,concluida,False
U0004,S000206,2026-04-13,2026-04-01,45,7.203,concluida,False
U0004,S000204,2026-04-13,2026-04-01,24,3.969,concluida,False
U0004,S000205,2026-04-15,2026-04-01,46,6.776,concluida,False
U0004,S000192,2026-04-15,2026-04-01,94,15.269,concluida,False
U0004,S000201,2026-04-16,2026-04-01,182,30.395,concluida,False
U0004,S000194,2026-04-17,2026-04-01,70,10.406,concluida,False
U0004,S000189,2026-04-18,2026-04-01,105,15.858,concluida,False
U0004,S000197,2026-04-19,2026-04-01,70,10.021,concluida,False
U0004,S000203,2026-04-20,2026-04-01,26,3.873,concluida,False
U0004,S000200,2026-04-20,2026-04-01,98,13.584,concluida,False
U0004,S000199,2026-04-21,2026-04-01,153,24.273,concluida,False
U0004,S000202,2026-04-23,2026-04-01,59,8.454,concluida,False
U0004,S000187,2026-04-23,2026-04-01,169,28.984,concluida,False
U0004,S000193,2026-04-25,2026-04-01,95,14.569,concluida,False
U0004,S000191,2026-04-25,2026-04-01,167,28.004,concluida,False
U0004,S000198,2026-04-27,2026-04-01,109,17.24,concluida,False
U0004,S000209,2026-05-07,2026-05-01,177,26.628,concluida,False
U0004,S000215,2026-05-07,2026-05-01,58,9.058,concluida,False
U0004,S000210,2026-05-10,2026-05-01,220,30.316,concluida,False
U0004,S000217,2026-05-11,2026-05-01,74,11.838,concluida,False
U0004,S000214,2026-05-12,2026-05-01,41,7.121,concluida,False
U0004,S000212,2026-05-12,2026-05-01,62,9.181,concluida,False
U0004,S000208,2026-05-16,2026-05-01,35,5.262,interrompida,False
U0004,S000219,2026-05-16,2026-05-01,127,17.54,concluida,False
U0004,S000220,2026-05-19,2026-05-01,169,28.175,concluida,False
U0004,S000218,2026-05-19,2026-05-01,130,20.293,concluida,False
U0004,S000216,2026-05-23,2026-05-01,58,9.685,concluida,False
U0004,S000211,2026-05-24,2026-05-01,128,21.185,concluida,False
U0004,S000213,2026-05-27,2026-05-01,73,11.859,concluida,False
U0004,S000207,2026-05-30,2026-05-01,84,13.771,concluida,False
U0004,S000222,2026-07-05,2026-07-01,61,9.998,interrompida,False
U0004,S000233,2026-07-07,2026-07-01,142,23.836,concluida,False
U0004,S000230,2026-07-10,2026-07-01,94,14.902,concluida,False
U0004,S000229,2026-07-11,2026-07-01,101,15.179,concluida,False
U0004,S000223,2026-07-15,2026-07-01,51,7.796,concluida,False
U0004,S000226,2026-07-15,2026-07-01,148,23.243,concluida,False
U0004,S000225,2026-07-18,2026-07-01,243,42.306,concluida,False
U0004,S000227,2026-07-20,2026-07-01,125,18.069,concluida,False
U0004,S000221,2026-07-24,2026-07-01,53,8.421,concluida,False
U0004,S000231,2026-07-27,2026-07-01,187,32.258,concluida,False
U0004,S000224,2026-07-28,2026-07-01,137,22.534,concluida,False
U0004,S000232,2026-07-31,2026-07-01,35,4.914,concluida,False
U0004,S000228,2026-07-31,2026-07-01,84,13.925,concluida,False
U0004,S000243,2026-08-10,2026-08-01,15,2.607,concluida,False
U0004,S000237,2026-08-14,2026-08-01,30,5.154,concluida,False
U0004,S000246,2026-08-19,2026-08-01,135,22.311,concluida,False
U0004,S000234,2026-08-20,2026-08-01,70,11.131,concluida,False
U0004,S000239,2026-08-21,2026-08-01,116,16.938,concluida,False
U0004,S000235,2026-08-21,2026-08-01,104,14.5,concluida,False
U0004,S000236,2026-08-22,2026-08-01,179,25.515,concluida,False
U0004,S000245,2026-08-24,2026-08-01,64,31.022,concluida,True
U0004,S000238,2026-08-25,2026-08-01,64,9.554,concluida,False
U0004,S000241,2026-08-27,2026-08-01,89,14.809,concluida,False
U0004,S000244,2026-08-28,2026-08-01,107,16.549,concluida,False
U0004,S000242,2026-08-29,2026-08-01,32,4.411,concluida,False
U0004,S000240,2026-08-30,2026-08-01,214,30.799,concluida,False
U0005,S000250,2026-03-02,2026-03-01,141,19.999,concluida,False
U0005,S000252,2026-03-08,2026-03-01,124,19.224,concluida,False
U0005,S000253,2026-03-14,2026-03-01,35,5.517,concluida,False
U0005,S000248,2026-03-16,2026-03-01,24,4.254,interrompida,False
U0005,S000247,2026-03-17,2026-03-01,158,22.228,concluida,False
U0005,S000251,2026-03-23,2026-03-01,184,29.609,concluida,False
U0005,S000254,2026-03-25,2026-03-01,76,12.346,concluida,False
U0005,S000249,2026-03-31,2026-03-01,139,71.878,concluida,True
U0005,S000255,2026-04-03,2026-04-01,317,50.145,concluida,False
U0005,S000259,2026-04-18,2026-04-01,308,49.948,concluida,False
U0005,S000256,2026-04-19,2026-04-01,67,9.581,concluida,False
U0005,S000257,2026-04-22,2026-04-01,91,14.905,concluida,False
U0005,S000258,2026-04-26,2026-04-01,64,9.864,concluida,False
U0005,S000262,2026-05-10,2026-05-01,78,11.24,concluida,False
U0005,S000263,2026-05-12,2026-05-01,198,30.002,concluida,False
U0005,S000261,2026-05-18,2026-05-01,46,7.901,concluida,False
U0005,S000260,2026-05-24,2026-05-01,92,14.601,concluida,False
U0005,S000268,2026-06-02,2026-06-01,119,19.243,concluida,False
U0005,S000271,2026-06-05,2026-06-01,95,16.523,concluida,False
U0005,S000269,2026-06-08,2026-06-01,91,12.737,concluida,False
U0005,S000270,2026-06-08,2026-06-01,277,38.537,concluida,False
U0005,S000267,2026-06-15,2026-06-01,76,10.882,concluida,False
U0005,S000272,2026-06-19,2026-06-01,100,16.583,concluida,False
U0005,S000274,2026-06-21,2026-06-01,26,3.982,concluida,False
U0005,S000264,2026-06-21,2026-06-01,156,23.439,concluida,False
U0005,S000266,2026-06-22,2026-06-01,105,16.534,concluida,False
U0005,S000273,2026-06-22,2026-06-01,79,11.503,concluida,False
U0005,S000265,2026-06-24,2026-06-01,231,38.833,concluida,False
U0005,S000276,2026-07-06,2026-07-01,103,16.194,concluida,False
U0005,S000282,2026-07-07,2026-07-01,107,15.458,concluida,False
U0005,S000285,2026-07-10,2026-07-01,29,4.37,concluida,False
U0005,S000278,2026-07-13,2026-07-01,59,8.664,concluida,False
U0005,S000280,2026-07-13,2026-07-01,11,1.767,interrompida,False
U0005,S000281,2026-07-16,2026-07-01,15,2.541,concluida,False
U0005,S000284,2026-07-18,2026-07-01,38,6.306,concluida,False
U0005,S000286,2026-07-25,2026-07-01,78,11.641,concluida,False
U0005,S000277,2026-07-26,2026-07-01,118,20.183,concluida,False
U0005,S000275,2026-07-26,2026-07-01,146,21.781,concluida,False
U0005,S000279,2026-07-28,2026-07-01,113,15.921,concluida,False
U0005,S000283,2026-07-30,2026-07-01,147,23.962,concluida,False
U0006,S000287,2026-03-01,2026-03-01,67,10.572,concluida,False
U0006,S000294,2026-03-01,2026-03-01,101,15.76,concluida,False
U0006,S000288,2026-03-05,2026-03-01,150,22.439,concluida,False
U0006,S000291,2026-03-06,2026-03-01,116,19.014,concluida,False
U0006,S000298,2026-03-07,2026-03-01,110,17.248,concluida,False
U0006,S000292,2026-03-17,2026-03-01,86,14.471,concluida,False
U0006,S000296,2026-03-17,2026-03-01,51,27.996,concluida,True
U0006,S000289,2026-03-18,2026-03-01,182,31.321,concluida,False
U0006,S000295,2026-03-22,2026-03-01,121,16.707,concluida,False
U0006,S000293,2026-03-25,2026-03-01,45,6.868,concluida,False
U0006,S000297,2026-03-26,2026-03-01,118,17.001,concluida,False
U0006,S000290,2026-03-31,2026-03-01,77,12.399,concluida,False
U0006,S000310,2026-04-01,2026-04-01,188,27.734,concluida,False
U0006,S000301,2026-04-02,2026-04-01,261,35.978,concluida,False
U0006,S000304,2026-04-02,2026-04-01,55,7.712,concluida,False
U0006,S000316,2026-04-04,2026-04-01,14,1.971,concluida,False
U0006,S000315,2026-04-04,2026-04-01,63,8.864,concluida,False
U0006,S000313,2026-04-05,2026-04-01,27,4.417,concluida,False
U0006,S000305,2026-04-06,2026-04-01,24,4.2,interrompida,False
U0006,S000303,2026-04-08,2026-04-01,121,20.636,concluida,False
U0006,S000309,2026-04-11,2026-04-01,49,8.119,concluida,False
U0006,S000314,2026-04-12,2026-04-01,37,5.212,concluida,False
U0006,S000299,2026-04-13,2026-04-01,60,9.493,concluida,False
U0006,S000308,2026-04-17,2026-04-01,26,4.504,concluida,False
U0006,S000311,2026-04-18,2026-04-01,79,12.113,concluida,False
U0006,S000302,2026-04-21,2026-04-01,105,15.713,concluida,False
U0006,S000300,2026-04-21,2026-04-01,31,5.038,interrompida,False
U0006,S000307,2026-04-22,2026-04-01,79,12.428,concluida,False
U0006,S000312,2026-04-25,2026-04-01,37,5.488,concluida,False
U0006,S000306,2026-04-30,2026-04-01,163,24.201,concluida,False
U0006,S000317,2026-05-01,2026-05-01,59,9.008,concluida,False
U0006,S000319,2026-05-09,2026-05-01,23,3.286,concluida,False
U0006,S000326,2026-05-11,2026-05-01,85,12.561,concluida,False
U0006,S000322,2026-05-11,2026-05-01,91,14.582,concluida,False
U0006,S000324,2026-05-11,2026-05-01,21,3.617,concluida,False
U0006,S000323,2026-05-14,2026-05-01,48,8.049,concluida,False
U0006,S000320,2026-05-16,2026-05-01,79,11.085,concluida,False
U0006,S000327,2026-05-19,2026-05-01,84,12.104,concluida,False
U0006,S000318,2026-05-19,2026-05-01,202,29.031,concluida,False
U0006,S000321,2026-05-20,2026-05-01,117,16.926,concluida,False
U0006,S000329,2026-05-27,2026-05-01,49,8.167,concluida,False
U0006,S000325,2026-05-31,2026-05-01,117,17.338,concluida,False
U0006,S000328,2026-05-31,2026-05-01,102,14.809,concluida,False
U0006,S000335,2026-06-04,2026-06-01,58,8.185,concluida,False
U0006,S000338,2026-06-04,2026-06-01,74,12.727,concluida,False
U0006,S000333,2026-06-04,2026-06-01,37,5.424,concluida,False
U0006,S000343,2026-06-08,2026-06-01,55,8.379,concluida,False
U0006,S000330,2026-06-09,2026-06-01,122,17.465,concluida,False
U0006,S000340,2026-06-11,2026-06-01,30,4.455,concluida,False
U0006,S000337,2026-06-12,2026-06-01,55,8.536,concluida,False
U0006,S000344,2026-06-13,2026-06-01,111,18.264,concluida,False
U0006,S000345,2026-06-13,2026-06-01,66,10.78,concluida,False
U0006,S000336,2026-06-15,2026-06-01,107,16.247,concluida,False
U0006,S000342,2026-06-17,2026-06-01,119,18.771,concluida,False
U0006,S000332,2026-06-18,2026-06-01,124,20.645,concluida,False
U0006,S000334,2026-06-19,2026-06-01,142,23.052,concluida,False
U0006,S000346,2026-06-19,2026-06-01,43,7.173,concluida,False
U0006,S000331,2026-06-20,2026-06-01,101,16.044,concluida,False
U0006,S000341,2026-06-21,2026-06-01,109,17.694,concluida,False
U0006,S000339,2026-06-26,2026-06-01,121,18.95,concluida,False
U0006,S000347,2026-07-09,2026-07-01,58,9.81,concluida,False
U0006,S000352,2026-07-14,2026-07-01,47,7.301,concluida,False
U0006,S000348,2026-07-20,2026-07-01,165,26.239,concluida,False
U0006,S000350,2026-07-22,2026-07-01,138,20.56,concluida,False
U0006,S000351,2026-07-23,2026-07-01,254,39.682,concluida,False
U0006,S000349,2026-07-27,2026-07-01,99,16.175,concluida,False
U0006,S000359,2026-08-09,2026-08-01,130,20.464,concluida,False
U0006,S000356,2026-08-14,2026-08-01,97,16.325,concluida,False
U0006,S000353,2026-08-18,2026-08-01,134,20.831,concluida,False
U0006,S000358,2026-08-19,2026-08-01,125,20.728,concluida,False
U0006,S000354,2026-08-20,2026-08-01,66,11.17,concluida,False
U0006,S000357,2026-08-26,2026-08-01,42,6.224,interrompida,False
U0006,S000355,2026-08-27,2026-08-01,33,5.704,concluida,False
U0007,S000361,2026-03-10,2026-03-01,108,37.615,concluida,False
U0007,S000362,2026-03-15,2026-03-01,93,32.354,concluida,False
U0007,S000360,2026-03-18,2026-03-01,36,12.513,concluida,False
U0007,S000364,2026-03-27,2026-03-01,177,59.13,concluida,False
U0007,S000363,2026-03-28,2026-03-01,70,22.383,concluida,False
U0007,S000366,2026-04-05,2026-04-01,92,30.601,concluida,False
U0007,S000365,2026-04-11,2026-04-01,94,27.867,concluida,False
U0007,S000367,2026-04-23,2026-04-01,91,25.91,concluida,False
U0007,S000368,2026-04-25,2026-04-01,148,48.039,concluida,False
U0007,S000371,2026-05-11,2026-05-01,110,30.27,concluida,False
U0007,S000369,2026-05-13,2026-05-01,125,35.067,concluida,False
U0007,S000370,2026-05-17,2026-05-01,96,28.359,concluida,False
U0007,S000372,2026-05-21,2026-05-01,54,17.611,concluida,False
U0007,S000375,2026-06-02,2026-06-01,62,77.482,concluida,True
U0007,S000376,2026-06-15,2026-06-01,77,21.179,concluida,False
U0007,S000374,2026-06-19,2026-06-01,75,23.294,concluida,False
U0007,S000373,2026-06-27,2026-06-01,102,31.75,concluida,False
U0007,S000379,2026-07-02,2026-07-01,64,20.536,concluida,False
U0007,S000383,2026-07-04,2026-07-01,91,27.478,concluida,False
U0007,S000385,2026-07-12,2026-07-01,91,26.447,concluida,False
U0007,S000381,2026-07-17,2026-07-01,12,3.956,interrompida,False
U0007,S000384,2026-07-21,2026-07-01,40,39.681,concluida,True
U0007,S000378,2026-07-21,2026-07-01,23,6.747,concluida,False
U0007,S000380,2026-07-21,2026-07-01,38,12.484,interrompida,False
U0007,S000382,2026-07-23,2026-07-01,47,14.571,concluida,False
U0007,S000377,2026-07-29,2026-07-01,41,12.183,concluida,False
U0007,S000394,2026-08-01,2026-08-01,178,49.832,concluida,False
U0007,S000388,2026-08-08,2026-08-01,95,30.312,concluida,False
U0007,S000387,2026-08-12,2026-08-01,62,18.48,concluida,False
U0007,S000393,2026-08-12,2026-08-01,48,15.604,concluida,False
U0007,S000392,2026-08-12,2026-08-01,35,10.437,concluida,False
U0007,S000391,2026-08-16,2026-08-01,104,29.46,concluida,False
U0007,S000390,2026-08-24,2026-08-01,73,21.657,concluida,False
U0007,S000389,2026-08-28,2026-08-01,56,18.104,concluida,False
U0007,S000386,2026-08-28,2026-08-01,278,78.217,concluida,False
U0007,S000395,2026-08-31,2026-08-01,140,42.586,concluida,False
U0008,S000406,2026-03-02,2026-03-01,148,50.027,concluida,False
U0008,S000397,2026-03-03,2026-03-01,121,33.976,concluida,False
U0008,S000400,2026-03-03,2026-03-01,109,33.448,concluida,False
U0008,S000402,2026-03-06,2026-03-01,53,18.279,concluida,False
U0008,S000403,2026-03-06,2026-03-01,267,75.91,concluida,False
U0008,S000405,2026-03-09,2026-03-01,112,38.808,concluida,False
U0008,S000399,2026-03-10,2026-03-01,96,29.48,concluida,False
U0008,S000398,2026-03-18,2026-03-01,279,84.719,concluida,False
U0008,S000401,2026-03-22,2026-03-01,73,63.851,concluida,True
U0008,S000396,2026-03-23,2026-03-01,190,53.398,concluida,False
U0008,S000404,2026-03-25,2026-03-01,43,11.918,concluida,False
U0008,S000408,2026-04-02,2026-04-01,141,42.539,concluida,False
U0008,S000411,2026-04-04,2026-04-01,112,36.33,concluida,False
U0008,S000407,2026-04-08,2026-04-01,124,38.727,concluida,False
U0008,S000410,2026-04-08,2026-04-01,60,20.53,concluida,False
U0008,S000413,2026-04-11,2026-04-01,31,9.946,interrompida,False
U0008,S000412,2026-04-13,2026-04-01,228,77.363,concluida,False
U0008,S000409,2026-04-18,2026-04-01,118,40.359,concluida,False
U0008,S000414,2026-04-24,2026-04-01,116,33.964,concluida,False
U0008,S000415,2026-04-24,2026-04-01,81,25.522,concluida,False
U0008,S000417,2026-05-01,2026-05-01,179,57.853,concluida,False
U0008,S000418,2026-05-07,2026-05-01,62,21.52,concluida,False
U0008,S000416,2026-05-08,2026-05-01,52,15.621,concluida,False
U0008,S000424,2026-05-09,2026-05-01,157,44.035,concluida,False
U0008,S000422,2026-05-14,2026-05-01,73,25.237,concluida,False
U0008,S000421,2026-05-17,2026-05-01,141,45.364,concluida,False
U0008,S000420,2026-05-23,2026-05-01,135,40.813,concluida,False
U0008,S000419,2026-05-23,2026-05-01,55,15.5,concluida,False
U0008,S000423,2026-05-30,2026-05-01,106,32.205,concluida,False
U0008,S000430,2026-06-01,2026-06-01,93,31.403,concluida,False
U0008,S000425,2026-06-04,2026-06-01,65,20.018,concluida,False
U0008,S000432,2026-06-05,2026-06-01,205,68.758,concluida,False
U0008,S000427,2026-06-06,2026-06-01,267,86.858,concluida,False
U0008,S000434,2026-06-07,2026-06-01,86,27.724,concluida,False
U0008,S000428,2026-06-07,2026-06-01,180,60.807,concluida,False
U0008,S000429,2026-06-13,2026-06-01,53,14.765,concluida,False
U0008,S000431,2026-06-15,2026-06-01,98,122.582,concluida,True
U0008,S000433,2026-06-19,2026-06-01,88,25.87,concluida,False
U0008,S000426,2026-06-25,2026-06-01,329,101.378,concluida,False
U0008,S000443,2026-07-02,2026-07-01,91,31.642,concluida,False
U0008,S000451,2026-07-02,2026-07-01,12,3.43,concluida,False
U0008,S000449,2026-07-02,2026-07-01,155,139.178,concluida,True
U0008,S000435,2026-07-04,2026-07-01,181,62.282,concluida,False
U0008,S000446,2026-07-06,2026-07-01,111,35.348,concluida,False
U0008,S000444,2026-07-06,2026-07-01,235,68.896,concluida,False
U0008,S000442,2026-07-09,2026-07-01,66,18.276,concluida,False
U0008,S000439,2026-07-09,2026-07-01,101,28.791,concluida,False
U0008,S000441,2026-07-18,2026-07-01,125,38.818,concluida,False
U0008,S000438,2026-07-21,2026-07-01,212,66.056,concluida,False
U0008,S000440,2026-07-21,2026-07-01,7,2.49,interrompida,False
U0008,S000447,2026-07-23,2026-07-01,87,26.169,concluida,False
U0008,S000445,2026-07-25,2026-07-01,47,14.909,concluida,False
U0008,S000448,2026-07-27,2026-07-01,82,27.852,concluida,False
U0008,S000436,2026-07-27,2026-07-01,66,20.15,interrompida,False
U0008,S000452,2026-07-28,2026-07-01,153,51.732,concluida,False
U0008,S000437,2026-07-30,2026-07-01,247,72.906,concluida,False
U0008,S000450,2026-07-30,2026-07-01,54,15.648,concluida,False
U0008,S000456,2026-08-05,2026-08-01,176,57.807,concluida,False
U0008,S000455,2026-08-08,2026-08-01,28,8.909,concluida,False
U0008,S000459,2026-08-08,2026-08-01,103,35.745,concluida,False
U0008,S000461,2026-08-09,2026-08-01,120,35.196,concluida,False
U0008,S000453,2026-08-19,2026-08-01,146,43.753,concluida,False
U0008,S000458,2026-08-21,2026-08-01,175,49.461,concluida,False
U0008,S000454,2026-08-26,2026-08-01,38,13.127,concluida,False
U0008,S000460,2026-08-27,2026-08-01,73,23.662,concluida,False
U0008,S000457,2026-08-28,2026-08-01,48,16.753,interrompida,False
U0009,S000462,2026-03-02,2026-03-01,94,14.435,concluida,False
U0009,S000465,2026-03-03,2026-03-01,54,9.1,concluida,False
U0009,S000466,2026-03-03,2026-03-01,113,16.242,concluida,False
U0009,S000471,2026-03-05,2026-03-01,175,26.378,concluida,False
U0009,S000472,2026-03-07,2026-03-01,156,21.597,concluida,False
U0009,S000469,2026-03-11,2026-03-01,88,15.244,concluida,False
U0009,S000467,2026-03-11,2026-03-01,79,13.717,concluida,False
U0009,S000473,2026-03-16,2026-03-01,60,8.504,concluida,False
U0009,S000463,2026-03-16,2026-03-01,57,8.629,concluida,False
U0009,S000470,2026-03-22,2026-03-01,71,10.537,concluida,False
U0009,S000464,2026-03-26,2026-03-01,61,9.68,concluida,False
U0009,S000468,2026-03-31,2026-03-01,153,21.963,concluida,False
U0009,S000484,2026-04-03,2026-04-01,130,20.527,concluida,False
U0009,S000474,2026-04-03,2026-04-01,123,19.367,concluida,False
U0009,S000481,2026-04-04,2026-04-01,121,18.63,concluida,False
U0009,S000475,2026-04-06,2026-04-01,52,7.235,concluida,False
U0009,S000483,2026-04-07,2026-04-01,161,25.84,concluida,False
U0009,S000480,2026-04-17,2026-04-01,88,15.005,concluida,False
U0009,S000476,2026-04-19,2026-04-01,75,10.728,concluida,False
U0009,S000479,2026-04-19,2026-04-01,44,6.43,concluida,False
U0009,S000477,2026-04-26,2026-04-01,72,10.993,concluida,False
U0009,S000482,2026-04-26,2026-04-01,83,11.797,concluida,False
U0009,S000478,2026-04-27,2026-04-01,267,44.725,concluida,False
U0009,S000485,2026-04-30,2026-04-01,113,15.589,concluida,False
U0009,S000489,2026-05-02,2026-05-01,92,13.579,concluida,False
U0009,S000490,2026-05-02,2026-05-01,80,13.609,concluida,False
U0009,S000496,2026-05-03,2026-05-01,110,17.987,concluida,False
U0009,S000493,2026-05-05,2026-05-01,210,36.376,concluida,False
U0009,S000497,2026-05-06,2026-05-01,79,13.398,concluida,False
U0009,S000502,2026-05-10,2026-05-01,118,17.898,concluida,False
U0009,S000501,2026-05-12,2026-05-01,103,17.326,concluida,False
U0009,S000486,2026-05-14,2026-05-01,46,6.575,concluida,False
U0009,S000498,2026-05-15,2026-05-01,100,17.116,concluida,False
U0009,S000500,2026-05-16,2026-05-01,125,19.232,concluida,False
U0009,S000499,2026-05-17,2026-05-01,253,40.682,concluida,False
U0009,S000494,2026-05-24,2026-05-01,50,7.984,concluida,False
U0009,S000495,2026-05-24,2026-05-01,113,18.684,concluida,False
U0009,S000492,2026-05-27,2026-05-01,181,30.583,concluida,False
U0009,S000488,2026-05-29,2026-05-01,188,27.671,concluida,False
U0009,S000491,2026-05-30,2026-05-01,43,7.344,interrompida,False
U0009,S000487,2026-05-30,2026-05-01,174,27.515,concluida,False
U0009,S000510,2026-06-03,2026-06-01,98,17.027,concluida,False
U0009,S000515,2026-06-11,2026-06-01,141,23.076,concluida,False
U0009,S000507,2026-06-15,2026-06-01,153,22.262,concluida,False
U0009,S000509,2026-06-18,2026-06-01,50,7.964,concluida,False
U0009,S000508,2026-06-19,2026-06-01,66,9.093,concluida,False
U0009,S000505,2026-06-21,2026-06-01,20,3.249,interrompida,False
U0009,S000503,2026-06-21,2026-06-01,80,12.988,concluida,False
U0009,S000511,2026-06-21,2026-06-01,28,4.828,concluida,False
U0009,S000513,2026-06-22,2026-06-01,120,19.674,concluida,False
U0009,S000506,2026-06-23,2026-06-01,119,19.167,concluida,False
U0009,S000504,2026-06-28,2026-06-01,150,25.944,concluida,False
U0009,S000512,2026-06-29,2026-06-01,145,24.22,concluida,False
U0009,S000516,2026-06-30,2026-06-01,60,9.039,concluida,False
U0009,S000514,2026-06-30,2026-06-01,154,23.46,concluida,False
U0009,S000525,2026-07-01,2026-07-01,119,17.556,concluida,False
U0009,S000529,2026-07-01,2026-07-01,81,11.15,concluida,False
U0009,S000517,2026-07-10,2026-07-01,114,17.643,concluida,False
U0009,S000530,2026-07-10,2026-07-01,18,2.543,concluida,False
U0009,S000533,2026-07-12,2026-07-01,170,24.55,concluida,False
U0009,S000527,2026-07-13,2026-07-01,87,15.042,concluida,False
U0009,S000522,2026-07-14,2026-07-01,107,18.129,concluida,False
U0009,S000523,2026-07-14,2026-07-01,46,7.831,concluida,False
U0009,S000532,2026-07-14,2026-07-01,93,15.129,concluida,False
U0009,S000521,2026-07-16,2026-07-01,153,22.129,concluida,False
U0009,S000526,2026-07-16,2026-07-01,101,16.715,concluida,False
U0009,S000520,2026-07-19,2026-07-01,346,53.459,concluida,False
U0009,S000519,2026-07-24,2026-07-01,135,20.083,concluida,False
U0009,S000528,2026-07-24,2026-07-01,83,14.304,concluida,False
U0009,S000524,2026-07-25,2026-07-01,145,22.53,concluida,False
U0009,S000531,2026-07-27,2026-07-01,82,12.172,concluida,False
U0009,S000518,2026-07-31,2026-07-01,176,30.005,concluida,False
U0009,S000543,2026-08-02,2026-08-01,51,7.941,concluida,False
U0009,S000538,2026-08-04,2026-08-01,60,8.806,concluida,False
U0009,S000541,2026-08-04,2026-08-01,101,14.281,concluida,False
U0009,S000535,2026-08-04,2026-08-01,51,8.342,concluida,False
U0009,S000545,2026-08-05,2026-08-01,125,20.76,concluida,False
U0009,S000544,2026-08-08,2026-08-01,76,10.486,concluida,False
U0009,S000534,2026-08-08,2026-08-01,64,11.111,concluida,False
U0009,S000539,2026-08-10,2026-08-01,144,23.294,concluida,False
U0009,S000540,2026-08-14,2026-08-01,211,35.965,concluida,False
U0009,S000537,2026-08-21,2026-08-01,72,9.952,concluida,False
U0009,S000546,2026-08-21,2026-08-01,84,12.957,concluida,False
U0009,S000536,2026-08-25,2026-08-01,109,17.478,concluida,False
U0009,S000542,2026-08-27,2026-08-01,62,10.737,concluida,False
U0010,S000554,2026-03-06,2026-03-01,85,25.742,concluida,False
U0010,S000556,2026-03-09,2026-03-01,165,49.177,concluida,False
U0010,S000551,2026-03-13,2026-03-01,119,35.097,concluida,False
U0010,S000555,2026-03-16,2026-03-01,147,45.687,concluida,False
U0010,S000552,2026-03-21,2026-03-01,162,54.017,concluida,False
U0010,S000549,2026-03-22,2026-03-01,98,28.175,concluida,False
U0010,S000548,2026-03-24,2026-03-01,65,18.328,concluida,False
U0010,S000547,2026-03-28,2026-03-01,94,31.725,concluida,False
U0010,S000550,2026-03-29,2026-03-01,160,45.091,concluida,False
U0010,S000553,2026-03-31,2026-03-01,60,17.201,concluida,False
U0010,S000561,2026-04-03,2026-04-01,69,21.463,concluida,False
U0010,S000559,2026-04-05,2026-04-01,58,19.465,concluida,False
U0010,S000558,2026-04-14,2026-04-01,84,27.576,concluida,False
U0010,S000562,2026-04-17,2026-04-01,87,27.437,concluida,False
U0010,S000560,2026-04-21,2026-04-01,248,71.054,concluida,False
U0010,S000557,2026-04-22,2026-04-01,173,51.867,concluida,False
U0010,S000564,2026-05-16,2026-05-01,88,28.416,concluida,False
U0010,S000563,2026-05-26,2026-05-01,118,36.328,concluida,False
U0010,S000565,2026-05-27,2026-05-01,107,35.638,concluida,False
U0010,S000573,2026-06-02,2026-06-01,30,9.643,concluida,False
U0010,S000571,2026-06-04,2026-06-01,256,81.868,concluida,False
U0010,S000572,2026-06-07,2026-06-01,173,58.036,concluida,False
U0010,S000569,2026-06-12,2026-06-01,142,45.649,concluida,False
U0010,S000574,2026-06-15,2026-06-01,107,34.049,concluida,False
U0010,S000575,2026-06-17,2026-06-01,74,20.614,concluida,False
U0010,S000566,2026-06-21,2026-06-01,55,16.965,concluida,False
U0010,S000570,2026-06-23,2026-06-01,77,21.433,concluida,False
U0010,S000568,2026-06-23,2026-06-01,19,5.384,concluida,False
U0010,S000577,2026-06-24,2026-06-01,86,24.46,concluida,False
U0010,S000567,2026-06-28,2026-06-01,62,18.559,concluida,False
U0010,S000576,2026-06-30,2026-06-01,110,36.551,concluida,False
U0010,S000581,2026-07-07,2026-07-01,300,96.232,concluida,False
U0010,S000586,2026-07-09,2026-07-01,59,19.624,concluida,False
U0010,S000579,2026-07-10,2026-07-01,177,59.121,concluida,False
U0010,S000588,2026-07-12,2026-07-01,151,46.537,concluida,False
U0010,S000578,2026-07-14,2026-07-01,41,14.029,concluida,False
U0010,S000584,2026-07-22,2026-07-01,171,58.234,concluida,False
U0010,S000590,2026-07-23,2026-07-01,63,17.542,concluida,False
U0010,S000582,2026-07-23,2026-07-01,104,36.037,concluida,False
U0010,S000583,2026-07-23,2026-07-01,158,52.265,concluida,False
U0010,S000589,2026-07-24,2026-07-01,119,37.623,concluida,False
U0010,S000585,2026-07-26,2026-07-01,9,2.933,interrompida,False
U0010,S000587,2026-07-27,2026-07-01,65,21.167,concluida,False
U0010,S000580,2026-07-27,2026-07-01,82,25.844,concluida,False
U0010,S000594,2026-08-06,2026-08-01,81,26.641,concluida,False
U0010,S000596,2026-08-15,2026-08-01,38,13.102,interrompida,False
U0010,S000597,2026-08-16,2026-08-01,84,26.628,concluida,False
U0010,S000595,2026-08-18,2026-08-01,84,23.901,concluida,False
U0010,S000593,2026-08-25,2026-08-01,69,23.854,concluida,False
U0010,S000592,2026-08-27,2026-08-01,85,29.057,concluida,False
U0010,S000591,2026-08-31,2026-08-01,99,27.616,concluida,False
U0011,S000599,2026-03-03,2026-03-01,94,27.375,concluida,False
U0011,S000601,2026-03-04,2026-03-01,163,48.961,concluida,False
U0011,S000600,2026-03-10,2026-03-01,93,32.056,concluida,False
U0011,S000605,2026-03-11,2026-03-01,97,27.261,concluida,False
U0011,S000603,2026-03-13,2026-03-01,145,45.62,concluida,False
U0011,S000604,2026-03-17,2026-03-01,41,12.805,concluida,False
U0011,S000606,2026-03-21,2026-03-01,113,32.822,concluida,False
U0011,S000607,2026-03-27,2026-03-01,48,13.924,concluida,False
U0011,S000602,2026-03-31,2026-03-01,43,13.977,concluida,False
U0011,S000598,2026-03-31,2026-03-01,97,30.378,concluida,False
U0011,S000611,2026-04-15,2026-04-01,60,18.28,concluida,False
U0011,S000610,2026-04-18,2026-04-01,165,52.332,concluida,False
U0011,S000608,2026-04-21,2026-04-01,52,17.884,concluida,False
U0011,S000609,2026-04-23,2026-04-01,173,48.056,concluida,False
U0011,S000620,2026-05-06,2026-05-01,72,20.966,concluida,False
U0011,S000614,2026-05-10,2026-05-01,45,15.433,concluida,False
U0011,S000613,2026-05-12,2026-05-01,54,16.841,concluida,False
U0011,S000615,2026-05-16,2026-05-01,167,52.458,concluida,False
U0011,S000618,2026-05-19,2026-05-01,33,10.029,concluida,False
U0011,S000622,2026-05-21,2026-05-01,160,44.858,concluida,False
U0011,S000612,2026-05-21,2026-05-01,126,40.364,concluida,False
U0011,S000621,2026-05-22,2026-05-01,123,38.942,concluida,False
U0011,S000623,2026-05-24,2026-05-01,218,67.739,concluida,False
U0011,S000619,2026-05-24,2026-05-01,33,11.262,concluida,False
U0011,S000617,2026-05-31,2026-05-01,86,27.141,concluida,False
U0011,S000616,2026-05-31,2026-05-01,118,33.697,concluida,False
U0011,S000634,2026-06-05,2026-06-01,80,24.94,concluida,False
U0011,S000629,2026-06-06,2026-06-01,10,3.195,concluida,False
U0011,S000638,2026-06-08,2026-06-01,137,40.331,concluida,False
U0011,S000624,2026-06-10,2026-06-01,212,59.385,concluida,False
U0011,S000625,2026-06-20,2026-06-01,56,16.655,concluida,False
U0011,S000633,2026-06-21,2026-06-01,212,60.611,concluida,False
U0011,S000635,2026-06-22,2026-06-01,104,35.067,concluida,False
U0011,S000627,2026-06-23,2026-06-01,100,32.199,concluida,False
U0011,S000637,2026-06-24,2026-06-01,108,33.529,concluida,False
U0011,S000636,2026-06-25,2026-06-01,16,4.565,concluida,False
U0011,S000632,2026-06-25,2026-06-01,25,7.45,interrompida,False
U0011,S000626,2026-06-26,2026-06-01,24,8.287,concluida,False
U0011,S000630,2026-06-29,2026-06-01,127,36.754,concluida,False
U0011,S000631,2026-06-29,2026-06-01,90,30.357,concluida,False
U0011,S000628,2026-06-29,2026-06-01,81,25.024,concluida,False
U0011,S000648,2026-07-02,2026-07-01,79,25.047,concluida,False
U0011,S000640,2026-07-04,2026-07-01,225,77.854,concluida,False
U0011,S000645,2026-07-07,2026-07-01,47,13.569,concluida,False
U0011,S000639,2026-07-13,2026-07-01,137,46.897,concluida,False
U0011,S000647,2026-07-16,2026-07-01,215,68.44,concluida,False
U0011,S000642,2026-07-17,2026-07-01,127,38.43,concluida,False
U0011,S000644,2026-07-17,2026-07-01,114,32.512,concluida,False
U0011,S000641,2026-07-19,2026-07-01,87,27.563,concluida,False
U0011,S000646,2026-07-22,2026-07-01,37,11.3,concluida,False
U0011,S000643,2026-07-27,2026-07-01,96,28.829,concluida,False
U0011,S000649,2026-07-29,2026-07-01,22,6.287,concluida,False
U0011,S000657,2026-08-03,2026-08-01,116,37.509,concluida,False
U0011,S000652,2026-08-06,2026-08-01,66,22.169,concluida,False
U0011,S000655,2026-08-07,2026-08-01,88,29.747,concluida,False
U0011,S000650,2026-08-20,2026-08-01,43,13.836,concluida,False
U0011,S000653,2026-08-20,2026-08-01,106,33.121,concluida,False
U0011,S000654,2026-08-20,2026-08-01,64,17.923,concluida,False
U0011,S000656,2026-08-20,2026-08-01,121,34.849,concluida,False
U0011,S000651,2026-08-31,2026-08-01,84,24.434,concluida,False
U0012,S000658,2026-04-17,2026-04-01,122,36.864,concluida,False
U0012,S000659,2026-04-26,2026-04-01,119,39.615,concluida,False
U0012,S000661,2026-05-10,2026-05-01,206,69.895,concluida,False
U0012,S000660,2026-05-14,2026-05-01,94,27.604,concluida,False
U0012,S000662,2026-05-19,2026-05-01,56,16.072,interrompida,False
U0012,S000663,2026-06-04,2026-06-01,153,46.856,concluida,False
U0012,S000665,2026-06-14,2026-06-01,272,90.434,concluida,False
U0012,S000664,2026-06-19,2026-06-01,69,22.071,concluida,False
U0012,S000669,2026-07-06,2026-07-01,18,6.309,interrompida,False
U0012,S000666,2026-07-10,2026-07-01,79,23.72,concluida,False
U0012,S000668,2026-07-17,2026-07-01,102,33.93,concluida,False
U0012,S000667,2026-07-24,2026-07-01,108,33.237,concluida,False
U0012,S000670,2026-08-03,2026-08-01,29,8.535,concluida,False
U0012,S000671,2026-08-30,2026-08-01,71,22.722,concluida,False
U0013,S000673,2026-03-07,2026-03-01,99,11.072,concluida,False
U0013,S000678,2026-03-08,2026-03-01,105,12.207,concluida,False
U0013,S000679,2026-03-09,2026-03-01,166,17.022,concluida,False
U0013,S000675,2026-03-09,2026-03-01,156,15.967,concluida,False
U0013,S000680,2026-03-11,2026-03-01,142,15.947,concluida,False
U0013,S000683,2026-03-16,2026-03-01,138,13.643,concluida,False
U0013,S000676,2026-03-17,2026-03-01,38,4.206,concluida,False
U0013,S000672,2026-03-21,2026-03-01,219,22.629,concluida,False
U0013,S000674,2026-03-22,2026-03-01,82,8.313,concluida,False
U0013,S000684,2026-03-22,2026-03-01,10,0.982,concluida,False
U0013,S000681,2026-03-23,2026-03-01,64,7.445,concluida,False
U0013,S000677,2026-03-24,2026-03-01,115,12.224,concluida,False
U0013,S000682,2026-03-31,2026-03-01,26,2.699,concluida,False
U0013,S000686,2026-04-03,2026-04-01,148,17.09,concluida,False
U0013,S000687,2026-04-06,2026-04-01,151,16.512,concluida,False
U0013,S000688,2026-04-08,2026-04-01,130,12.801,concluida,False
U0013,S000691,2026-04-12,2026-04-01,123,12.334,concluida,False
U0013,S000692,2026-04-16,2026-04-01,64,7.474,concluida,False
U0013,S000694,2026-04-17,2026-04-01,146,14.923,concluida,False
U0013,S000690,2026-04-22,2026-04-01,15,1.607,interrompida,False
U0013,S000685,2026-04-23,2026-04-01,181,17.918,concluida,False
U0013,S000693,2026-04-25,2026-04-01,28,2.679,concluida,False
U0013,S000689,2026-04-27,2026-04-01,204,20.662,concluida,False
U0013,S000704,2026-05-04,2026-05-01,121,11.68,concluida,False
U0013,S000701,2026-05-05,2026-05-01,121,14.055,concluida,False
U0013,S000698,2026-05-07,2026-05-01,137,15.04,concluida,False
U0013,S000697,2026-05-09,2026-05-01,71,8.246,concluida,False
U0013,S000696,2026-05-11,2026-05-01,162,17.434,concluida,False
U0013,S000695,2026-05-11,2026-05-01,169,15.668,concluida,False
U0013,S000706,2026-05-12,2026-05-01,95,9.752,concluida,False
U0013,S000702,2026-05-14,2026-05-01,65,6.228,concluida,False
U0013,S000699,2026-05-15,2026-05-01,167,17.801,concluida,False
U0013,S000705,2026-05-15,2026-05-01,240,24.181,concluida,False
U0013,S000700,2026-05-24,2026-05-01,157,17.636,concluida,False
U0013,S000703,2026-05-26,2026-05-01,89,8.891,concluida,False
U0013,S000716,2026-06-04,2026-06-01,60,6.465,concluida,False
U0013,S000714,2026-06-07,2026-06-01,51,5.217,concluida,False
U0013,S000717,2026-06-10,2026-06-01,197,19.425,concluida,False
U0013,S000713,2026-06-14,2026-06-01,97,9.426,interrompida,False
U0013,S000718,2026-06-17,2026-06-01,54,5.316,interrompida,False
U0013,S000715,2026-06-18,2026-06-01,240,22.356,concluida,False
U0013,S000711,2026-06-21,2026-06-01,97,10.672,concluida,False
U0013,S000707,2026-06-25,2026-06-01,42,4.253,concluida,False
U0013,S000712,2026-06-25,2026-06-01,61,7.055,concluida,False
U0013,S000710,2026-06-28,2026-06-01,253,23.848,concluida,False
U0013,S000709,2026-06-28,2026-06-01,172,18.628,concluida,False
U0013,S000708,2026-06-29,2026-06-01,46,4.687,concluida,False
U0013,S000723,2026-07-01,2026-07-01,53,5.587,concluida,False
U0013,S000728,2026-07-03,2026-07-01,54,5.828,concluida,False
U0013,S000727,2026-07-06,2026-07-01,105,11.622,concluida,False
U0013,S000732,2026-07-06,2026-07-01,110,10.94,concluida,False
U0013,S000730,2026-07-06,2026-07-01,164,16.342,concluida,False
U0013,S000733,2026-07-08,2026-07-01,95,9.141,concluida,False
U0013,S000729,2026-07-10,2026-07-01,179,19.838,concluida,False
U0013,S000725,2026-07-10,2026-07-01,98,10.916,concluida,False
U0013,S000724,2026-07-16,2026-07-01,60,5.562,concluida,False
U0013,S000721,2026-07-17,2026-07-01,209,22.629,concluida,False
U0013,S000726,2026-07-18,2026-07-01,117,11.367,concluida,False
U0013,S000720,2026-07-19,2026-07-01,26,2.698,concluida,False
U0013,S000731,2026-07-23,2026-07-01,81,8.476,concluida,False
U0013,S000722,2026-07-26,2026-07-01,62,6.411,concluida,False
U0013,S000719,2026-07-28,2026-07-01,67,7.743,concluida,False
U0013,S000735,2026-08-02,2026-08-01,52,5.805,concluida,False
U0013,S000741,2026-08-07,2026-08-01,58,6.635,concluida,False
U0013,S000742,2026-08-08,2026-08-01,29,3.035,interrompida,False
U0013,S000734,2026-08-12,2026-08-01,11,1.284,interrompida,False
U0013,S000737,2026-08-13,2026-08-01,225,26.224,concluida,False
U0013,S000739,2026-08-13,2026-08-01,147,17.083,concluida,False
U0013,S000738,2026-08-15,2026-08-01,67,7.472,concluida,False
U0013,S000744,2026-08-23,2026-08-01,162,15.604,concluida,False
U0013,S000740,2026-08-24,2026-08-01,48,5.091,concluida,False
U0013,S000743,2026-08-26,2026-08-01,219,20.306,concluida,False
U0013,S000736,2026-08-29,2026-08-01,85,33.228,concluida,True
U0014,S000758,2026-03-02,2026-03-01,127,143.542,concluida,True
U0014,S000746,2026-03-05,2026-03-01,102,29.79,concluida,False
U0014,S000749,2026-03-07,2026-03-01,110,31.755,concluida,False
U0014,S000753,2026-03-11,2026-03-01,104,29.083,concluida,False
U0014,S000755,2026-03-14,2026-03-01,93,27.771,concluida,False
U0014,S000751,2026-03-15,2026-03-01,56,18.765,concluida,False
U0014,S000754,2026-03-17,2026-03-01,59,18.378,concluida,False
U0014,S000760,2026-03-18,2026-03-01,46,15.815,concluida,False
U0014,S000757,2026-03-19,2026-03-01,46,15.471,concluida,False
U0014,S000752,2026-03-24,2026-03-01,127,43.148,concluida,False
U0014,S000748,2026-03-24,2026-03-01,13,3.843,interrompida,False
U0014,S000747,2026-03-26,2026-03-01,229,70.343,concluida,False
U0014,S000756,2026-03-27,2026-03-01,38,11.025,interrompida,False
U0014,S000761,2026-03-27,2026-03-01,42,12.369,concluida,False
U0014,S000750,2026-03-28,2026-03-01,277,88.336,concluida,False
U0014,S000745,2026-03-30,2026-03-01,122,39.143,concluida,False
U0014,S000759,2026-03-30,2026-03-01,45,15.121,concluida,False
U0014,S000769,2026-04-12,2026-04-01,216,66.488,concluida,False
U0014,S000762,2026-04-17,2026-04-01,60,16.945,concluida,False
U0014,S000763,2026-04-17,2026-04-01,163,47.799,concluida,False
U0014,S000767,2026-04-18,2026-04-01,94,31.674,concluida,False
U0014,S000768,2026-04-20,2026-04-01,72,22.773,concluida,False
U0014,S000770,2026-04-20,2026-04-01,45,14.083,concluida,False
U0014,S000766,2026-04-22,2026-04-01,33,10.367,concluida,False
U0014,S000764,2026-04-24,2026-04-01,139,46.036,concluida,False
U0014,S000765,2026-04-29,2026-04-01,93,26.713,concluida,False
U0014,S000773,2026-05-02,2026-05-01,119,35.829,concluida,False
U0014,S000771,2026-05-07,2026-05-01,142,42.329,concluida,False
U0014,S000774,2026-05-08,2026-05-01,33,11.038,concluida,False
U0014,S000776,2026-05-20,2026-05-01,99,29.406,concluida,False
U0014,S000775,2026-05-24,2026-05-01,131,42.976,concluida,False
U0014,S000777,2026-05-25,2026-05-01,121,41.455,concluida,False
U0014,S000772,2026-05-30,2026-05-01,78,24.374,concluida,False
U0014,S000787,2026-06-04,2026-06-01,101,30.838,concluida,False
U0014,S000786,2026-06-08,2026-06-01,184,54.193,concluida,False
U0014,S000782,2026-06-08,2026-06-01,68,20.145,concluida,False
U0014,S000785,2026-06-16,2026-06-01,56,18.079,concluida,False
U0014,S000783,2026-06-16,2026-06-01,37,12.197,concluida,False
U0014,S000784,2026-06-17,2026-06-01,90,29.857,concluida,False
U0014,S000780,2026-06-18,2026-06-01,108,30.885,concluida,False
U0014,S000788,2026-06-20,2026-06-01,80,22.142,concluida,False
U0014,S000779,2026-06-21,2026-06-01,37,11.89,concluida,False
U0014,S000781,2026-06-22,2026-06-01,50,17.407,concluida,False
U0014,S000778,2026-06-28,2026-06-01,93,27.121,concluida,False
U0014,S000797,2026-07-03,2026-07-01,78,25.227,concluida,False
U0014,S000790,2026-07-05,2026-07-01,78,25.617,concluida,False
U0014,S000793,2026-07-07,2026-07-01,60,18.867,concluida,False
U0014,S000796,2026-07-10,2026-07-01,234,77.892,concluida,False
U0014,S000792,2026-07-11,2026-07-01,82,27.386,concluida,False
U0014,S000799,2026-07-13,2026-07-01,273,94.627,concluida,False
U0014,S000795,2026-07-13,2026-07-01,59,20.145,concluida,False
U0014,S000794,2026-07-18,2026-07-01,44,14.11,concluida,False
U0014,S000789,2026-07-20,2026-07-01,201,61.767,concluida,False
U0014,S000798,2026-07-28,2026-07-01,81,22.388,concluida,False
U0014,S000791,2026-07-31,2026-07-01,158,54.188,concluida,False
U0014,S000802,2026-08-01,2026-08-01,169,54.956,concluida,False
U0014,S000801,2026-08-02,2026-08-01,119,40.773,concluida,False
U0014,S000800,2026-08-06,2026-08-01,198,61.719,concluida,False
U0014,S000810,2026-08-11,2026-08-01,34,10.74,concluida,False
U0014,S000806,2026-08-14,2026-08-01,245,77.668,concluida,False
U0014,S000809,2026-08-14,2026-08-01,46,15.942,concluida,False
U0014,S000807,2026-08-15,2026-08-01,172,48.962,concluida,False
U0014,S000805,2026-08-22,2026-08-01,106,29.832,concluida,False
U0014,S000803,2026-08-26,2026-08-01,210,67.387,concluida,False
U0014,S000808,2026-08-28,2026-08-01,61,18.157,concluida,False
U0014,S000804,2026-08-31,2026-08-01,115,39.629,concluida,False
U0015,S000819,2026-03-03,2026-03-01,75,25.724,concluida,False
U0015,S000813,2026-03-05,2026-03-01,33,9.53,concluida,False
U0015,S000817,2026-03-06,2026-03-01,48,13.996,concluida,False
U0015,S000812,2026-03-10,2026-03-01,131,43.188,concluida,False
U0015,S000815,2026-03-12,2026-03-01,30,9.764,concluida,False
U0015,S000822,2026-03-17,2026-03-01,77,23.725,concluida,False
U0015,S000814,2026-03-20,2026-03-01,171,54.704,concluida,False
U0015,S000821,2026-03-20,2026-03-01,137,45.957,concluida,False
U0015,S000816,2026-03-23,2026-03-01,133,40.222,concluida,False
U0015,S000820,2026-03-23,2026-03-01,124,41.982,concluida,False
U0015,S000811,2026-03-24,2026-03-01,172,56.955,concluida,False
U0015,S000818,2026-03-31,2026-03-01,201,58.555,concluida,False
U0015,S000824,2026-04-07,2026-04-01,54,16.591,concluida,False
U0015,S000828,2026-04-11,2026-04-01,134,37.095,concluida,False
U0015,S000825,2026-04-15,2026-04-01,87,26.62,concluida,False
U0015,S000826,2026-04-15,2026-04-01,67,21.6,concluida,False
U0015,S000823,2026-04-24,2026-04-01,176,55.598,concluida,False
U0015,S000827,2026-04-25,2026-04-01,23,7.907,concluida,False
U0015,S000829,2026-04-29,2026-04-01,192,54.07,concluida,False
U0015,S000839,2026-05-02,2026-05-01,172,51.702,concluida,False
U0015,S000831,2026-05-03,2026-05-01,235,76.814,concluida,False
U0015,S000833,2026-05-06,2026-05-01,82,23.42,concluida,False
U0015,S000834,2026-05-10,2026-05-01,129,42.746,concluida,False
U0015,S000840,2026-05-11,2026-05-01,169,47.562,concluida,False
U0015,S000832,2026-05-13,2026-05-01,67,20.295,concluida,False
U0015,S000837,2026-05-15,2026-05-01,179,210.376,concluida,True
U0015,S000836,2026-05-18,2026-05-01,128,35.254,concluida,False
U0015,S000838,2026-05-20,2026-05-01,177,55.912,concluida,False
U0015,S000830,2026-05-23,2026-05-01,134,38.064,concluida,False
U0015,S000835,2026-05-29,2026-05-01,96,107.868,interrompida,True
U0015,S000850,2026-06-01,2026-06-01,85,23.525,concluida,False
U0015,S000844,2026-06-10,2026-06-01,191,54.41,concluida,False
U0015,S000843,2026-06-11,2026-06-01,126,42.943,concluida,False
U0015,S000847,2026-06-14,2026-06-01,102,34.392,concluida,False
U0015,S000842,2026-06-15,2026-06-01,240,76.19,concluida,False
U0015,S000846,2026-06-16,2026-06-01,400,130.201,concluida,False
U0015,S000849,2026-06-16,2026-06-01,54,15.562,concluida,False
U0015,S000845,2026-06-17,2026-06-01,47,15.323,concluida,False
U0015,S000841,2026-06-20,2026-06-01,72,23.451,concluida,False
U0015,S000851,2026-06-26,2026-06-01,120,41.791,concluida,False
U0015,S000848,2026-06-30,2026-06-01,144,46.087,concluida,False
U0015,S000852,2026-07-01,2026-07-01,75,21.732,concluida,False
U0015,S000855,2026-07-07,2026-07-01,114,38.321,concluida,False
U0015,S000853,2026-07-10,2026-07-01,110,34.687,concluida,False
U0015,S000854,2026-07-11,2026-07-01,97,31.828,concluida,False
U0015,S000857,2026-07-15,2026-07-01,60,20.082,concluida,False
U0015,S000858,2026-07-19,2026-07-01,58,63.399,concluida,True
U0015,S000856,2026-07-26,2026-07-01,112,36.103,concluida,False
U0015,S000859,2026-08-03,2026-08-01,17,5.1,interrompida,False
U0015,S000863,2026-08-04,2026-08-01,73,24.277,concluida,False
U0015,S000862,2026-08-12,2026-08-01,63,21.157,concluida,False
U0015,S000864,2026-08-17,2026-08-01,113,37.696,concluida,False
U0015,S000860,2026-08-19,2026-08-01,69,20.946,concluida,False
U0015,S000861,2026-08-23,2026-08-01,25,7.579,interrompida,False
U0016,S000872,2026-03-01,2026-03-01,71,22.439,concluida,False
U0016,S000869,2026-03-04,2026-03-01,147,48.684,concluida,False
U0016,S000873,2026-03-09,2026-03-01,165,56.789,concluida,False
U0016,S000867,2026-03-13,2026-03-01,13,4.399,concluida,False
U0016,S000870,2026-03-21,2026-03-01,40,11.616,concluida,False
U0016,S000868,2026-03-22,2026-03-01,71,22.619,concluida,False
U0016,S000865,2026-03-24,2026-03-01,52,16.297,concluida,False
U0016,S000871,2026-03-25,2026-03-01,67,21.722,concluida,False
U0016,S000866,2026-03-27,2026-03-01,40,12.985,concluida,False
U0016,S000879,2026-04-04,2026-04-01,106,31.563,concluida,False
U0016,S000876,2026-04-06,2026-04-01,62,19.76,concluida,False
U0016,S000880,2026-04-08,2026-04-01,178,50.826,concluida,False
U0016,S000881,2026-04-13,2026-04-01,104,33.936,concluida,False
U0016,S000882,2026-04-15,2026-04-01,118,32.712,concluida,False
U0016,S000877,2026-04-20,2026-04-01,65,19.364,concluida,False
U0016,S000874,2026-04-20,2026-04-01,205,61.467,concluida,False
U0016,S000883,2026-04-28,2026-04-01,76,22.473,concluida,False
U0016,S000875,2026-04-29,2026-04-01,41,11.427,concluida,False
U0016,S000878,2026-04-30,2026-04-01,43,14.235,concluida,False
U0016,S000889,2026-05-04,2026-05-01,101,32.19,concluida,False
U0016,S000890,2026-05-06,2026-05-01,16,5.522,concluida,False
U0016,S000891,2026-05-11,2026-05-01,17,5.479,concluida,False
U0016,S000893,2026-05-15,2026-05-01,64,18.968,concluida,False
U0016,S000886,2026-05-16,2026-05-01,90,25.186,concluida,False
U0016,S000885,2026-05-18,2026-05-01,57,17.35,concluida,False
U0016,S000888,2026-05-22,2026-05-01,197,55.3,concluida,False
U0016,S000887,2026-05-26,2026-05-01,66,20.895,concluida,False
U0016,S000884,2026-05-27,2026-05-01,60,20.006,concluida,False
U0016,S000892,2026-05-29,2026-05-01,230,213.486,concluida,True
U0016,S000897,2026-06-01,2026-06-01,58,18.332,concluida,False
U0016,S000901,2026-06-05,2026-06-01,113,39.341,concluida,False
U0016,S000894,2026-06-10,2026-06-01,113,37.657,concluida,False
U0016,S000900,2026-06-16,2026-06-01,32,9.242,concluida,False
U0016,S000895,2026-06-23,2026-06-01,61,72.887,concluida,True
U0016,S000899,2026-06-23,2026-06-01,138,42.059,concluida,False
U0016,S000896,2026-06-28,2026-06-01,84,28.351,concluida,False
U0016,S000898,2026-06-28,2026-06-01,40,11.69,concluida,False
U0017,S000907,2026-03-02,2026-03-01,41,12.728,concluida,False
U0017,S000908,2026-03-05,2026-03-01,43,14.131,concluida,False
U0017,S000905,2026-03-06,2026-03-01,54,17.244,concluida,False
U0017,S000904,2026-03-15,2026-03-01,87,26.631,concluida,False
U0017,S000909,2026-03-15,2026-03-01,111,31.162,concluida,False
U0017,S000911,2026-03-20,2026-03-01,73,79.247,concluida,True
U0017,S000910,2026-03-21,2026-03-01,269,87.068,concluida,False
U0017,S000902,2026-03-22,2026-03-01,162,56.133,concluida,False
U0017,S000906,2026-03-23,2026-03-01,69,20.337,concluida,False
U0017,S000903,2026-03-28,2026-03-01,166,56.528,concluida,False
U0017,S000925,2026-04-01,2026-04-01,125,42.875,concluida,False
U0017,S000917,2026-04-01,2026-04-01,21,5.947,concluida,False
U0017,S000914,2026-04-02,2026-04-01,78,24.156,concluida,False
U0017,S000923,2026-04-02,2026-04-01,147,45.427,concluida,False
U0017,S000926,2026-04-04,2026-04-01,102,32.024,concluida,False
U0017,S000920,2026-04-05,2026-04-01,100,34.349,concluida,False
U0017,S000927,2026-04-11,2026-04-01,59,17.381,concluida,False
U0017,S000924,2026-04-13,2026-04-01,122,39.863,concluida,False
U0017,S000912,2026-04-14,2026-04-01,134,46.289,concluida,False
U0017,S000928,2026-04-15,2026-04-01,24,7.789,concluida,False
U0017,S000919,2026-04-16,2026-04-01,22,7.34,concluida,False
U0017,S000922,2026-04-19,2026-04-01,250,84.184,concluida,False
U0017,S000918,2026-04-22,2026-04-01,89,26.888,concluida,False
U0017,S000913,2026-04-23,2026-04-01,42,13.391,concluida,False
U0017,S000921,2026-04-25,2026-04-01,46,13.453,concluida,False
U0017,S000915,2026-04-26,2026-04-01,131,42.023,concluida,False
U0017,S000916,2026-04-28,2026-04-01,53,15.655,concluida,False
U0017,S000930,2026-05-01,2026-05-01,30,8.465,concluida,False
U0017,S000939,2026-05-05,2026-05-01,83,27.504,concluida,False
U0017,S000936,2026-05-09,2026-05-01,65,21.596,concluida,False
U0017,S000937,2026-05-11,2026-05-01,36,10.582,concluida,False
U0017,S000933,2026-05-13,2026-05-01,120,39.722,concluida,False
U0017,S000938,2026-05-16,2026-05-01,118,34.186,concluida,False
U0017,S000935,2026-05-21,2026-05-01,61,20.903,concluida,False
U0017,S000929,2026-05-22,2026-05-01,130,113.622,concluida,True
U0017,S000931,2026-05-24,2026-05-01,37,11.073,interrompida,False
U0017,S000934,2026-05-29,2026-05-01,44,14.345,concluida,False
U0017,S000932,2026-05-31,2026-05-01,120,38.615,concluida,False
U0017,S000941,2026-06-01,2026-06-01,76,60.528,concluida,True
U0017,S000947,2026-06-03,2026-06-01,196,60.507,concluida,False
U0017,S000945,2026-06-04,2026-06-01,61,19.17,concluida,False
U0017,S000940,2026-06-04,2026-06-01,41,11.494,concluida,False
U0017,S000942,2026-06-09,2026-06-01,85,27.739,concluida,False
U0017,S000946,2026-06-13,2026-06-01,29,9.32,concluida,False
U0017,S000951,2026-06-16,2026-06-01,77,21.531,concluida,False
U0017,S000943,2026-06-16,2026-06-01,58,17.668,concluida,False
U0017,S000948,2026-06-18,2026-06-01,176,60.887,concluida,False
U0017,S000944,2026-06-18,2026-06-01,81,22.295,concluida,False
U0017,S000950,2026-06-24,2026-06-01,40,11.41,concluida,False
U0017,S000949,2026-06-29,2026-06-01,187,60.073,concluida,False
U0017,S000956,2026-07-01,2026-07-01,77,24.747,concluida,False
U0017,S000960,2026-07-04,2026-07-01,137,43.462,concluida,False
U0017,S000958,2026-07-04,2026-07-01,141,44.927,concluida,False
U0017,S000953,2026-07-13,2026-07-01,79,22.951,concluida,False
U0017,S000959,2026-07-14,2026-07-01,81,27.095,concluida,False
U0017,S000957,2026-07-15,2026-07-01,109,31.339,concluida,False
U0017,S000955,2026-07-21,2026-07-01,64,19.812,concluida,False
U0017,S000954,2026-07-24,2026-07-01,204,59.585,concluida,False
U0017,S000962,2026-07-25,2026-07-01,208,59.763,concluida,False
U0017,S000961,2026-07-25,2026-07-01,24,7.644,concluida,False
U0017,S000963,2026-07-30,2026-07-01,59,16.401,concluida,False
U0017,S000952,2026-07-31,2026-07-01,115,31.937,concluida,False
U0017,S000964,2026-08-01,2026-08-01,20,6.258,interrompida,False
U0017,S000974,2026-08-04,2026-08-01,98,27.327,concluida,False
U0017,S000966,2026-08-05,2026-08-01,121,35.679,concluida,False
U0017,S000981,2026-08-05,2026-08-01,97,31.599,concluida,False
U0017,S000979,2026-08-05,2026-08-01,114,39.107,concluida,False
U0017,S000972,2026-08-06,2026-08-01,73,25.014,concluida,False
U0017,S000977,2026-08-11,2026-08-01,163,45.997,concluida,False
U0017,S000973,2026-08-14,2026-08-01,67,20.068,concluida,False
U0017,S000965,2026-08-14,2026-08-01,75,25.066,concluida,False
U0017,S000976,2026-08-14,2026-08-01,59,19.457,concluida,False
U0017,S000980,2026-08-15,2026-08-01,61,17.644,concluida,False
U0017,S000982,2026-08-15,2026-08-01,134,38.532,concluida,False
U0017,S000970,2026-08-15,2026-08-01,53,17.01,concluida,False
U0017,S000975,2026-08-16,2026-08-01,66,18.712,concluida,False
U0017,S000969,2026-08-17,2026-08-01,75,24.029,concluida,False
U0017,S000967,2026-08-20,2026-08-01,41,11.388,concluida,False
U0017,S000968,2026-08-21,2026-08-01,75,71.134,concluida,True
U0017,S000971,2026-08-26,2026-08-01,81,26.345,concluida,False
U0017,S000978,2026-08-29,2026-08-01,25,7.01,concluida,False
U0018,S000983,2026-03-19,2026-03-01,92,10.45,concluida,False
U0018,S000987,2026-03-24,2026-03-01,54,5.667,concluida,False
U0018,S000985,2026-03-24,2026-03-01,108,10.647,concluida,False
U0018,S000984,2026-03-28,2026-03-01,60,6.426,concluida,False
U0018,S000986,2026-03-30,2026-03-01,40,4.586,concluida,False
U0018,S000989,2026-04-05,2026-04-01,126,12.574,concluida,False
U0018,S000988,2026-04-15,2026-04-01,35,12.395,concluida,True
U0018,S000990,2026-04-22,2026-04-01,75,7.237,concluida,False
U0018,S000991,2026-05-15,2026-05-01,73,7.002,concluida,False
U0018,S000996,2026-05-15,2026-05-01,235,21.974,concluida,False
U0018,S000993,2026-05-17,2026-05-01,132,13.176,concluida,False
U0018,S000995,2026-05-17,2026-05-01,36,3.929,concluida,False
U0018,S000997,2026-05-18,2026-05-01,157,17.518,concluida,False
U0018,S000992,2026-05-21,2026-05-01,39,4.292,interrompida,False
U0018,S000998,2026-05-21,2026-05-01,127,14.057,concluida,False
U0018,S000999,2026-05-25,2026-05-01,136,15.133,concluida,False
U0018,S000994,2026-05-26,2026-05-01,172,16.253,concluida,False
U0018,S001005,2026-06-05,2026-06-01,52,5.072,concluida,False
U0018,S001003,2026-06-07,2026-06-01,195,22.289,concluida,False
U0018,S001000,2026-06-09,2026-06-01,57,5.362,concluida,False
U0018,S001004,2026-06-10,2026-06-01,138,13.137,concluida,False
U0018,S001007,2026-06-10,2026-06-01,44,4.138,concluida,False
U0018,S001001,2026-06-16,2026-06-01,27,2.852,concluida,False
U0018,S001002,2026-06-20,2026-06-01,66,7.407,concluida,False
U0018,S001006,2026-06-22,2026-06-01,184,21.249,concluida,False
U0018,S001012,2026-07-06,2026-07-01,166,18.792,concluida,False
U0018,S001013,2026-07-06,2026-07-01,178,16.978,concluida,False
U0018,S001010,2026-07-08,2026-07-01,54,5.49,concluida,False
U0018,S001011,2026-07-12,2026-07-01,47,4.876,concluida,False
U0018,S001008,2026-07-14,2026-07-01,250,25.239,concluida,False
U0018,S001009,2026-07-15,2026-07-01,105,11.182,concluida,False
U0018,S001014,2026-08-06,2026-08-01,51,5.432,interrompida,False
U0019,S001020,2026-03-01,2026-03-01,37,11.851,concluida,False
U0019,S001021,2026-03-02,2026-03-01,56,18.034,concluida,False
U0019,S001022,2026-03-07,2026-03-01,132,37.109,concluida,False
U0019,S001029,2026-03-07,2026-03-01,164,50.808,concluida,False
U0019,S001025,2026-03-13,2026-03-01,63,17.381,concluida,False
U0019,S001023,2026-03-17,2026-03-01,357,103.266,concluida,False
U0019,S001015,2026-03-18,2026-03-01,132,37.586,interrompida,False
U0019,S001017,2026-03-21,2026-03-01,139,41.238,concluida,False
U0019,S001019,2026-03-24,2026-03-01,110,37.511,concluida,False
U0019,S001028,2026-03-24,2026-03-01,64,19.544,concluida,False
U0019,S001018,2026-03-26,2026-03-01,56,18.392,concluida,False
U0019,S001027,2026-03-26,2026-03-01,109,32.282,concluida,False
U0019,S001026,2026-03-28,2026-03-01,91,25.61,concluida,False
U0019,S001024,2026-03-30,2026-03-01,34,10.25,concluida,False
U0019,S001016,2026-03-30,2026-03-01,19,5.442,concluida,False
U0019,S001041,2026-05-02,2026-05-01,92,27.268,concluida,False
U0019,S001030,2026-05-03,2026-05-01,50,15.251,concluida,False
U0019,S001044,2026-05-04,2026-05-01,131,136.325,concluida,True
U0019,S001039,2026-05-06,2026-05-01,293,81.832,concluida,False
U0019,S001034,2026-05-09,2026-05-01,69,23.812,concluida,False
U0019,S001032,2026-05-10,2026-05-01,93,28.921,concluida,False
U0019,S001040,2026-05-12,2026-05-01,257,71.672,concluida,False
U0019,S001035,2026-05-14,2026-05-01,25,7.777,concluida,False
U0019,S001033,2026-05-16,2026-05-01,169,55.644,concluida,False
U0019,S001037,2026-05-19,2026-05-01,61,19.305,concluida,False
U0019,S001038,2026-05-23,2026-05-01,178,50.511,concluida,False
U0019,S001031,2026-05-23,2026-05-01,113,37.333,concluida,False
U0019,S001045,2026-05-25,2026-05-01,49,14.955,concluida,False
U0019,S001036,2026-05-25,2026-05-01,328,102.06,concluida,False
U0019,S001042,2026-05-25,2026-05-01,114,32.882,concluida,False
U0019,S001043,2026-05-28,2026-05-01,187,62.763,concluida,False
U0019,S001051,2026-06-03,2026-06-01,94,30.612,concluida,False
U0019,S001055,2026-06-06,2026-06-01,55,16.543,concluida,False
U0019,S001049,2026-06-06,2026-06-01,47,13.975,concluida,False
U0019,S001060,2026-06-12,2026-06-01,162,51.552,concluida,False
U0019,S001047,2026-06-14,2026-06-01,63,21.557,concluida,False
U0019,S001053,2026-06-16,2026-06-01,80,27.33,concluida,False
U0019,S001048,2026-06-16,2026-06-01,106,31.572,concluida,False
U0019,S001057,2026-06-17,2026-06-01,65,18.201,concluida,False
U0019,S001056,2026-06-19,2026-06-01,314,94.46,concluida,False
U0019,S001058,2026-06-23,2026-06-01,42,14.52,concluida,False
U0019,S001059,2026-06-24,2026-06-01,74,25.365,concluida,False
U0019,S001052,2026-06-25,2026-06-01,49,13.628,concluida,False
U0019,S001054,2026-06-25,2026-06-01,259,86.085,concluida,False
U0019,S001046,2026-06-27,2026-06-01,200,66.662,concluida,False
U0019,S001061,2026-06-27,2026-06-01,108,37.472,concluida,False
U0019,S001050,2026-06-28,2026-06-01,38,10.847,concluida,False
U0019,S001069,2026-07-03,2026-07-01,54,18.712,concluida,False
U0019,S001062,2026-07-04,2026-07-01,82,23.213,concluida,False
U0019,S001070,2026-07-04,2026-07-01,104,34.992,concluida,False
U0019,S001068,2026-07-04,2026-07-01,129,39.21,concluida,False
U0019,S001075,2026-07-05,2026-07-01,63,20.198,concluida,False
U0019,S001064,2026-07-15,2026-07-01,56,18.423,concluida,False
U0019,S001073,2026-07-16,2026-07-01,150,43.789,concluida,False
U0019,S001072,2026-07-16,2026-07-01,63,18.613,concluida,False
U0019,S001063,2026-07-18,2026-07-01,147,40.863,concluida,False
U0019,S001065,2026-07-18,2026-07-01,103,30.52,concluida,False
U0019,S001067,2026-07-22,2026-07-01,53,17.187,concluida,False
U0019,S001071,2026-07-25,2026-07-01,123,41.05,concluida,False
U0019,S001074,2026-07-27,2026-07-01,20,6.528,interrompida,False
U0019,S001066,2026-07-29,2026-07-01,90,30.046,concluida,False
U0019,S001084,2026-08-02,2026-08-01,39,12.414,concluida,False
U0019,S001088,2026-08-06,2026-08-01,20,6.378,interrompida,False
U0019,S001086,2026-08-14,2026-08-01,110,30.705,concluida,False
U0019,S001079,2026-08-15,2026-08-01,130,36.063,concluida,False
U0019,S001081,2026-08-16,2026-08-01,125,35.378,concluida,False
U0019,S001082,2026-08-16,2026-08-01,198,66.855,concluida,False
U0019,S001077,2026-08-18,2026-08-01,180,219.432,concluida,True
U0019,S001087,2026-08-19,2026-08-01,94,32.126,concluida,False
U0019,S001083,2026-08-19,2026-08-01,128,40.991,concluida,False
U0019,S001085,2026-08-25,2026-08-01,81,25.988,concluida,False
U0019,S001076,2026-08-26,2026-08-01,113,32.748,concluida,False
U0019,S001080,2026-08-29,2026-08-01,35,10.046,concluida,False
U0019,S001078,2026-08-29,2026-08-01,183,51.924,concluida,False
U0020,S001089,2026-03-09,2026-03-01,103,33.582,concluida,False
U0020,S001091,2026-03-11,2026-03-01,101,31.499,concluida,False
U0020,S001092,2026-03-12,2026-03-01,88,25.502,concluida,False
U0020,S001090,2026-03-19,2026-03-01,71,21.204,concluida,False
U0020,S001094,2026-03-26,2026-03-01,161,51.649,concluida,False
U0020,S001093,2026-03-27,2026-03-01,88,27.658,concluida,False
U0020,S001102,2026-04-05,2026-04-01,178,50.914,concluida,False
U0020,S001107,2026-04-07,2026-04-01,29,8.633,interrompida,False
U0020,S001100,2026-04-09,2026-04-01,125,40.223,concluida,False
U0020,S001104,2026-04-09,2026-04-01,67,19.835,concluida,False
U0020,S001095,2026-04-09,2026-04-01,17,5.381,concluida,False
U0020,S001105,2026-04-13,2026-04-01,34,9.633,concluida,False
U0020,S001103,2026-04-14,2026-04-01,61,20.623,concluida,False
U0020,S001106,2026-04-15,2026-04-01,181,57.206,concluida,False
U0020,S001099,2026-04-19,2026-04-01,28,8.137,concluida,False
U0020,S001108,2026-04-21,2026-04-01,54,15.017,concluida,False
U0020,S001098,2026-04-22,2026-04-01,49,15.443,concluida,False
U0020,S001097,2026-04-22,2026-04-01,66,19.667,concluida,False
U0020,S001096,2026-04-26,2026-04-01,46,14.848,concluida,False
U0020,S001109,2026-04-28,2026-04-01,119,33.457,concluida,False
U0020,S001110,2026-04-29,2026-04-01,48,15.564,concluida,False
U0020,S001101,2026-04-30,2026-04-01,253,83.056,concluida,False
U0020,S001118,2026-05-01,2026-05-01,43,14.874,concluida,False
U0020,S001111,2026-05-08,2026-05-01,220,69.712,concluida,False
U0020,S001122,2026-05-10,2026-05-01,87,29.899,concluida,False
U0020,S001113,2026-05-11,2026-05-01,244,77.556,concluida,False
U0020,S001115,2026-05-15,2026-05-01,54,15.857,concluida,False
U0020,S001112,2026-05-16,2026-05-01,207,58.295,concluida,False
U0020,S001120,2026-05-21,2026-05-01,22,6.635,concluida,False
U0020,S001116,2026-05-23,2026-05-01,153,45.626,concluida,False
U0020,S001119,2026-05-23,2026-05-01,91,30.289,concluida,False
U0020,S001121,2026-05-28,2026-05-01,91,27.617,concluida,False
U0020,S001117,2026-05-29,2026-05-01,44,15.123,concluida,False
U0020,S001114,2026-05-30,2026-05-01,137,39.865,concluida,False
U0020,S001135,2026-06-02,2026-06-01,31,9.93,concluida,False
U0020,S001136,2026-06-06,2026-06-01,48,13.613,concluida,False
U0020,S001127,2026-06-15,2026-06-01,104,28.809,concluida,False
U0020,S001125,2026-06-16,2026-06-01,169,51.593,concluida,False
U0020,S001129,2026-06-19,2026-06-01,44,12.458,concluida,False
U0020,S001128,2026-06-26,2026-06-01,54,15.389,concluida,False
U0020,S001124,2026-06-26,2026-06-01,107,31.575,concluida,False
U0020,S001132,2026-06-26,2026-06-01,168,48.648,concluida,False
U0020,S001126,2026-06-27,2026-06-01,112,36.537,concluida,False
U0020,S001137,2026-06-27,2026-06-01,163,50.732,concluida,False
U0020,S001133,2026-06-27,2026-06-01,15,4.759,interrompida,False
U0020,S001131,2026-06-28,2026-06-01,37,10.537,concluida,False
U0020,S001130,2026-06-28,2026-06-01,97,31.553,concluida,False
U0020,S001123,2026-06-30,2026-06-01,37,11.888,concluida,False
U0020,S001134,2026-06-30,2026-06-01,296,102.545,concluida,False
U0020,S001140,2026-07-01,2026-07-01,35,12.13,concluida,False
U0020,S001145,2026-07-01,2026-07-01,154,48.048,concluida,False
U0020,S001154,2026-07-02,2026-07-01,145,43.666,concluida,False
U0020,S001152,2026-07-02,2026-07-01,47,13.437,concluida,False
U0020,S001143,2026-07-03,2026-07-01,141,44.534,concluida,False
U0020,S001155,2026-07-04,2026-07-01,70,22.945,concluida,False
U0020,S001148,2026-07-05,2026-07-01,131,37.147,concluida,False
U0020,S001146,2026-07-05,2026-07-01,249,78.693,concluida,False
U0020,S001153,2026-07-06,2026-07-01,91,28.142,concluida,False
U0020,S001138,2026-07-10,2026-07-01,266,82.79,concluida,False
U0020,S001141,2026-07-12,2026-07-01,71,62.332,concluida,True
U0020,S001150,2026-07-17,2026-07-01,75,23.022,concluida,False
U0020,S001157,2026-07-19,2026-07-01,115,37.217,concluida,False
U0020,S001142,2026-07-23,2026-07-01,138,44.901,concluida,False
U0020,S001149,2026-07-24,2026-07-01,61,20.918,concluida,False
U0020,S001151,2026-07-25,2026-07-01,116,36.627,concluida,False
U0020,S001139,2026-07-27,2026-07-01,93,30.531,concluida,False
U0020,S001156,2026-07-28,2026-07-01,102,29.401,concluida,False
U0020,S001147,2026-07-30,2026-07-01,48,16.29,concluida,False
U0020,S001144,2026-07-30,2026-07-01,179,62.309,concluida,False
U0021,S001159,2026-03-01,2026-03-01,148,24.047,concluida,False
U0021,S001163,2026-03-07,2026-03-01,74,10.307,concluida,False
U0021,S001162,2026-03-11,2026-03-01,73,12.714,concluida,False
U0021,S001158,2026-03-14,2026-03-01,95,13.33,concluida,False
U0021,S001161,2026-03-15,2026-03-01,128,87.331,concluida,True
U0021,S001160,2026-03-27,2026-03-01,71,10.163,concluida,False
U0021,S001165,2026-06-03,2026-06-01,181,30.544,concluida,False
U0021,S001164,2026-06-03,2026-06-01,167,24.525,concluida,False
U0021,S001171,2026-06-15,2026-06-01,119,17.341,concluida,False
U0021,S001169,2026-06-16,2026-06-01,50,7.907,concluida,False
U0021,S001170,2026-06-20,2026-06-01,53,8.131,concluida,False
U0021,S001166,2026-06-21,2026-06-01,167,28.807,concluida,False
U0021,S001168,2026-06-22,2026-06-01,81,13.609,concluida,False
U0021,S001167,2026-06-24,2026-06-01,157,26.893,concluida,False
U0021,S001173,2026-07-05,2026-07-01,106,18.084,concluida,False
U0021,S001177,2026-07-06,2026-07-01,98,14.13,concluida,False
U0021,S001176,2026-07-09,2026-07-01,68,9.554,concluida,False
U0021,S001172,2026-07-10,2026-07-01,95,14.586,concluida,False
U0021,S001175,2026-07-14,2026-07-01,125,19.317,concluida,False
U0021,S001174,2026-07-19,2026-07-01,64,10.093,concluida,False
U0021,S001182,2026-08-10,2026-08-01,142,23.759,concluida,False
U0021,S001178,2026-08-11,2026-08-01,223,36.583,concluida,False
U0021,S001179,2026-08-11,2026-08-01,123,20.842,concluida,False
U0021,S001181,2026-08-21,2026-08-01,86,13.276,concluida,False
U0021,S001180,2026-08-28,2026-08-01,137,51.819,concluida,True
U0022,S001189,2026-03-04,2026-03-01,136,15.424,concluida,False
U0022,S001188,2026-03-07,2026-03-01,94,10.015,concluida,False
U0022,S001192,2026-03-08,2026-03-01,24,2.347,interrompida,False
U0022,S001195,2026-03-12,2026-03-01,85,8.349,concluida,False
U0022,S001191,2026-03-13,2026-03-01,55,5.784,concluida,False
U0022,S001185,2026-03-14,2026-03-01,110,11.874,concluida,False
U0022,S001194,2026-03-15,2026-03-01,39,4.027,concluida,False
U0022,S001200,2026-03-20,2026-03-01,189,17.953,concluida,False
U0022,S001199,2026-03-23,2026-03-01,104,9.841,concluida,False
U0022,S001184,2026-03-23,2026-03-01,69,7.845,concluida,False
U0022,S001187,2026-03-24,2026-03-01,106,34.819,concluida,True
U0022,S001190,2026-03-24,2026-03-01,65,6.968,concluida,False
U0022,S001197,2026-03-24,2026-03-01,112,11.438,concluida,False
U0022,S001186,2026-03-25,2026-03-01,92,8.846,concluida,False
U0022,S001183,2026-03-26,2026-03-01,184,17.418,concluida,False
U0022,S001198,2026-03-26,2026-03-01,51,5.724,concluida,False
U0022,S001193,2026-03-29,2026-03-01,22,2.261,concluida,False
U0022,S001196,2026-03-30,2026-03-01,75,8.516,concluida,False
U0022,S001215,2026-04-01,2026-04-01,18,1.739,interrompida,False
U0022,S001207,2026-04-04,2026-04-01,135,14.521,concluida,False
U0022,S001214,2026-04-05,2026-04-01,179,18.451,concluida,False
U0022,S001210,2026-04-05,2026-04-01,85,8.625,concluida,False
U0022,S001202,2026-04-06,2026-04-01,75,8.528,concluida,False
U0022,S001209,2026-04-06,2026-04-01,38,3.789,concluida,False
U0022,S001216,2026-04-11,2026-04-01,110,11.265,concluida,False
U0022,S001204,2026-04-11,2026-04-01,105,10.633,concluida,False
U0022,S001219,2026-04-13,2026-04-01,190,20.766,concluida,False
U0022,S001203,2026-04-14,2026-04-01,84,9.05,concluida,False
U0022,S001211,2026-04-15,2026-04-01,70,7.904,interrompida,False
U0022,S001212,2026-04-17,2026-04-01,118,11.163,concluida,False
U0022,S001208,2026-04-17,2026-04-01,147,14.203,concluida,False
U0022,S001201,2026-04-18,2026-04-01,93,10.895,concluida,False
U0022,S001213,2026-04-21,2026-04-01,65,6.406,concluida,False
U0022,S001218,2026-04-21,2026-04-01,33,3.703,concluida,False
U0022,S001206,2026-04-23,2026-04-01,102,11.766,concluida,False
U0022,S001217,2026-04-25,2026-04-01,151,16.426,concluida,False
U0022,S001205,2026-04-29,2026-04-01,39,4.428,concluida,False
U0022,S001220,2026-04-30,2026-04-01,78,7.23,concluida,False
U0022,S001233,2026-05-03,2026-05-01,100,10.919,concluida,False
U0022,S001232,2026-05-03,2026-05-01,163,15.328,concluida,False
U0022,S001229,2026-05-12,2026-05-01,79,7.862,concluida,False
U0022,S001228,2026-05-15,2026-05-01,19,2.103,interrompida,False
U0022,S001221,2026-05-15,2026-05-01,75,7.317,concluida,False
U0022,S001224,2026-05-17,2026-05-01,75,7.463,concluida,False
U0022,S001230,2026-05-23,2026-05-01,123,12.954,concluida,False
U0022,S001222,2026-05-23,2026-05-01,68,7.779,concluida,False
U0022,S001225,2026-05-25,2026-05-01,84,8.194,interrompida,False
U0022,S001227,2026-05-27,2026-05-01,64,6.33,concluida,False
U0022,S001231,2026-05-27,2026-05-01,81,8.214,concluida,False
U0022,S001226,2026-05-27,2026-05-01,101,10.1,concluida,False
U0022,S001223,2026-05-29,2026-05-01,127,12.012,concluida,False
U0022,S001242,2026-06-01,2026-06-01,179,18.975,concluida,False
U0022,S001236,2026-06-05,2026-06-01,80,8.413,concluida,False
U0022,S001237,2026-06-16,2026-06-01,26,2.884,concluida,False
U0022,S001240,2026-06-16,2026-06-01,209,23.411,concluida,False
U0022,S001239,2026-06-17,2026-06-01,87,8.3,concluida,False
U0022,S001243,2026-06-19,2026-06-01,65,6.92,concluida,False
U0022,S001234,2026-06-19,2026-06-01,191,20.666,concluida,False
U0022,S001238,2026-06-20,2026-06-01,111,11.386,concluida,False
U0022,S001235,2026-06-24,2026-06-01,60,6.769,concluida,False
U0022,S001244,2026-06-27,2026-06-01,75,8.48,concluida,False
U0022,S001241,2026-06-30,2026-06-01,117,11.703,concluida,False
U0022,S001258,2026-07-02,2026-07-01,64,6.298,concluida,False
U0022,S001250,2026-07-04,2026-07-01,51,21.695,concluida,True
U0022,S001254,2026-07-04,2026-07-01,143,15.139,concluida,False
U0022,S001255,2026-07-05,2026-07-01,40,4.639,concluida,False
U0022,S001256,2026-07-06,2026-07-01,209,23.01,concluida,False
U0022,S001253,2026-07-06,2026-07-01,85,7.913,concluida,False
U0022,S001252,2026-07-13,2026-07-01,45,4.212,concluida,False
U0022,S001246,2026-07-13,2026-07-01,42,4.818,concluida,False
U0022,S001257,2026-07-14,2026-07-01,136,13.668,concluida,False
U0022,S001248,2026-07-18,2026-07-01,86,8.218,concluida,False
U0022,S001245,2026-07-22,2026-07-01,170,16.35,concluida,False
U0022,S001247,2026-07-24,2026-07-01,124,13.446,concluida,False
U0022,S001251,2026-07-27,2026-07-01,10,1.132,concluida,False
U0022,S001249,2026-07-31,2026-07-01,224,23.603,concluida,False
U0022,S001267,2026-08-02,2026-08-01,153,16.942,concluida,False
U0022,S001262,2026-08-10,2026-08-01,75,7.69,concluida,False
U0022,S001260,2026-08-16,2026-08-01,176,18.049,concluida,False
U0022,S001261,2026-08-18,2026-08-01,88,9.605,concluida,False
U0022,S001265,2026-08-21,2026-08-01,126,11.657,concluida,False
U0022,S001268,2026-08-23,2026-08-01,26,2.938,concluida,False
U0022,S001263,2026-08-26,2026-08-01,115,11.696,concluida,False
U0022,S001266,2026-08-27,2026-08-01,118,12.022,concluida,False
U0022,S001259,2026-08-31,2026-08-01,105,10.41,concluida,False
U0022,S001264,2026-08-31,2026-08-01,41,4.354,concluida,False
U0023,S001276,2026-03-04,2026-03-01,125,136.532,concluida,True
U0023,S001279,2026-03-09,2026-03-01,178,60.757,concluida,False
U0023,S001271,2026-03-11,2026-03-01,97,105.941,concluida,True
U0023,S001275,2026-03-12,2026-03-01,66,19.972,concluida,False
U0023,S001274,2026-03-18,2026-03-01,321,109.286,concluida,False
U0023,S001269,2026-03-20,2026-03-01,319,110.122,concluida,False
U0023,S001272,2026-03-20,2026-03-01,20,5.62,interrompida,False
U0023,S001270,2026-03-21,2026-03-01,184,63.819,concluida,False
U0023,S001277,2026-03-22,2026-03-01,121,39.568,concluida,False
U0023,S001273,2026-03-25,2026-03-01,79,24.843,concluida,False
U0023,S001278,2026-03-26,2026-03-01,25,7.28,concluida,False
U0023,S001280,2026-03-27,2026-03-01,52,15.81,concluida,False
U0023,S001291,2026-04-01,2026-04-01,61,18.8,interrompida,False
U0023,S001285,2026-04-01,2026-04-01,58,18.676,concluida,False
U0023,S001290,2026-04-03,2026-04-01,243,71.28,concluida,False
U0023,S001292,2026-04-08,2026-04-01,75,23.23,concluida,False
U0023,S001288,2026-04-09,2026-04-01,81,69.156,concluida,True
U0023,S001286,2026-04-14,2026-04-01,62,21.574,concluida,False
U0023,S001287,2026-04-16,2026-04-01,178,55.702,concluida,False
U0023,S001293,2026-04-17,2026-04-01,44,12.864,concluida,False
U0023,S001282,2026-04-19,2026-04-01,228,75.173,concluida,False
U0023,S001281,2026-04-22,2026-04-01,87,27.534,concluida,False
U0023,S001284,2026-04-23,2026-04-01,28,8.794,concluida,False
U0023,S001294,2026-04-25,2026-04-01,162,51.979,concluida,False
U0023,S001289,2026-04-29,2026-04-01,226,75.536,concluida,False
U0023,S001283,2026-04-29,2026-04-01,87,28.575,concluida,False
U0023,S001295,2026-04-30,2026-04-01,48,14.528,concluida,False
U0023,S001307,2026-05-02,2026-05-01,129,40.272,concluida,False
U0023,S001297,2026-05-04,2026-05-01,104,29.025,concluida,False
U0023,S001298,2026-05-04,2026-05-01,175,57.775,concluida,False
U0023,S001304,2026-05-05,2026-05-01,147,46.726,concluida,False
U0023,S001305,2026-05-10,2026-05-01,144,48.948,concluida,False
U0023,S001300,2026-05-11,2026-05-01,27,9.281,concluida,False
U0023,S001309,2026-05-11,2026-05-01,77,24.946,concluida,False
U0023,S001308,2026-05-12,2026-05-01,36,12.478,concluida,False
U0023,S001299,2026-05-15,2026-05-01,195,60.263,concluida,False
U0023,S001301,2026-05-19,2026-05-01,55,15.834,interrompida,False
U0023,S001306,2026-05-20,2026-05-01,173,51.268,concluida,False
U0023,S001303,2026-05-24,2026-05-01,108,33.221,concluida,False
U0023,S001310,2026-05-28,2026-05-01,74,23.422,concluida,False
U0023,S001302,2026-05-29,2026-05-01,46,13.075,concluida,False
U0023,S001296,2026-05-30,2026-05-01,41,12.604,concluida,False
U0023,S001316,2026-06-02,2026-06-01,144,41.703,concluida,False
U0023,S001315,2026-06-05,2026-06-01,164,50.397,concluida,False
U0023,S001318,2026-06-06,2026-06-01,61,17.946,concluida,False
U0023,S001319,2026-06-13,2026-06-01,181,60.227,concluida,False
U0023,S001314,2026-06-13,2026-06-01,12,4.23,interrompida,False
U0023,S001311,2026-06-15,2026-06-01,97,32.289,concluida,False
U0023,S001312,2026-06-21,2026-06-01,52,16.943,concluida,False
U0023,S001313,2026-06-24,2026-06-01,103,35.52,concluida,False
U0023,S001317,2026-06-24,2026-06-01,84,25.193,concluida,False
U0023,S001328,2026-07-06,2026-07-01,59,19.308,concluida,False
U0023,S001330,2026-07-07,2026-07-01,99,33.722,concluida,False
U0023,S001322,2026-07-07,2026-07-01,200,60.547,concluida,False
U0023,S001333,2026-07-08,2026-07-01,66,18.349,concluida,False
U0023,S001332,2026-07-09,2026-07-01,123,34.59,concluida,False
U0023,S001331,2026-07-10,2026-07-01,108,36.739,concluida,False
U0023,S001320,2026-07-12,2026-07-01,67,20.254,concluida,False
U0023,S001329,2026-07-16,2026-07-01,78,24.774,concluida,False
U0023,S001327,2026-07-25,2026-07-01,227,73.163,concluida,False
U0023,S001324,2026-07-26,2026-07-01,76,22.726,concluida,False
U0023,S001326,2026-07-26,2026-07-01,61,20.313,concluida,False
U0023,S001325,2026-07-28,2026-07-01,100,34.601,concluida,False
U0023,S001321,2026-07-29,2026-07-01,63,17.627,concluida,False
U0023,S001323,2026-07-30,2026-07-01,85,28.132,concluida,False
U0023,S001337,2026-08-04,2026-08-01,21,6.047,interrompida,False
U0023,S001338,2026-08-09,2026-08-01,70,23.075,concluida,False
U0023,S001334,2026-08-14,2026-08-01,98,32.732,concluida,False
U0023,S001335,2026-08-15,2026-08-01,56,16.491,concluida,False
U0023,S001336,2026-08-27,2026-08-01,60,18.756,concluida,False
U0024,S001342,2026-03-08,2026-03-01,112,36.741,concluida,False
U0024,S001340,2026-03-10,2026-03-01,84,25.235,concluida,False
U0024,S001345,2026-03-12,2026-03-01,68,21.58,concluida,False
U0024,S001344,2026-03-14,2026-03-01,67,23.053,concluida,False
U0024,S001341,2026-03-16,2026-03-01,92,28.759,concluida,False
U0024,S001346,2026-03-16,2026-03-01,115,37.181,concluida,False
U0024,S001343,2026-03-24,2026-03-01,110,33.972,concluida,False
U0024,S001339,2026-03-28,2026-03-01,30,9.826,concluida,False
U0024,S001352,2026-04-01,2026-04-01,54,15.638,concluida,False
U0024,S001350,2026-04-04,2026-04-01,27,8.553,concluida,False
U0024,S001356,2026-04-05,2026-04-01,150,43.512,concluida,False
U0024,S001355,2026-04-05,2026-04-01,79,24.149,concluida,False
U0024,S001351,2026-04-06,2026-04-01,132,42.833,concluida,False
U0024,S001354,2026-04-06,2026-04-01,63,21.297,concluida,False
U0024,S001357,2026-04-06,2026-04-01,101,32.035,concluida,False
U0024,S001364,2026-04-08,2026-04-01,93,31.512,concluida,False
U0024,S001353,2026-04-08,2026-04-01,102,32.984,concluida,False
U0024,S001358,2026-04-09,2026-04-01,76,20.941,concluida,False
U0024,S001361,2026-04-12,2026-04-01,93,31.322,concluida,False
U0024,S001349,2026-04-13,2026-04-01,104,35.835,concluida,False
U0024,S001362,2026-04-14,2026-04-01,178,51.294,concluida,False
U0024,S001360,2026-04-15,2026-04-01,259,82.168,concluida,False
U0024,S001359,2026-04-20,2026-04-01,94,27.552,concluida,False
U0024,S001347,2026-04-25,2026-04-01,67,21.818,concluida,False
U0024,S001363,2026-04-30,2026-04-01,110,31.73,concluida,False
U0024,S001348,2026-04-30,2026-04-01,137,39.219,concluida,False
U0024,S001373,2026-05-06,2026-05-01,23,7.531,interrompida,False
U0024,S001366,2026-05-12,2026-05-01,74,24.449,concluida,False
U0024,S001367,2026-05-15,2026-05-01,63,18.493,concluida,False
U0024,S001368,2026-05-21,2026-05-01,139,45.112,concluida,False
U0024,S001370,2026-05-22,2026-05-01,283,87.46,concluida,False
U0024,S001371,2026-05-23,2026-05-01,105,29.955,concluida,False
U0024,S001365,2026-05-23,2026-05-01,201,65.923,concluida,False
U0024,S001372,2026-05-27,2026-05-01,43,13.739,concluida,False
U0024,S001369,2026-05-28,2026-05-01,17,5.287,interrompida,False
U0024,S001382,2026-06-01,2026-06-01,115,33.419,concluida,False
U0024,S001377,2026-06-01,2026-06-01,42,12.588,concluida,False
U0024,S001379,2026-06-02,2026-06-01,35,10.94,concluida,False
U0024,S001387,2026-06-03,2026-06-01,31,8.565,concluida,False
U0024,S001390,2026-06-05,2026-06-01,30,9.347,concluida,False
U0024,S001381,2026-06-07,2026-06-01,89,26.802,concluida,False
U0024,S001391,2026-06-08,2026-06-01,71,23.301,concluida,False
U0024,S001385,2026-06-09,2026-06-01,208,66.35,concluida,False
U0024,S001389,2026-06-10,2026-06-01,180,59.24,concluida,False
U0024,S001386,2026-06-11,2026-06-01,132,42.45,concluida,False
U0024,S001375,2026-06-13,2026-06-01,143,155.704,concluida,True
U0024,S001388,2026-06-17,2026-06-01,9,2.983,interrompida,False
U0024,S001380,2026-06-20,2026-06-01,44,15.115,concluida,False
U0024,S001383,2026-06-21,2026-06-01,176,53.162,concluida,False
U0024,S001384,2026-06-25,2026-06-01,160,49.862,concluida,False
U0024,S001378,2026-06-29,2026-06-01,157,52.35,concluida,False
U0024,S001374,2026-06-29,2026-06-01,51,16.016,concluida,False
U0024,S001376,2026-06-30,2026-06-01,77,23.29,concluida,False
U0024,S001396,2026-07-03,2026-07-01,117,36.393,concluida,False
U0024,S001394,2026-07-07,2026-07-01,141,39.334,concluida,False
U0024,S001399,2026-07-08,2026-07-01,56,16.125,concluida,False
U0024,S001398,2026-07-08,2026-07-01,75,21.055,concluida,False
U0024,S001392,2026-07-09,2026-07-01,35,11.277,concluida,False
U0024,S001401,2026-07-13,2026-07-01,137,39.36,concluida,False
U0024,S001395,2026-07-20,2026-07-01,124,37.569,concluida,False
U0024,S001393,2026-07-21,2026-07-01,37,10.987,interrompida,False
U0024,S001397,2026-07-31,2026-07-01,102,28.989,concluida,False
U0024,S001400,2026-07-31,2026-07-01,165,47.812,concluida,False
U0024,S001406,2026-08-01,2026-08-01,94,31.79,concluida,False
U0024,S001405,2026-08-03,2026-08-01,60,17.101,concluida,False
U0024,S001415,2026-08-04,2026-08-01,43,12.116,concluida,False
U0024,S001414,2026-08-09,2026-08-01,95,30.32,concluida,False
U0024,S001404,2026-08-09,2026-08-01,76,23.484,concluida,False
U0024,S001408,2026-08-10,2026-08-01,96,33.352,concluida,False
U0024,S001409,2026-08-13,2026-08-01,118,37.344,concluida,False
U0024,S001412,2026-08-16,2026-08-01,53,18.156,concluida,False
U0024,S001416,2026-08-17,2026-08-01,101,29.174,concluida,False
U0024,S001419,2026-08-21,2026-08-01,60,19.917,concluida,False
U0024,S001413,2026-08-23,2026-08-01,66,21.273,concluida,False
U0024,S001411,2026-08-23,2026-08-01,112,36.146,concluida,False
U0024,S001417,2026-08-23,2026-08-01,12,3.741,concluida,False
U0024,S001418,2026-08-24,2026-08-01,265,87.498,concluida,False
U0024,S001403,2026-08-25,2026-08-01,18,6.166,concluida,False
U0024,S001410,2026-08-25,2026-08-01,140,46.216,concluida,False
U0024,S001402,2026-08-27,2026-08-01,41,12.724,concluida,False
U0024,S001407,2026-08-30,2026-08-01,18,6.191,concluida,False
U0024,S001420,2026-08-30,2026-08-01,105,31.939,concluida,False
U0025,S001426,2026-03-03,2026-03-01,86,24.191,concluida,False
U0025,S001429,2026-03-04,2026-03-01,41,12.877,interrompida,False
U0025,S001421,2026-03-04,2026-03-01,62,20.568,concluida,False
U0025,S001424,2026-03-06,2026-03-01,124,34.636,concluida,False
U0025,S001428,2026-03-09,2026-03-01,60,20.703,concluida,False
U0025,S001423,2026-03-16,2026-03-01,158,49.274,concluida,False
U0025,S001427,2026-03-19,2026-03-01,150,46.507,concluida,False
U0025,S001431,2026-03-22,2026-03-01,20,6.003,concluida,False
U0025,S001422,2026-03-24,2026-03-01,169,48.59,concluida,False
U0025,S001425,2026-03-29,2026-03-01,168,51.236,concluida,False
U0025,S001430,2026-03-30,2026-03-01,109,33.758,concluida,False
U0025,S001434,2026-04-01,2026-04-01,177,50.27,concluida,False
U0025,S001437,2026-04-01,2026-04-01,137,41.294,concluida,False
U0025,S001433,2026-04-01,2026-04-01,15,5.083,concluida,False
U0025,S001435,2026-04-12,2026-04-01,78,24.987,concluida,False
U0025,S001439,2026-04-12,2026-04-01,99,34.043,concluida,False
U0025,S001432,2026-04-13,2026-04-01,24,6.701,concluida,False
U0025,S001438,2026-04-22,2026-04-01,51,14.899,concluida,False
U0025,S001436,2026-04-22,2026-04-01,128,35.229,concluida,False
U0025,S001440,2026-04-24,2026-04-01,175,51.896,concluida,False
U0025,S001441,2026-05-05,2026-05-01,111,37.011,concluida,False
U0025,S001442,2026-05-06,2026-05-01,150,46.159,concluida,False
U0025,S001443,2026-05-08,2026-05-01,176,50.6,concluida,False
U0025,S001444,2026-05-14,2026-05-01,150,41.571,concluida,False
U0025,S001446,2026-05-22,2026-05-01,113,38.721,concluida,False
U0025,S001445,2026-05-25,2026-05-01,119,34.648,concluida,False
U0025,S001447,2026-05-28,2026-05-01,187,64.203,concluida,False
U0025,S001452,2026-06-02,2026-06-01,38,11.943,concluida,False
U0025,S001454,2026-06-04,2026-06-01,67,18.47,concluida,False
U0025,S001451,2026-06-05,2026-06-01,73,21.753,concluida,False
U0025,S001450,2026-06-11,2026-06-01,69,21.972,concluida,False
U0025,S001453,2026-06-25,2026-06-01,137,45.687,concluida,False
U0025,S001449,2026-06-26,2026-06-01,53,15.444,concluida,False
U0025,S001455,2026-06-27,2026-06-01,22,6.856,concluida,False
U0025,S001448,2026-06-30,2026-06-01,126,41.515,concluida,False
U0025,S001461,2026-07-01,2026-07-01,169,51.337,concluida,False
U0025,S001456,2026-07-20,2026-07-01,136,40.481,concluida,False
U0025,S001457,2026-07-21,2026-07-01,89,25.883,concluida,False
U0025,S001463,2026-07-23,2026-07-01,144,45.387,concluida,False
U0025,S001459,2026-07-23,2026-07-01,50,13.943,concluida,False
U0025,S001460,2026-07-24,2026-07-01,68,20.192,concluida,False
U0025,S001462,2026-07-25,2026-07-01,34,10.325,concluida,False
U0025,S001458,2026-07-26,2026-07-01,83,23.754,concluida,False
U0025,S001474,2026-08-01,2026-08-01,39,12.364,concluida,False
U0025,S001470,2026-08-04,2026-08-01,115,34.97,concluida,False
U0025,S001476,2026-08-10,2026-08-01,77,21.882,concluida,False
U0025,S001473,2026-08-12,2026-08-01,151,42.854,concluida,False
U0025,S001467,2026-08-13,2026-08-01,197,63.991,concluida,False
U0025,S001477,2026-08-13,2026-08-01,40,13.056,concluida,False
U0025,S001465,2026-08-15,2026-08-01,116,36.004,concluida,False
U0025,S001468,2026-08-16,2026-08-01,149,51.301,concluida,False
U0025,S001469,2026-08-19,2026-08-01,46,15.921,concluida,False
U0025,S001471,2026-08-21,2026-08-01,50,15.126,concluida,False
U0025,S001466,2026-08-24,2026-08-01,130,35.837,concluida,False
U0025,S001472,2026-08-25,2026-08-01,106,35.873,concluida,False
U0025,S001475,2026-08-26,2026-08-01,63,18.162,concluida,False
U0025,S001464,2026-08-28,2026-08-01,25,8.176,concluida,False
U0026,S001480,2026-03-01,2026-03-01,164,50.479,concluida,False
U0026,S001478,2026-03-03,2026-03-01,105,35.321,concluida,False
U0026,S001488,2026-03-03,2026-03-01,138,40.53,concluida,False
U0026,S001482,2026-03-04,2026-03-01,128,38.003,concluida,False
U0026,S001486,2026-03-08,2026-03-01,43,12.418,concluida,False
U0026,S001483,2026-03-08,2026-03-01,16,4.454,concluida,False
U0026,S001489,2026-03-15,2026-03-01,53,18.247,concluida,False
U0026,S001490,2026-03-18,2026-03-01,202,56.595,concluida,False
U0026,S001487,2026-03-20,2026-03-01,79,22.977,concluida,False
U0026,S001485,2026-03-20,2026-03-01,190,59.364,concluida,False
U0026,S001481,2026-03-21,2026-03-01,156,43.905,concluida,False
U0026,S001484,2026-03-22,2026-03-01,119,36.608,concluida,False
U0026,S001491,2026-03-23,2026-03-01,67,21.194,concluida,False
U0026,S001479,2026-03-25,2026-03-01,47,13.64,concluida,False
U0026,S001497,2026-04-04,2026-04-01,65,19.538,concluida,False
U0026,S001501,2026-04-05,2026-04-01,100,31.662,concluida,False
U0026,S001499,2026-04-06,2026-04-01,39,13.03,concluida,False
U0026,S001495,2026-04-09,2026-04-01,185,52.204,concluida,False
U0026,S001505,2026-04-10,2026-04-01,133,44.091,concluida,False
U0026,S001492,2026-04-11,2026-04-01,42,13.045,interrompida,False
U0026,S001494,2026-04-12,2026-04-01,115,34.438,concluida,False
U0026,S001509,2026-04-13,2026-04-01,84,26.896,concluida,False
U0026,S001503,2026-04-15,2026-04-01,91,30.353,concluida,False
U0026,S001500,2026-04-16,2026-04-01,60,17.176,interrompida,False
U0026,S001504,2026-04-17,2026-04-01,95,32.265,concluida,False
U0026,S001493,2026-04-18,2026-04-01,87,28.289,concluida,False
U0026,S001507,2026-04-18,2026-04-01,54,16.802,concluida,False
U0026,S001498,2026-04-20,2026-04-01,126,42.934,concluida,False
U0026,S001508,2026-04-22,2026-04-01,140,48.073,concluida,False
U0026,S001502,2026-04-23,2026-04-01,34,9.971,concluida,False
U0026,S001506,2026-04-24,2026-04-01,108,37.183,concluida,False
U0026,S001496,2026-04-26,2026-04-01,29,8.238,concluida,False
U0026,S001523,2026-05-01,2026-05-01,86,29.222,concluida,False
U0026,S001524,2026-05-02,2026-05-01,62,18.844,concluida,False
U0026,S001522,2026-05-04,2026-05-01,130,42.007,concluida,False
U0026,S001528,2026-05-05,2026-05-01,141,48.677,concluida,False
U0026,S001512,2026-05-06,2026-05-01,151,45.589,concluida,False
U0026,S001510,2026-05-08,2026-05-01,123,39.789,concluida,False
U0026,S001515,2026-05-10,2026-05-01,58,16.856,concluida,False
U0026,S001521,2026-05-13,2026-05-01,69,20.489,concluida,False
U0026,S001519,2026-05-13,2026-05-01,126,34.732,concluida,False
U0026,S001526,2026-05-14,2026-05-01,307,96.81,concluida,False
U0026,S001513,2026-05-14,2026-05-01,108,32.702,concluida,False
U0026,S001520,2026-05-14,2026-05-01,56,19.207,interrompida,False
U0026,S001518,2026-05-20,2026-05-01,158,181.244,concluida,True
U0026,S001511,2026-05-20,2026-05-01,45,15.558,concluida,False
U0026,S001525,2026-05-22,2026-05-01,131,45.136,concluida,False
U0026,S001527,2026-05-25,2026-05-01,178,59.136,concluida,False
U0026,S001514,2026-05-27,2026-05-01,205,69.165,concluida,False
U0026,S001517,2026-05-30,2026-05-01,68,23.151,concluida,False
U0026,S001516,2026-05-30,2026-05-01,32,10.98,concluida,False
U0026,S001540,2026-06-01,2026-06-01,80,25.875,concluida,False
U0026,S001548,2026-06-02,2026-06-01,135,39.023,concluida,False
U0026,S001545,2026-06-05,2026-06-01,117,38.546,concluida,False
U0026,S001534,2026-06-07,2026-06-01,55,17.509,concluida,False
U0026,S001546,2026-06-07,2026-06-01,40,12.308,concluida,False
U0026,S001544,2026-06-08,2026-06-01,137,40.447,concluida,False
U0026,S001547,2026-06-10,2026-06-01,79,24.472,concluida,False
U0026,S001542,2026-06-11,2026-06-01,31,8.779,concluida,False
U0026,S001543,2026-06-11,2026-06-01,187,61.591,concluida,False
U0026,S001539,2026-06-12,2026-06-01,99,30.26,concluida,False
U0026,S001535,2026-06-13,2026-06-01,95,28.033,concluida,False
U0026,S001530,2026-06-14,2026-06-01,105,31.104,concluida,False
U0026,S001533,2026-06-16,2026-06-01,123,40.885,concluida,False
U0026,S001538,2026-06-17,2026-06-01,51,16.433,concluida,False
U0026,S001536,2026-06-20,2026-06-01,93,26.195,concluida,False
U0026,S001531,2026-06-20,2026-06-01,68,22.337,concluida,False
U0026,S001537,2026-06-23,2026-06-01,119,41.278,concluida,False
U0026,S001529,2026-06-25,2026-06-01,99,28.942,concluida,False
U0026,S001532,2026-06-28,2026-06-01,45,15.656,concluida,False
U0026,S001549,2026-06-29,2026-06-01,94,28.942,concluida,False
U0026,S001541,2026-06-30,2026-06-01,71,20.05,concluida,False
U0026,S001566,2026-07-05,2026-07-01,89,25.987,concluida,False
U0026,S001553,2026-07-06,2026-07-01,60,19.803,concluida,False
U0026,S001557,2026-07-08,2026-07-01,20,6.283,concluida,False
U0026,S001556,2026-07-10,2026-07-01,123,35.812,concluida,False
U0026,S001560,2026-07-11,2026-07-01,200,68.881,concluida,False
U0026,S001561,2026-07-14,2026-07-01,71,22.709,concluida,False
U0026,S001550,2026-07-17,2026-07-01,110,37.933,concluida,False
U0026,S001563,2026-07-18,2026-07-01,79,27.395,concluida,False
U0026,S001554,2026-07-20,2026-07-01,38,11.059,interrompida,False
U0026,S001551,2026-07-23,2026-07-01,111,32.883,concluida,False
U0026,S001552,2026-07-24,2026-07-01,141,42.885,concluida,False
U0026,S001564,2026-07-24,2026-07-01,84,27.339,concluida,False
U0026,S001559,2026-07-27,2026-07-01,17,5.622,interrompida,False
U0026,S001562,2026-07-27,2026-07-01,112,32.601,concluida,False
U0026,S001565,2026-07-27,2026-07-01,83,24.168,concluida,False
U0026,S001555,2026-07-29,2026-07-01,109,36.295,concluida,False
U0026,S001558,2026-07-30,2026-07-01,34,10.024,concluida,False
U0026,S001582,2026-08-04,2026-08-01,59,20.22,concluida,False
U0026,S001572,2026-08-04,2026-08-01,193,53.267,concluida,False
U0026,S001578,2026-08-04,2026-08-01,178,171.667,concluida,True
U0026,S001583,2026-08-06,2026-08-01,35,10.987,concluida,False
U0026,S001570,2026-08-08,2026-08-01,131,44.759,concluida,False
U0026,S001581,2026-08-08,2026-08-01,158,54.532,concluida,False
U0026,S001573,2026-08-08,2026-08-01,60,16.868,concluida,False
U0026,S001579,2026-08-14,2026-08-01,301,86.028,concluida,False
U0026,S001567,2026-08-16,2026-08-01,107,33.03,concluida,False
U0026,S001577,2026-08-21,2026-08-01,123,34.935,concluida,False
U0026,S001580,2026-08-22,2026-08-01,152,49.768,concluida,False
U0026,S001571,2026-08-24,2026-08-01,133,44.456,concluida,False
U0026,S001574,2026-08-26,2026-08-01,138,47.641,concluida,False
U0026,S001576,2026-08-27,2026-08-01,64,19.043,concluida,False
U0026,S001569,2026-08-27,2026-08-01,40,13.016,concluida,False
U0026,S001575,2026-08-28,2026-08-01,85,23.905,concluida,False
U0026,S001568,2026-08-31,2026-08-01,152,43.811,concluida,False
U0027,S001589,2026-03-03,2026-03-01,55,6.437,concluida,False
U0027,S001587,2026-03-11,2026-03-01,52,5.311,concluida,False
U0027,S001590,2026-03-16,2026-03-01,218,22.753,concluida,False
U0027,S001584,2026-03-20,2026-03-01,102,10.157,concluida,False
U0027,S001585,2026-03-22,2026-03-01,59,6.815,concluida,False
U0027,S001586,2026-03-26,2026-03-01,160,18.201,concluida,False
U0027,S001588,2026-03-27,2026-03-01,123,11.721,concluida,False
U0027,S001594,2026-04-08,2026-04-01,73,22.554,concluida,True
U0027,S001593,2026-04-17,2026-04-01,46,5.136,concluida,False
U0027,S001592,2026-04-18,2026-04-01,42,4.736,concluida,False
U0027,S001591,2026-04-26,2026-04-01,26,2.996,concluida,False
U0027,S001595,2026-04-30,2026-04-01,109,10.243,concluida,False
U0027,S001601,2026-05-05,2026-05-01,160,15.52,concluida,False
U0027,S001600,2026-05-05,2026-05-01,46,16.542,concluida,True
U0027,S001609,2026-05-06,2026-05-01,167,18.757,concluida,False
U0027,S001597,2026-05-08,2026-05-01,42,4.743,concluida,False
U0027,S001596,2026-05-10,2026-05-01,53,5.091,concluida,False
U0027,S001603,2026-05-10,2026-05-01,117,11.272,concluida,False
U0027,S001598,2026-05-13,2026-05-01,115,10.712,concluida,False
U0027,S001606,2026-05-14,2026-05-01,180,17.346,concluida,False
U0027,S001602,2026-05-16,2026-05-01,122,13.459,concluida,False
U0027,S001604,2026-05-17,2026-05-01,93,8.627,concluida,False
U0027,S001605,2026-05-18,2026-05-01,284,32.081,concluida,False
U0027,S001599,2026-05-22,2026-05-01,67,6.319,concluida,False
U0027,S001607,2026-05-24,2026-05-01,124,12.695,concluida,False
U0027,S001608,2026-05-27,2026-05-01,69,7.18,concluida,False
U0027,S001612,2026-06-07,2026-06-01,10,0.975,concluida,False
U0027,S001618,2026-06-10,2026-06-01,75,7.218,concluida,False
U0027,S001614,2026-06-11,2026-06-01,5,0.509,interrompida,False
U0027,S001610,2026-06-12,2026-06-01,105,11.73,concluida,False
U0027,S001617,2026-06-17,2026-06-01,56,6.319,interrompida,False
U0027,S001615,2026-06-17,2026-06-01,49,4.913,concluida,False
U0027,S001611,2026-06-18,2026-06-01,57,5.364,concluida,False
U0027,S001613,2026-06-19,2026-06-01,120,11.233,concluida,False
U0027,S001616,2026-06-23,2026-06-01,48,4.555,concluida,False
U0027,S001621,2026-08-02,2026-08-01,83,9.137,concluida,False
U0027,S001623,2026-08-05,2026-08-01,76,8.662,concluida,False
U0027,S001620,2026-08-15,2026-08-01,236,22.594,concluida,False
U0027,S001619,2026-08-26,2026-08-01,112,12.167,concluida,False
U0027,S001622,2026-08-31,2026-08-01,35,3.727,concluida,False
U0028,S001638,2026-03-02,2026-03-01,60,20.058,concluida,False
U0028,S001634,2026-03-04,2026-03-01,156,44.962,concluida,False
U0028,S001636,2026-03-07,2026-03-01,208,68.507,concluida,False
U0028,S001625,2026-03-09,2026-03-01,94,28.355,concluida,False
U0028,S001626,2026-03-09,2026-03-01,136,47.159,concluida,False
U0028,S001632,2026-03-13,2026-03-01,107,33.899,concluida,False
U0028,S001628,2026-03-13,2026-03-01,11,3.716,concluida,False
U0028,S001624,2026-03-16,2026-03-01,65,20.043,concluida,False
U0028,S001630,2026-03-17,2026-03-01,124,36.49,concluida,False
U0028,S001629,2026-03-17,2026-03-01,26,8.341,concluida,False
U0028,S001633,2026-03-22,2026-03-01,154,46.291,concluida,False
U0028,S001631,2026-03-24,2026-03-01,162,179.373,concluida,True
U0028,S001635,2026-03-25,2026-03-01,267,77.331,concluida,False
U0028,S001627,2026-03-31,2026-03-01,89,30.817,concluida,False
U0028,S001637,2026-03-31,2026-03-01,66,18.854,concluida,False
U0028,S001647,2026-04-01,2026-04-01,47,16.015,concluida,False
U0028,S001650,2026-04-02,2026-04-01,299,98.576,concluida,False
U0028,S001640,2026-04-03,2026-04-01,71,19.886,concluida,False
U0028,S001642,2026-04-03,2026-04-01,82,27.972,concluida,False
U0028,S001648,2026-04-04,2026-04-01,101,34.959,concluida,False
U0028,S001643,2026-04-07,2026-04-01,40,13.763,concluida,False
U0028,S001646,2026-04-11,2026-04-01,99,34.386,concluida,False
U0028,S001649,2026-04-15,2026-04-01,159,53.721,concluida,False
U0028,S001645,2026-04-18,2026-04-01,105,35.757,concluida,False
U0028,S001644,2026-04-23,2026-04-01,81,24.382,concluida,False
U0028,S001641,2026-04-28,2026-04-01,142,44.515,concluida,False
U0028,S001639,2026-04-28,2026-04-01,85,29.313,concluida,False
U0028,S001663,2026-05-01,2026-05-01,28,9.306,concluida,False
U0028,S001659,2026-05-04,2026-05-01,44,14.52,concluida,False
U0028,S001651,2026-05-07,2026-05-01,23,6.679,concluida,False
U0028,S001661,2026-05-08,2026-05-01,91,28.059,concluida,False
U0028,S001664,2026-05-10,2026-05-01,148,50.497,concluida,False
U0028,S001652,2026-05-12,2026-05-01,58,17.497,concluida,False
U0028,S001656,2026-05-13,2026-05-01,97,32.686,concluida,False
U0028,S001655,2026-05-15,2026-05-01,56,16.932,concluida,False
U0028,S001660,2026-05-17,2026-05-01,98,32.742,concluida,False
U0028,S001657,2026-05-23,2026-05-01,108,37.128,concluida,False
U0028,S001653,2026-05-23,2026-05-01,86,27.742,concluida,False
U0028,S001658,2026-05-26,2026-05-01,97,27.413,concluida,False
U0028,S001654,2026-05-27,2026-05-01,74,22.661,concluida,False
U0028,S001665,2026-05-29,2026-05-01,15,4.633,interrompida,False
U0028,S001662,2026-05-31,2026-05-01,33,9.923,concluida,False
U0028,S001682,2026-06-04,2026-06-01,94,32.7,concluida,False
U0028,S001677,2026-06-04,2026-06-01,126,43.217,concluida,False
U0028,S001668,2026-06-05,2026-06-01,99,30.059,concluida,False
U0028,S001674,2026-06-06,2026-06-01,71,22.922,concluida,False
U0028,S001667,2026-06-07,2026-06-01,102,32.87,concluida,False
U0028,S001680,2026-06-07,2026-06-01,379,115.896,concluida,False
U0028,S001676,2026-06-09,2026-06-01,81,27.829,concluida,False
U0028,S001666,2026-06-11,2026-06-01,89,30.735,concluida,False
U0028,S001679,2026-06-13,2026-06-01,14,4.528,interrompida,False
U0028,S001672,2026-06-14,2026-06-01,60,19.267,concluida,False
U0028,S001669,2026-06-17,2026-06-01,117,35.928,concluida,False
U0028,S001673,2026-06-19,2026-06-01,165,45.681,concluida,False
U0028,S001670,2026-06-21,2026-06-01,121,40.234,concluida,False
U0028,S001675,2026-06-24,2026-06-01,86,28.74,concluida,False
U0028,S001681,2026-06-26,2026-06-01,18,5.255,interrompida,False
U0028,S001671,2026-06-27,2026-06-01,59,16.913,concluida,False
U0028,S001678,2026-06-29,2026-06-01,66,18.599,concluida,False
U0028,S001685,2026-07-01,2026-07-01,36,10.266,concluida,False
U0028,S001689,2026-07-04,2026-07-01,73,24.321,concluida,False
U0028,S001698,2026-07-04,2026-07-01,44,12.997,concluida,False
U0028,S001696,2026-07-04,2026-07-01,44,13.218,interrompida,False
U0028,S001700,2026-07-07,2026-07-01,67,18.669,concluida,False
U0028,S001702,2026-07-08,2026-07-01,27,7.724,interrompida,False
U0028,S001688,2026-07-09,2026-07-01,70,20.266,concluida,False
U0028,S001686,2026-07-09,2026-07-01,22,6.827,concluida,False
U0028,S001704,2026-07-11,2026-07-01,159,43.915,concluida,False
U0028,S001692,2026-07-12,2026-07-01,63,20.248,concluida,False
U0028,S001695,2026-07-12,2026-07-01,306,85.78,concluida,False
U0028,S001694,2026-07-13,2026-07-01,156,44.212,concluida,False
U0028,S001701,2026-07-14,2026-07-01,81,23.012,concluida,False
U0028,S001687,2026-07-15,2026-07-01,106,35.439,concluida,False
U0028,S001684,2026-07-17,2026-07-01,37,12.24,concluida,False
U0028,S001683,2026-07-17,2026-07-01,112,32.89,concluida,False
U0028,S001699,2026-07-19,2026-07-01,110,35.463,concluida,False
U0028,S001705,2026-07-24,2026-07-01,112,33.056,concluida,False
U0028,S001691,2026-07-27,2026-07-01,128,41.047,concluida,False
U0028,S001697,2026-07-29,2026-07-01,99,31.303,concluida,False
U0028,S001703,2026-07-30,2026-07-01,132,39.053,concluida,False
U0028,S001693,2026-07-31,2026-07-01,52,15.265,concluida,False
U0028,S001690,2026-07-31,2026-07-01,106,32.942,concluida,False
U0028,S001708,2026-08-01,2026-08-01,22,6.132,interrompida,False
U0028,S001711,2026-08-02,2026-08-01,69,19.355,concluida,False
U0028,S001716,2026-08-03,2026-08-01,53,17.553,concluida,False
U0028,S001709,2026-08-08,2026-08-01,148,41.655,concluida,False
U0028,S001712,2026-08-09,2026-08-01,31,8.912,concluida,False
U0028,S001713,2026-08-11,2026-08-01,27,7.718,concluida,False
U0028,S001706,2026-08-16,2026-08-01,268,74.625,concluida,False
U0028,S001714,2026-08-21,2026-08-01,263,85.213,concluida,False
U0028,S001717,2026-08-22,2026-08-01,35,11.512,concluida,False
U0028,S001715,2026-08-22,2026-08-01,179,62.041,concluida,False
U0028,S001707,2026-08-28,2026-08-01,143,49.467,concluida,False
U0028,S001710,2026-08-30,2026-08-01,119,40.3,concluida,False
U0029,S001727,2026-03-02,2026-03-01,143,42.184,concluida,False
U0029,S001719,2026-03-04,2026-03-01,145,42.094,concluida,False
U0029,S001728,2026-03-07,2026-03-01,151,43.623,concluida,False
U0029,S001718,2026-03-07,2026-03-01,71,23.016,concluida,False
U0029,S001726,2026-03-12,2026-03-01,97,28.183,concluida,False
U0029,S001725,2026-03-16,2026-03-01,121,37.986,concluida,False
U0029,S001729,2026-03-17,2026-03-01,128,36.225,concluida,False
U0029,S001724,2026-03-24,2026-03-01,215,62.918,concluida,False
U0029,S001720,2026-03-25,2026-03-01,55,17.983,concluida,False
U0029,S001722,2026-03-25,2026-03-01,219,63.244,concluida,False
U0029,S001721,2026-03-30,2026-03-01,97,28.231,concluida,False
U0029,S001723,2026-03-31,2026-03-01,119,37.762,concluida,False
U0029,S001730,2026-04-02,2026-04-01,78,21.654,concluida,False
U0029,S001732,2026-04-04,2026-04-01,30,9.865,concluida,False
U0029,S001736,2026-04-06,2026-04-01,123,36.821,concluida,False
U0029,S001733,2026-04-06,2026-04-01,81,23.484,concluida,False
U0029,S001731,2026-04-09,2026-04-01,183,62.169,concluida,False
U0029,S001737,2026-04-14,2026-04-01,24,6.637,concluida,False
U0029,S001739,2026-04-16,2026-04-01,179,52.474,concluida,False
U0029,S001738,2026-04-22,2026-04-01,108,36.456,concluida,False
U0029,S001735,2026-04-24,2026-04-01,105,35.44,concluida,False
U0029,S001734,2026-04-24,2026-04-01,170,47.925,concluida,False
U0029,S001740,2026-04-27,2026-04-01,66,20.692,concluida,False
U0029,S001744,2026-06-04,2026-06-01,78,25.373,concluida,False
U0029,S001747,2026-06-07,2026-06-01,176,60.723,concluida,False
U0029,S001742,2026-06-09,2026-06-01,25,7.716,concluida,False
U0029,S001749,2026-06-13,2026-06-01,59,18.03,concluida,False
U0029,S001741,2026-06-15,2026-06-01,54,17.76,concluida,False
U0029,S001750,2026-06-19,2026-06-01,95,31.014,concluida,False
U0029,S001746,2026-06-19,2026-06-01,103,33.581,concluida,False
U0029,S001745,2026-06-28,2026-06-01,15,4.85,concluida,False
U0029,S001748,2026-06-29,2026-06-01,78,22.451,concluida,False
U0029,S001743,2026-06-29,2026-06-01,64,21.235,concluida,False
U0029,S001755,2026-07-02,2026-07-01,84,23.948,concluida,False
U0029,S001758,2026-07-08,2026-07-01,127,41.244,concluida,False
U0029,S001761,2026-07-09,2026-07-01,44,13.443,concluida,False
U0029,S001751,2026-07-10,2026-07-01,22,7.614,concluida,False
U0029,S001753,2026-07-10,2026-07-01,87,65.993,concluida,True
U0029,S001757,2026-07-19,2026-07-01,66,18.541,concluida,False
U0029,S001752,2026-07-22,2026-07-01,54,16.922,concluida,False
U0029,S001760,2026-07-22,2026-07-01,51,15.231,concluida,False
U0029,S001754,2026-07-27,2026-07-01,202,173.764,concluida,True
U0029,S001759,2026-07-29,2026-07-01,94,32.193,concluida,False
U0029,S001756,2026-07-31,2026-07-01,244,79.861,concluida,False
U0029,S001775,2026-08-03,2026-08-01,47,13.452,concluida,False
U0029,S001768,2026-08-05,2026-08-01,54,17.504,concluida,False
U0029,S001776,2026-08-07,2026-08-01,72,22.301,concluida,False
U0029,S001773,2026-08-08,2026-08-01,61,19.798,concluida,False
U0029,S001770,2026-08-11,2026-08-01,131,36.961,concluida,False
U0029,S001779,2026-08-14,2026-08-01,32,10.293,concluida,False
U0029,S001764,2026-08-15,2026-08-01,37,11.335,concluida,False
U0029,S001763,2026-08-17,2026-08-01,74,24.117,concluida,False
U0029,S001762,2026-08-18,2026-08-01,116,35.098,concluida,False
U0029,S001767,2026-08-20,2026-08-01,96,32.735,concluida,False
U0029,S001766,2026-08-20,2026-08-01,31,9.212,concluida,False
U0029,S001772,2026-08-23,2026-08-01,78,24.403,concluida,False
U0029,S001774,2026-08-24,2026-08-01,45,12.396,concluida,False
U0029,S001778,2026-08-27,2026-08-01,12,3.781,concluida,False
U0029,S001769,2026-08-27,2026-08-01,93,26.152,concluida,False
U0029,S001771,2026-08-28,2026-08-01,35,9.937,concluida,False
U0029,S001777,2026-08-30,2026-08-01,83,24.651,concluida,False
U0029,S001765,2026-08-30,2026-08-01,170,47.079,concluida,False
U0030,S001782,2026-03-13,2026-03-01,58,6.509,concluida,False
U0030,S001780,2026-03-17,2026-03-01,119,13.061,concluida,False
U0030,S001781,2026-03-22,2026-03-01,115,13.358,concluida,False
U0030,S001784,2026-04-02,2026-04-01,160,18.38,concluida,False
U0030,S001790,2026-04-05,2026-04-01,73,7.336,concluida,False
U0030,S001785,2026-04-09,2026-04-01,198,23.11,concluida,False
U0030,S001788,2026-04-09,2026-04-01,111,12.356,concluida,False
U0030,S001787,2026-04-12,2026-04-01,136,14.993,concluida,False
U0030,S001786,2026-04-12,2026-04-01,91,10.003,concluida,False
U0030,S001789,2026-04-13,2026-04-01,108,11.604,concluida,False
U0030,S001783,2026-04-15,2026-04-01,13,1.439,interrompida,False
U0030,S001791,2026-05-03,2026-05-01,67,6.246,concluida,False
U0030,S001793,2026-05-04,2026-05-01,165,18.847,concluida,False
U0030,S001792,2026-05-16,2026-05-01,178,19.448,concluida,False
U0030,S001794,2026-05-30,2026-05-01,34,3.197,concluida,False
U0030,S001796,2026-06-04,2026-06-01,125,12.948,concluida,False
U0030,S001801,2026-06-07,2026-06-01,55,5.369,concluida,False
U0030,S001797,2026-06-07,2026-06-01,133,13.914,concluida,False
U0030,S001800,2026-06-11,2026-06-01,55,6.013,concluida,False
U0030,S001798,2026-06-14,2026-06-01,111,11.715,concluida,False
U0030,S001799,2026-06-21,2026-06-01,20,7.044,interrompida,True
U0030,S001795,2026-06-25,2026-06-01,160,17.194,concluida,False
U0030,S001806,2026-07-03,2026-07-01,190,20.272,concluida,False
U0030,S001803,2026-07-05,2026-07-01,60,6.316,concluida,False
U0030,S001809,2026-07-09,2026-07-01,74,7.456,concluida,False
U0030,S001805,2026-07-13,2026-07-01,94,9.525,concluida,False
U0030,S001807,2026-07-13,2026-07-01,105,9.859,concluida,False
U0030,S001804,2026-07-20,2026-07-01,172,17.314,concluida,False
U0030,S001802,2026-07-26,2026-07-01,56,5.786,concluida,False
U0030,S001808,2026-07-30,2026-07-01,45,5.256,concluida,False
U0030,S001814,2026-08-02,2026-08-01,117,12.287,concluida,False
U0030,S001819,2026-08-12,2026-08-01,42,4.24,concluida,False
U0030,S001812,2026-08-12,2026-08-01,144,16.694,concluida,False
U0030,S001817,2026-08-18,2026-08-01,113,10.598,concluida,False
U0030,S001818,2026-08-23,2026-08-01,68,7.212,concluida,False
U0030,S001816,2026-08-25,2026-08-01,70,7.876,concluida,False
U0030,S001815,2026-08-26,2026-08-01,79,9.015,concluida,False
U0030,S001811,2026-08-26,2026-08-01,57,6.544,concluida,False
U0030,S001813,2026-08-29,2026-08-01,96,10.014,concluida,False
U0030,S001810,2026-08-30,2026-08-01,203,22.099,concluida,False
U0031,S001823,2026-05-03,2026-05-01,56,9.627,concluida,False
U0031,S001821,2026-05-05,2026-05-01,178,25.654,concluida,False
U0031,S001822,2026-05-10,2026-05-01,211,33.702,concluida,False
U0031,S001825,2026-05-25,2026-05-01,118,17.491,concluida,False
U0031,S001820,2026-05-26,2026-05-01,94,15.935,concluida,False
U0031,S001824,2026-05-29,2026-05-01,116,19.603,concluida,False
U0031,S001826,2026-06-02,2026-06-01,78,13.3,concluida,False
U0031,S001829,2026-06-02,2026-06-01,104,16.963,concluida,False
U0031,S001827,2026-06-03,2026-06-01,219,37.436,concluida,False
U0031,S001828,2026-06-24,2026-06-01,62,9.004,concluida,False
U0031,S001832,2026-07-02,2026-07-01,103,14.939,concluida,False
U0031,S001831,2026-07-02,2026-07-01,88,45.67,concluida,True
U0031,S001833,2026-07-22,2026-07-01,132,18.302,concluida,False
U0031,S001830,2026-07-27,2026-07-01,71,10.466,concluida,False
U0031,S001834,2026-07-30,2026-07-01,117,19.98,concluida,False
U0031,S001838,2026-08-06,2026-08-01,127,19.639,concluida,False
U0031,S001839,2026-08-09,2026-08-01,217,35.269,concluida,False
U0031,S001835,2026-08-24,2026-08-01,77,12.342,concluida,False
U0031,S001836,2026-08-26,2026-08-01,32,5.049,concluida,False
U0031,S001837,2026-08-28,2026-08-01,76,11.742,concluida,False
U0032,S001852,2026-03-03,2026-03-01,96,29.402,concluida,False
U0032,S001846,2026-03-05,2026-03-01,102,32.765,concluida,False
U0032,S001851,2026-03-08,2026-03-01,46,13.749,concluida,False
U0032,S001847,2026-03-08,2026-03-01,142,45.867,concluida,False
U0032,S001849,2026-03-09,2026-03-01,115,37.346,concluida,False
U0032,S001840,2026-03-11,2026-03-01,26,7.902,concluida,False
U0032,S001845,2026-03-15,2026-03-01,93,27.335,concluida,False
U0032,S001844,2026-03-19,2026-03-01,28,8.268,concluida,False
U0032,S001848,2026-03-19,2026-03-01,187,52.0,concluida,False
U0032,S001850,2026-03-20,2026-03-01,67,20.143,concluida,False
U0032,S001841,2026-03-26,2026-03-01,77,25.75,concluida,False
U0032,S001842,2026-03-27,2026-03-01,72,61.011,concluida,True
U0032,S001843,2026-03-31,2026-03-01,107,33.193,concluida,False
U0032,S001857,2026-04-03,2026-04-01,72,25.039,concluida,False
U0032,S001855,2026-04-04,2026-04-01,229,66.526,concluida,False
U0032,S001856,2026-04-07,2026-04-01,67,22.676,interrompida,False
U0032,S001853,2026-04-11,2026-04-01,37,12.61,concluida,False
U0032,S001862,2026-04-12,2026-04-01,17,5.114,concluida,False
U0032,S001861,2026-04-15,2026-04-01,75,24.74,concluida,False
U0032,S001858,2026-04-18,2026-04-01,56,15.898,concluida,False
U0032,S001854,2026-04-20,2026-04-01,84,24.088,concluida,False
U0032,S001863,2026-04-20,2026-04-01,98,30.177,concluida,False
U0032,S001859,2026-04-22,2026-04-01,87,27.245,concluida,False
U0032,S001860,2026-04-30,2026-04-01,132,39.482,concluida,False
U0032,S001872,2026-05-03,2026-05-01,95,32.539,concluida,False
U0032,S001870,2026-05-05,2026-05-01,39,12.718,concluida,False
U0032,S001869,2026-05-05,2026-05-01,69,23.361,concluida,False
U0032,S001877,2026-05-08,2026-05-01,73,22.716,concluida,False
U0032,S001878,2026-05-10,2026-05-01,105,31.832,concluida,False
U0032,S001876,2026-05-11,2026-05-01,32,9.215,concluida,False
U0032,S001866,2026-05-14,2026-05-01,79,27.421,concluida,False
U0032,S001865,2026-05-20,2026-05-01,121,40.337,concluida,False
U0032,S001868,2026-05-24,2026-05-01,82,23.462,interrompida,False
U0032,S001873,2026-05-24,2026-05-01,130,39.904,concluida,False
U0032,S001874,2026-05-24,2026-05-01,199,63.329,concluida,False
U0032,S001879,2026-05-27,2026-05-01,90,30.574,concluida,False
U0032,S001875,2026-05-29,2026-05-01,94,29.942,concluida,False
U0032,S001871,2026-05-29,2026-05-01,85,28.975,concluida,False
U0032,S001867,2026-05-29,2026-05-01,12,4.096,interrompida,False
U0032,S001864,2026-05-30,2026-05-01,45,13.183,concluida,False
U0032,S001884,2026-06-01,2026-06-01,7,2.461,interrompida,False
U0032,S001883,2026-06-01,2026-06-01,47,16.036,concluida,False
U0032,S001880,2026-06-04,2026-06-01,39,11.54,concluida,False
U0032,S001889,2026-06-06,2026-06-01,95,28.461,concluida,False
U0032,S001891,2026-06-07,2026-06-01,121,38.228,concluida,False
U0032,S001881,2026-06-08,2026-06-01,66,18.97,concluida,False
U0032,S001892,2026-06-08,2026-06-01,271,86.178,concluida,False
U0032,S001887,2026-06-09,2026-06-01,139,47.037,concluida,False
U0032,S001888,2026-06-12,2026-06-01,53,14.882,concluida,False
U0032,S001890,2026-06-23,2026-06-01,139,41.434,concluida,False
U0032,S001886,2026-06-23,2026-06-01,88,30.132,concluida,False
U0032,S001885,2026-06-24,2026-06-01,133,41.655,concluida,False
U0032,S001882,2026-06-30,2026-06-01,151,48.905,concluida,False
U0032,S001895,2026-07-01,2026-07-01,406,113.653,concluida,False
U0032,S001904,2026-07-02,2026-07-01,138,45.761,concluida,False
U0032,S001896,2026-07-02,2026-07-01,79,25.711,concluida,False
U0032,S001893,2026-07-05,2026-07-01,27,9.036,concluida,False
U0032,S001900,2026-07-14,2026-07-01,74,22.116,concluida,False
U0032,S001899,2026-07-20,2026-07-01,13,4.093,concluida,False
U0032,S001897,2026-07-21,2026-07-01,111,34.467,concluida,False
U0032,S001894,2026-07-21,2026-07-01,10,2.815,concluida,False
U0032,S001903,2026-07-22,2026-07-01,11,3.048,concluida,False
U0032,S001902,2026-07-25,2026-07-01,202,62.716,concluida,False
U0032,S001898,2026-07-27,2026-07-01,80,27.134,concluida,False
U0032,S001901,2026-07-31,2026-07-01,171,55.309,concluida,False
U0032,S001915,2026-08-02,2026-08-01,132,43.559,concluida,False
U0032,S001913,2026-08-02,2026-08-01,380,105.058,concluida,False
U0032,S001909,2026-08-03,2026-08-01,104,33.975,concluida,False
U0032,S001908,2026-08-05,2026-08-01,86,27.054,concluida,False
U0032,S001916,2026-08-05,2026-08-01,47,15.477,concluida,False
U0032,S001906,2026-08-11,2026-08-01,26,8.711,concluida,False
U0032,S001905,2026-08-14,2026-08-01,63,18.529,concluida,False
U0032,S001917,2026-08-17,2026-08-01,77,25.147,concluida,False
U0032,S001907,2026-08-18,2026-08-01,80,26.573,concluida,False
U0032,S001910,2026-08-21,2026-08-01,71,22.225,concluida,False
U0032,S001914,2026-08-26,2026-08-01,47,13.071,concluida,False
U0032,S001911,2026-08-27,2026-08-01,115,34.961,concluida,False
U0032,S001912,2026-08-30,2026-08-01,40,11.972,concluida,False
U0033,S001918,2026-03-04,2026-03-01,60,9.544,concluida,False
U0033,S001920,2026-03-07,2026-03-01,115,16.927,concluida,False
U0033,S001921,2026-03-14,2026-03-01,50,7.282,concluida,False
U0033,S001919,2026-03-26,2026-03-01,58,8.879,concluida,False
U0033,S001922,2026-03-30,2026-03-01,53,27.015,concluida,True
U0033,S001928,2026-04-02,2026-04-01,271,42.165,concluida,False
U0033,S001929,2026-04-02,2026-04-01,91,14.811,concluida,False
U0033,S001926,2026-04-07,2026-04-01,164,28.215,concluida,False
U0033,S001925,2026-04-11,2026-04-01,32,5.35,concluida,False
U0033,S001924,2026-04-13,2026-04-01,34,4.964,concluida,False
U0033,S001927,2026-04-20,2026-04-01,66,10.221,concluida,False
U0033,S001930,2026-04-23,2026-04-01,83,13.71,concluida,False
U0033,S001923,2026-04-25,2026-04-01,112,18.335,concluida,False
U0033,S001934,2026-05-02,2026-05-01,135,20.662,concluida,False
U0033,S001935,2026-05-05,2026-05-01,98,44.472,concluida,True
U0033,S001933,2026-05-06,2026-05-01,43,7.092,concluida,False
U0033,S001931,2026-05-11,2026-05-01,43,7.03,concluida,False
U0033,S001938,2026-05-17,2026-05-01,99,14.524,concluida,False
U0033,S001937,2026-05-19,2026-05-01,118,16.943,concluida,False
U0033,S001936,2026-05-24,2026-05-01,178,30.22,concluida,False
U0033,S001932,2026-05-30,2026-05-01,135,20.67,concluida,False
U0033,S001940,2026-06-05,2026-06-01,124,17.355,concluida,False
U0033,S001939,2026-06-06,2026-06-01,13,2.128,concluida,False
U0033,S001941,2026-06-07,2026-06-01,149,21.0,concluida,False
U0033,S001945,2026-06-18,2026-06-01,151,24.315,concluida,False
U0033,S001944,2026-06-19,2026-06-01,127,18.886,concluida,False
U0033,S001942,2026-06-20,2026-06-01,101,14.135,concluida,False
U0033,S001943,2026-06-21,2026-06-01,94,16.123,concluida,False
U0033,S001949,2026-07-05,2026-07-01,5,0.364,interrompida,False
U0033,S001948,2026-07-07,2026-07-01,138,18.989,concluida,False
U0033,S001951,2026-07-08,2026-07-01,133,20.205,concluida,False
U0033,S001946,2026-07-09,2026-07-01,160,23.543,concluida,False
U0033,S001952,2026-07-10,2026-07-01,259,40.57,concluida,False
U0033,S001947,2026-07-11,2026-07-01,93,15.42,concluida,False
U0033,S001950,2026-07-17,2026-07-01,223,34.258,concluida,False
U0033,S001954,2026-07-18,2026-07-01,120,18.656,concluida,False
U0033,S001953,2026-07-31,2026-07-01,117,20.144,concluida,False
U0033,S001958,2026-08-01,2026-08-01,31,4.615,concluida,False
U0033,S001957,2026-08-13,2026-08-01,38,17.316,concluida,True
U0033,S001955,2026-08-21,2026-08-01,72,10.37,concluida,False
U0033,S001956,2026-08-24,2026-08-01,111,16.133,concluida,False
U0034,S001963,2026-03-02,2026-03-01,146,40.459,concluida,False
U0034,S001969,2026-03-03,2026-03-01,71,23.821,concluida,False
U0034,S001970,2026-03-06,2026-03-01,151,42.018,concluida,False
U0034,S001962,2026-03-06,2026-03-01,82,27.06,concluida,False
U0034,S001965,2026-03-15,2026-03-01,160,52.338,concluida,False
U0034,S001968,2026-03-17,2026-03-01,27,9.287,concluida,False
U0034,S001959,2026-03-20,2026-03-01,32,8.879,concluida,False
U0034,S001960,2026-03-23,2026-03-01,63,18.494,concluida,False
U0034,S001961,2026-03-28,2026-03-01,171,58.657,concluida,False
U0034,S001964,2026-03-28,2026-03-01,111,31.597,concluida,False
U0034,S001966,2026-03-28,2026-03-01,168,54.271,concluida,False
U0034,S001967,2026-03-29,2026-03-01,30,8.622,concluida,False
U0034,S001973,2026-04-06,2026-04-01,181,57.622,concluida,False
U0034,S001974,2026-04-07,2026-04-01,93,28.129,concluida,False
U0034,S001978,2026-04-09,2026-04-01,340,104.461,concluida,False
U0034,S001975,2026-04-10,2026-04-01,211,68.561,concluida,False
U0034,S001971,2026-04-10,2026-04-01,26,8.219,concluida,False
U0034,S001976,2026-04-10,2026-04-01,74,22.408,concluida,False
U0034,S001979,2026-04-12,2026-04-01,131,42.191,concluida,False
U0034,S001977,2026-04-14,2026-04-01,151,50.774,concluida,False
U0034,S001972,2026-04-19,2026-04-01,159,49.124,concluida,False
U0034,S001990,2026-05-02,2026-05-01,144,48.866,concluida,False
U0034,S001982,2026-05-03,2026-05-01,130,43.123,concluida,False
U0034,S001992,2026-05-06,2026-05-01,108,31.018,concluida,False
U0034,S001989,2026-05-09,2026-05-01,85,25.701,concluida,False
U0034,S001987,2026-05-10,2026-05-01,37,11.442,concluida,False
U0034,S001985,2026-05-11,2026-05-01,70,19.787,concluida,False
U0034,S001981,2026-05-12,2026-05-01,78,26.088,concluida,False
U0034,S001991,2026-05-14,2026-05-01,118,39.148,concluida,False
U0034,S001986,2026-05-14,2026-05-01,85,25.461,concluida,False
U0034,S001984,2026-05-19,2026-05-01,50,15.115,concluida,False
U0034,S001988,2026-05-19,2026-05-01,60,19.556,concluida,False
U0034,S001983,2026-05-30,2026-05-01,30,9.387,concluida,False
U0034,S001980,2026-05-31,2026-05-01,104,33.063,concluida,False
U0034,S001993,2026-05-31,2026-05-01,222,73.29,concluida,False
U0034,S001996,2026-06-03,2026-06-01,57,16.662,concluida,False
U0034,S001997,2026-06-05,2026-06-01,41,35.456,concluida,True
U0034,S001994,2026-06-10,2026-06-01,326,107.958,concluida,False
U0034,S002000,2026-06-11,2026-06-01,117,40.2,concluida,False
U0034,S001995,2026-06-15,2026-06-01,104,33.623,concluida,False
U0034,S001998,2026-06-16,2026-06-01,115,37.417,concluida,False
U0034,S002001,2026-06-27,2026-06-01,122,40.084,concluida,False
U0034,S001999,2026-06-27,2026-06-01,56,18.3,concluida,False
U0034,S002013,2026-07-04,2026-07-01,51,14.694,concluida,False
U0034,S002014,2026-07-05,2026-07-01,141,42.261,concluida,False
U0034,S002009,2026-07-06,2026-07-01,85,24.177,concluida,False
U0034,S002007,2026-07-06,2026-07-01,10,3.042,concluida,False
U0034,S002006,2026-07-10,2026-07-01,38,11.528,concluida,False
U0034,S002005,2026-07-10,2026-07-01,41,11.554,concluida,False
U0034,S002008,2026-07-12,2026-07-01,176,57.856,concluida,False
U0034,S002003,2026-07-12,2026-07-01,53,15.896,concluida,False
U0034,S002011,2026-07-14,2026-07-01,108,35.577,concluida,False
U0034,S002010,2026-07-16,2026-07-01,31,10.707,concluida,False
U0034,S002012,2026-07-17,2026-07-01,55,18.275,concluida,False
U0034,S002002,2026-07-22,2026-07-01,24,8.523,interrompida,False
U0034,S002004,2026-07-30,2026-07-01,79,25.465,concluida,False
U0034,S002018,2026-08-01,2026-08-01,174,51.992,concluida,False
U0034,S002020,2026-08-05,2026-08-01,73,20.849,concluida,False
U0034,S002015,2026-08-14,2026-08-01,75,23.215,interrompida,False
U0034,S002019,2026-08-24,2026-08-01,84,26.373,concluida,False
U0034,S002017,2026-08-25,2026-08-01,152,42.062,concluida,False
U0034,S002016,2026-08-29,2026-08-01,101,32.859,concluida,False
U0035,S002022,2026-03-02,2026-03-01,118,11.939,interrompida,False
U0035,S002023,2026-03-13,2026-03-01,92,10.735,concluida,False
U0035,S002024,2026-03-14,2026-03-01,187,17.401,concluida,False
U0035,S002021,2026-03-23,2026-03-01,25,2.463,concluida,False
U0035,S002025,2026-03-27,2026-03-01,59,6.088,concluida,False
U0035,S002028,2026-04-09,2026-04-01,43,4.69,concluida,False
U0035,S002027,2026-04-12,2026-04-01,65,6.771,concluida,False
U0035,S002026,2026-04-20,2026-04-01,159,16.822,concluida,False
U0035,S002029,2026-05-01,2026-05-01,41,4.002,concluida,False
U0035,S002031,2026-05-08,2026-05-01,161,17.708,concluida,False
U0035,S002030,2026-05-09,2026-05-01,216,23.172,concluida,False
U0035,S002034,2026-06-07,2026-06-01,10,1.097,concluida,False
U0035,S002033,2026-06-11,2026-06-01,69,6.927,concluida,False
U0035,S002032,2026-06-19,2026-06-01,100,10.816,concluida,False
U0035,S002035,2026-06-22,2026-06-01,104,11.086,concluida,False
U0035,S002036,2026-07-07,2026-07-01,160,18.687,concluida,False
U0035,S002037,2026-07-15,2026-07-01,83,8.634,concluida,False
U0035,S002039,2026-08-08,2026-08-01,235,27.077,concluida,False
U0035,S002038,2026-08-14,2026-08-01,11,1.024,concluida,False
U0036,S002040,2026-03-13,2026-03-01,116,33.698,concluida,False
U0036,S002041,2026-03-25,2026-03-01,124,43.051,concluida,False
U0036,S002042,2026-03-25,2026-03-01,39,11.921,concluida,False
U0036,S002049,2026-04-06,2026-04-01,72,23.103,concluida,False
U0036,S002045,2026-04-06,2026-04-01,101,128.235,concluida,True
U0036,S002044,2026-04-08,2026-04-01,109,33.204,concluida,False
U0036,S002047,2026-04-14,2026-04-01,26,7.79,interrompida,False
U0036,S002048,2026-04-20,2026-04-01,55,18.078,concluida,False
U0036,S002046,2026-04-21,2026-04-01,264,85.83,concluida,False
U0036,S002043,2026-04-22,2026-04-01,53,17.245,concluida,False
U0036,S002050,2026-06-18,2026-06-01,39,13.194,concluida,False
U0036,S002051,2026-06-24,2026-06-01,96,28.085,concluida,False
U0036,S002055,2026-07-08,2026-07-01,50,16.398,concluida,False
U0036,S002052,2026-07-10,2026-07-01,137,46.661,concluida,False
U0036,S002054,2026-07-17,2026-07-01,56,15.856,concluida,False
U0036,S002053,2026-07-22,2026-07-01,136,41.825,concluida,False
U0036,S002059,2026-08-12,2026-08-01,181,59.287,concluida,False
U0036,S002058,2026-08-15,2026-08-01,83,27.863,concluida,False
U0036,S002056,2026-08-28,2026-08-01,20,6.96,concluida,False
U0036,S002057,2026-08-31,2026-08-01,161,54.705,concluida,False
U0037,S002060,2026-03-04,2026-03-01,212,71.469,concluida,False
U0037,S002069,2026-03-09,2026-03-01,17,4.959,concluida,False
U0037,S002064,2026-03-10,2026-03-01,86,26.454,concluida,False
U0037,S002063,2026-03-15,2026-03-01,49,16.023,concluida,False
U0037,S002071,2026-03-16,2026-03-01,154,52.514,concluida,False
U0037,S002072,2026-03-17,2026-03-01,173,52.37,concluida,False
U0037,S002067,2026-03-19,2026-03-01,41,12.191,concluida,False
U0037,S002070,2026-03-19,2026-03-01,80,23.522,concluida,False
U0037,S002065,2026-03-20,2026-03-01,85,28.121,concluida,False
U0037,S002061,2026-03-24,2026-03-01,86,25.961,concluida,False
U0037,S002068,2026-03-24,2026-03-01,57,18.58,concluida,False
U0037,S002062,2026-03-26,2026-03-01,98,28.46,concluida,False
U0037,S002066,2026-03-29,2026-03-01,84,26.571,concluida,False
U0037,S002073,2026-04-06,2026-04-01,78,26.642,interrompida,False
U0037,S002074,2026-04-07,2026-04-01,101,28.887,concluida,False
U0037,S002078,2026-04-09,2026-04-01,120,41.463,concluida,False
U0037,S002075,2026-04-21,2026-04-01,34,10.239,concluida,False
U0037,S002077,2026-04-24,2026-04-01,15,4.593,interrompida,False
U0037,S002076,2026-04-27,2026-04-01,267,89.985,concluida,False
U0037,S002088,2026-06-01,2026-06-01,124,40.961,concluida,False
U0037,S002080,2026-06-08,2026-06-01,113,37.02,concluida,False
U0037,S002084,2026-06-11,2026-06-01,70,22.504,concluida,False
U0037,S002089,2026-06-11,2026-06-01,80,24.835,concluida,False
U0037,S002085,2026-06-16,2026-06-01,104,29.362,concluida,False
U0037,S002081,2026-06-18,2026-06-01,54,15.212,concluida,False
U0037,S002086,2026-06-19,2026-06-01,115,36.531,concluida,False
U0037,S002079,2026-06-19,2026-06-01,186,54.532,concluida,False
U0037,S002083,2026-06-19,2026-06-01,125,39.703,concluida,False
U0037,S002087,2026-06-25,2026-06-01,59,17.068,concluida,False
U0037,S002082,2026-06-29,2026-06-01,73,20.785,concluida,False
U0037,S002094,2026-07-07,2026-07-01,47,13.3,concluida,False
U0037,S002090,2026-07-11,2026-07-01,13,4.221,concluida,False
U0037,S002095,2026-07-11,2026-07-01,55,17.264,concluida,False
U0037,S002092,2026-07-16,2026-07-01,126,36.302,concluida,False
U0037,S002099,2026-07-16,2026-07-01,45,15.201,concluida,False
U0037,S002096,2026-07-19,2026-07-01,70,20.044,concluida,False
U0037,S002098,2026-07-21,2026-07-01,27,8.987,concluida,False
U0037,S002091,2026-07-25,2026-07-01,74,22.996,concluida,False
U0037,S002097,2026-07-28,2026-07-01,63,20.144,concluida,False
U0037,S002093,2026-07-30,2026-07-01,67,20.603,concluida,False
U0037,S002101,2026-08-01,2026-08-01,74,25.451,concluida,False
U0037,S002108,2026-08-02,2026-08-01,199,55.544,concluida,False
U0037,S002103,2026-08-10,2026-08-01,162,48.987,concluida,False
U0037,S002102,2026-08-15,2026-08-01,17,5.017,concluida,False
U0037,S002104,2026-08-18,2026-08-01,132,43.454,concluida,False
U0037,S002107,2026-08-23,2026-08-01,143,46.734,concluida,False
U0037,S002100,2026-08-27,2026-08-01,84,25.043,concluida,False
U0037,S002105,2026-08-28,2026-08-01,117,33.092,concluida,False
U0037,S002106,2026-08-31,2026-08-01,18,5.733,concluida,False
U0038,S002109,2026-03-04,2026-03-01,182,17.438,concluida,False
U0038,S002114,2026-03-06,2026-03-01,200,20.81,concluida,False
U0038,S002115,2026-03-09,2026-03-01,17,1.922,interrompida,False
U0038,S002111,2026-03-15,2026-03-01,168,16.899,concluida,False
U0038,S002112,2026-03-23,2026-03-01,79,7.581,concluida,False
U0038,S002116,2026-03-26,2026-03-01,58,6.507,concluida,False
U0038,S002110,2026-03-27,2026-03-01,39,4.448,concluida,False
U0038,S002113,2026-03-31,2026-03-01,39,3.955,concluida,False
U0038,S002124,2026-04-01,2026-04-01,46,4.511,concluida,False
U0038,S002117,2026-04-01,2026-04-01,37,3.908,interrompida,False
U0038,S002118,2026-04-10,2026-04-01,54,5.44,concluida,False
U0038,S002119,2026-04-18,2026-04-01,130,12.385,concluida,False
U0038,S002120,2026-04-19,2026-04-01,122,12.695,concluida,False
U0038,S002125,2026-04-19,2026-04-01,98,10.921,concluida,False
U0038,S002122,2026-04-21,2026-04-01,148,13.957,concluida,False
U0038,S002121,2026-04-25,2026-04-01,59,6.085,concluida,False
U0038,S002123,2026-04-29,2026-04-01,66,6.759,concluida,False
U0038,S002131,2026-05-04,2026-05-01,65,7.622,interrompida,False
U0038,S002134,2026-05-06,2026-05-01,68,6.642,concluida,False
U0038,S002127,2026-05-07,2026-05-01,40,3.891,interrompida,False
U0038,S002132,2026-05-13,2026-05-01,188,19.462,concluida,False
U0038,S002128,2026-05-18,2026-05-01,172,19.96,concluida,False
U0038,S002133,2026-05-19,2026-05-01,277,26.474,concluida,False
U0038,S002129,2026-05-22,2026-05-01,82,7.993,concluida,False
U0038,S002126,2026-05-29,2026-05-01,73,8.04,concluida,False
U0038,S002130,2026-05-30,2026-05-01,205,20.061,concluida,False
U0038,S002140,2026-06-02,2026-06-01,212,78.806,concluida,True
U0038,S002136,2026-06-09,2026-06-01,67,23.648,concluida,True
U0038,S002135,2026-06-14,2026-06-01,73,7.131,concluida,False
U0038,S002138,2026-06-28,2026-06-01,186,18.585,concluida,False
U0038,S002137,2026-06-28,2026-06-01,126,12.757,concluida,False
U0038,S002139,2026-06-29,2026-06-01,125,11.611,concluida,False
U0038,S002146,2026-07-01,2026-07-01,60,6.246,concluida,False
U0038,S002147,2026-07-02,2026-07-01,18,1.832,concluida,False
U0038,S002148,2026-07-04,2026-07-01,63,6.369,concluida,False
U0038,S002149,2026-07-04,2026-07-01,120,12.475,concluida,False
U0038,S002150,2026-07-05,2026-07-01,72,7.731,concluida,False
U0038,S002142,2026-07-12,2026-07-01,138,14.177,concluida,False
U0038,S002143,2026-07-24,2026-07-01,93,10.461,concluida,False
U0038,S002141,2026-07-25,2026-07-01,156,14.665,concluida,False
U0038,S002144,2026-07-26,2026-07-01,132,12.308,concluida,False
U0038,S002151,2026-07-29,2026-07-01,56,5.535,concluida,False
U0038,S002145,2026-07-30,2026-07-01,96,9.508,concluida,False
U0038,S002158,2026-08-01,2026-08-01,37,4.002,concluida,False
U0038,S002155,2026-08-06,2026-08-01,49,5.329,concluida,False
U0038,S002152,2026-08-16,2026-08-01,43,4.772,concluida,False
U0038,S002153,2026-08-17,2026-08-01,238,26.744,concluida,False
U0038,S002154,2026-08-23,2026-08-01,128,12.731,concluida,False
U0038,S002157,2026-08-24,2026-08-01,113,12.682,concluida,False
U0038,S002156,2026-08-25,2026-08-01,56,5.362,concluida,False
U0039,S002179,2026-03-04,2026-03-01,201,66.178,concluida,False
U0039,S002174,2026-03-05,2026-03-01,11,3.794,interrompida,False
U0039,S002180,2026-03-05,2026-03-01,110,32.472,concluida,False
U0039,S002176,2026-03-05,2026-03-01,85,26.373,concluida,False
U0039,S002175,2026-03-07,2026-03-01,179,58.853,concluida,False
U0039,S002162,2026-03-09,2026-03-01,81,27.069,concluida,False
U0039,S002166,2026-03-10,2026-03-01,145,44.513,concluida,False
U0039,S002167,2026-03-13,2026-03-01,76,26.146,concluida,False
U0039,S002177,2026-03-13,2026-03-01,71,20.355,concluida,False
U0039,S002173,2026-03-13,2026-03-01,126,39.471,concluida,False
U0039,S002164,2026-03-14,2026-03-01,100,27.686,concluida,False
U0039,S002160,2026-03-15,2026-03-01,10,3.082,concluida,False
U0039,S002169,2026-03-19,2026-03-01,94,29.507,concluida,False
U0039,S002159,2026-03-19,2026-03-01,151,46.883,concluida,False
U0039,S002161,2026-03-21,2026-03-01,38,11.884,concluida,False
U0039,S002163,2026-03-22,2026-03-01,116,34.812,concluida,False
U0039,S002170,2026-03-23,2026-03-01,101,29.01,concluida,False
U0039,S002168,2026-03-25,2026-03-01,109,31.563,concluida,False
U0039,S002165,2026-03-27,2026-03-01,157,44.56,concluida,False
U0039,S002171,2026-03-27,2026-03-01,123,40.6,concluida,False
U0039,S002178,2026-03-27,2026-03-01,95,26.616,concluida,False
U0039,S002172,2026-03-28,2026-03-01,58,17.134,concluida,False
U0039,S002192,2026-04-02,2026-04-01,105,29.705,concluida,False
U0039,S002184,2026-04-04,2026-04-01,179,55.349,concluida,False
U0039,S002197,2026-04-04,2026-04-01,217,74.326,concluida,False
U0039,S002186,2026-04-08,2026-04-01,236,79.61,concluida,False
U0039,S002190,2026-04-08,2026-04-01,58,17.795,concluida,False
U0039,S002198,2026-04-12,2026-04-01,107,34.784,concluida,False
U0039,S002189,2026-04-12,2026-04-01,46,12.694,concluida,False
U0039,S002187,2026-04-14,2026-04-01,133,42.798,concluida,False
U0039,S002199,2026-04-15,2026-04-01,118,32.864,concluida,False
U0039,S002191,2026-04-18,2026-04-01,30,10.092,concluida,False
U0039,S002182,2026-04-18,2026-04-01,151,48.28,concluida,False
U0039,S002193,2026-04-19,2026-04-01,67,19.002,concluida,False
U0039,S002195,2026-04-19,2026-04-01,110,34.467,concluida,False
U0039,S002196,2026-04-22,2026-04-01,97,26.857,concluida,False
U0039,S002201,2026-04-24,2026-04-01,239,78.928,concluida,False
U0039,S002181,2026-04-25,2026-04-01,232,73.982,concluida,False
U0039,S002185,2026-04-25,2026-04-01,45,13.116,concluida,False
U0039,S002200,2026-04-25,2026-04-01,48,13.765,concluida,False
U0039,S002194,2026-04-27,2026-04-01,57,18.879,interrompida,False
U0039,S002202,2026-04-28,2026-04-01,225,67.382,concluida,False
U0039,S002183,2026-04-29,2026-04-01,67,23.09,concluida,False
U0039,S002188,2026-04-29,2026-04-01,125,40.244,concluida,False
U0039,S002214,2026-05-05,2026-05-01,33,9.793,concluida,False
U0039,S002216,2026-05-06,2026-05-01,69,21.599,concluida,False
U0039,S002212,2026-05-08,2026-05-01,17,4.868,concluida,False
U0039,S002204,2026-05-11,2026-05-01,93,28.966,concluida,False
U0039,S002203,2026-05-11,2026-05-01,53,15.764,concluida,False
U0039,S002208,2026-05-13,2026-05-01,27,8.802,concluida,False
U0039,S002211,2026-05-20,2026-05-01,116,40.158,concluida,False
U0039,S002217,2026-05-24,2026-05-01,72,23.532,concluida,False
U0039,S002206,2026-05-25,2026-05-01,71,24.52,concluida,False
U0039,S002213,2026-05-27,2026-05-01,24,8.331,concluida,False
U0039,S002215,2026-05-27,2026-05-01,69,21.073,concluida,False
U0039,S002205,2026-05-28,2026-05-01,35,10.871,concluida,False
U0039,S002209,2026-05-28,2026-05-01,58,16.57,concluida,False
U0039,S002207,2026-05-30,2026-05-01,139,45.363,concluida,False
U0039,S002210,2026-05-30,2026-05-01,177,50.02,concluida,False
U0039,S002233,2026-06-03,2026-06-01,38,13.087,concluida,False
U0039,S002225,2026-06-03,2026-06-01,86,25.885,concluida,False
U0039,S002220,2026-06-04,2026-06-01,52,17.29,concluida,False
U0039,S002221,2026-06-04,2026-06-01,71,23.827,concluida,False
U0039,S002228,2026-06-11,2026-06-01,142,44.984,concluida,False
U0039,S002218,2026-06-12,2026-06-01,65,22.287,concluida,False
U0039,S002227,2026-06-13,2026-06-01,76,24.588,concluida,False
U0039,S002222,2026-06-15,2026-06-01,68,21.564,concluida,False
U0039,S002231,2026-06-17,2026-06-01,95,31.213,concluida,False
U0039,S002224,2026-06-18,2026-06-01,88,24.571,concluida,False
U0039,S002223,2026-06-19,2026-06-01,122,34.128,concluida,False
U0039,S002230,2026-06-23,2026-06-01,227,68.39,concluida,False
U0039,S002219,2026-06-23,2026-06-01,57,17.02,concluida,False
U0039,S002229,2026-06-25,2026-06-01,100,34.688,concluida,False
U0039,S002234,2026-06-26,2026-06-01,139,42.112,concluida,False
U0039,S002232,2026-06-27,2026-06-01,160,44.346,concluida,False
U0039,S002226,2026-06-29,2026-06-01,94,26.04,concluida,False
U0039,S002239,2026-07-01,2026-07-01,96,29.249,interrompida,False
U0039,S002236,2026-07-09,2026-07-01,60,17.383,concluida,False
U0039,S002237,2026-07-11,2026-07-01,213,70.318,concluida,False
U0039,S002248,2026-07-12,2026-07-01,130,38.033,concluida,False
U0039,S002241,2026-07-12,2026-07-01,212,71.858,concluida,False
U0039,S002235,2026-07-12,2026-07-01,114,37.263,concluida,False
U0039,S002238,2026-07-18,2026-07-01,52,67.237,concluida,True
U0039,S002245,2026-07-19,2026-07-01,56,16.087,concluida,False
U0039,S002246,2026-07-20,2026-07-01,44,13.189,concluida,False
U0039,S002247,2026-07-26,2026-07-01,61,20.998,concluida,False
U0039,S002244,2026-07-26,2026-07-01,62,18.467,concluida,False
U0039,S002243,2026-07-27,2026-07-01,94,28.918,concluida,False
U0039,S002242,2026-07-29,2026-07-01,40,13.072,concluida,False
U0039,S002240,2026-07-31,2026-07-01,227,65.563,concluida,False
U0039,S002262,2026-08-01,2026-08-01,36,10.535,concluida,False
U0039,S002261,2026-08-02,2026-08-01,70,21.208,concluida,False
U0039,S002249,2026-08-02,2026-08-01,131,45.462,concluida,False
U0039,S002260,2026-08-03,2026-08-01,123,35.662,concluida,False
U0039,S002255,2026-08-07,2026-08-01,120,35.703,concluida,False
U0039,S002252,2026-08-10,2026-08-01,50,15.313,concluida,False
U0039,S002257,2026-08-13,2026-08-01,89,26.771,concluida,False
U0039,S002263,2026-08-13,2026-08-01,23,6.71,concluida,False
U0039,S002253,2026-08-16,2026-08-01,71,21.199,concluida,False
U0039,S002256,2026-08-21,2026-08-01,58,19.094,concluida,False
U0039,S002258,2026-08-24,2026-08-01,44,13.791,concluida,False
U0039,S002251,2026-08-25,2026-08-01,86,27.706,concluida,False
U0039,S002254,2026-08-26,2026-08-01,67,19.836,concluida,False
U0039,S002250,2026-08-28,2026-08-01,131,36.899,concluida,False
U0039,S002259,2026-08-30,2026-08-01,153,43.182,concluida,False
U0040,S002274,2026-03-03,2026-03-01,255,83.096,concluida,False
U0040,S002268,2026-03-05,2026-03-01,98,31.905,concluida,False
U0040,S002265,2026-03-07,2026-03-01,139,44.885,concluida,False
U0040,S002267,2026-03-09,2026-03-01,24,6.618,concluida,False
U0040,S002271,2026-03-10,2026-03-01,56,17.741,concluida,False
U0040,S002266,2026-03-14,2026-03-01,47,14.351,concluida,False
U0040,S002275,2026-03-15,2026-03-01,99,28.261,concluida,False
U0040,S002273,2026-03-16,2026-03-01,83,23.491,concluida,False
U0040,S002264,2026-03-20,2026-03-01,73,21.457,concluida,False
U0040,S002269,2026-03-29,2026-03-01,70,21.758,concluida,False
U0040,S002272,2026-03-31,2026-03-01,254,80.183,concluida,False
U0040,S002270,2026-03-31,2026-03-01,131,42.894,concluida,False
U0040,S002283,2026-04-01,2026-04-01,78,21.784,concluida,False
U0040,S002288,2026-04-05,2026-04-01,97,31.207,concluida,False
U0040,S002293,2026-04-11,2026-04-01,99,30.121,concluida,False
U0040,S002279,2026-04-11,2026-04-01,15,5.017,interrompida,False
U0040,S002282,2026-04-12,2026-04-01,64,18.273,concluida,False
U0040,S002278,2026-04-13,2026-04-01,151,52.009,concluida,False
U0040,S002290,2026-04-14,2026-04-01,270,91.67,concluida,False
U0040,S002281,2026-04-14,2026-04-01,162,50.897,concluida,False
U0040,S002292,2026-04-15,2026-04-01,10,3.082,concluida,False
U0040,S002287,2026-04-16,2026-04-01,96,32.726,concluida,False
U0040,S002280,2026-04-18,2026-04-01,31,8.851,concluida,False
U0040,S002294,2026-04-23,2026-04-01,70,22.168,concluida,False
U0040,S002276,2026-04-25,2026-04-01,305,273.149,concluida,True
U0040,S002284,2026-04-25,2026-04-01,67,69.482,concluida,True
U0040,S002291,2026-04-27,2026-04-01,289,86.955,concluida,False
U0040,S002289,2026-04-29,2026-04-01,88,26.774,interrompida,False
U0040,S002285,2026-04-30,2026-04-01,71,22.882,concluida,False
U0040,S002277,2026-04-30,2026-04-01,253,76.071,concluida,False
U0040,S002286,2026-04-30,2026-04-01,53,15.499,concluida,False
U0040,S002301,2026-05-05,2026-05-01,27,8.052,concluida,False
U0040,S002299,2026-05-06,2026-05-01,163,45.11,concluida,False
U0040,S002296,2026-05-07,2026-05-01,108,30.819,concluida,False
U0040,S002298,2026-05-07,2026-05-01,107,33.754,concluida,False
U0040,S002300,2026-05-09,2026-05-01,77,25.018,concluida,False
U0040,S002307,2026-05-10,2026-05-01,123,41.062,concluida,False
U0040,S002302,2026-05-11,2026-05-01,128,43.958,concluida,False
U0040,S002304,2026-05-11,2026-05-01,34,9.574,concluida,False
U0040,S002308,2026-05-14,2026-05-01,218,68.46,concluida,False
U0040,S002306,2026-05-19,2026-05-01,171,57.411,concluida,False
U0040,S002303,2026-05-22,2026-05-01,172,217.08,concluida,True
U0040,S002309,2026-05-23,2026-05-01,85,27.676,concluida,False
U0040,S002297,2026-05-29,2026-05-01,58,20.015,concluida,False
U0040,S002295,2026-05-29,2026-05-01,90,28.368,concluida,False
U0040,S002305,2026-05-31,2026-05-01,10,2.976,concluida,False
U0040,S002311,2026-06-06,2026-06-01,188,51.975,concluida,False
U0040,S002319,2026-06-09,2026-06-01,89,30.977,concluida,False
U0040,S002317,2026-06-12,2026-06-01,235,68.98,concluida,False
U0040,S002318,2026-06-16,2026-06-01,105,35.85,concluida,False
U0040,S002312,2026-06-19,2026-06-01,198,57.09,concluida,False
U0040,S002314,2026-06-20,2026-06-01,127,41.234,concluida,False
U0040,S002316,2026-06-20,2026-06-01,96,29.883,concluida,False
U0040,S002315,2026-06-21,2026-06-01,38,11.265,concluida,False
U0040,S002320,2026-06-22,2026-06-01,218,65.497,interrompida,False
U0040,S002321,2026-06-24,2026-06-01,38,10.504,concluida,False
U0040,S002313,2026-06-29,2026-06-01,30,10.423,concluida,False
U0040,S002310,2026-06-30,2026-06-01,34,9.747,interrompida,False
U0040,S002332,2026-07-01,2026-07-01,59,19.65,concluida,False
U0040,S002328,2026-07-01,2026-07-01,27,7.452,concluida,False
U0040,S002327,2026-07-03,2026-07-01,77,24.404,concluida,False
U0040,S002329,2026-07-05,2026-07-01,192,61.616,concluida,False
U0040,S002333,2026-07-13,2026-07-01,99,31.766,concluida,False
U0040,S002323,2026-07-14,2026-07-01,22,6.602,concluida,False
U0040,S002335,2026-07-15,2026-07-01,68,21.231,concluida,False
U0040,S002324,2026-07-16,2026-07-01,50,14.728,concluida,False
U0040,S002334,2026-07-20,2026-07-01,11,3.175,concluida,False
U0040,S002322,2026-07-23,2026-07-01,153,45.108,concluida,False
U0040,S002326,2026-07-26,2026-07-01,112,37.422,concluida,False
U0040,S002330,2026-07-26,2026-07-01,97,27.428,concluida,False
U0040,S002325,2026-07-26,2026-07-01,64,21.887,concluida,False
U0040,S002331,2026-07-30,2026-07-01,58,19.891,concluida,False
U0040,S002341,2026-08-03,2026-08-01,92,110.146,concluida,True
U0040,S002340,2026-08-03,2026-08-01,45,12.582,concluida,False
U0040,S002345,2026-08-08,2026-08-01,56,16.1,concluida,False
U0040,S002346,2026-08-11,2026-08-01,70,23.337,concluida,False
U0040,S002342,2026-08-11,2026-08-01,55,18.236,concluida,False
U0040,S002344,2026-08-12,2026-08-01,21,6.237,concluida,False
U0040,S002347,2026-08-15,2026-08-01,322,91.905,concluida,False
U0040,S002339,2026-08-17,2026-08-01,77,24.873,concluida,False
U0040,S002338,2026-08-17,2026-08-01,43,12.725,concluida,False
U0040,S002343,2026-08-19,2026-08-01,178,58.442,concluida,False
U0040,S002336,2026-08-23,2026-08-01,211,68.901,concluida,False
U0040,S002337,2026-08-25,2026-08-01,62,17.788,concluida,False
U0041,S002357,2026-04-03,2026-04-01,43,6.617,concluida,False
U0041,S002349,2026-04-05,2026-04-01,71,39.224,concluida,True
U0041,S002351,2026-04-08,2026-04-01,143,22.214,concluida,False
U0041,S002356,2026-04-11,2026-04-01,24,3.629,concluida,False
U0041,S002350,2026-04-11,2026-04-01,215,29.733,concluida,False
U0041,S002348,2026-04-13,2026-04-01,270,159.958,concluida,True
U0041,S002352,2026-04-16,2026-04-01,152,21.233,concluida,False
U0041,S002355,2026-04-22,2026-04-01,228,34.936,concluida,False
U0041,S002353,2026-04-23,2026-04-01,57,9.108,concluida,False
U0041,S002358,2026-04-23,2026-04-01,42,7.177,concluida,False
U0041,S002361,2026-04-23,2026-04-01,169,27.014,concluida,False
U0041,S002354,2026-04-26,2026-04-01,9,1.479,interrompida,False
U0041,S002359,2026-04-26,2026-04-01,92,14.522,concluida,False
U0041,S002360,2026-04-29,2026-04-01,221,38.211,concluida,False
U0041,S002363,2026-05-03,2026-05-01,110,17.105,concluida,False
U0041,S002364,2026-05-03,2026-05-01,82,12.446,concluida,False
U0041,S002380,2026-05-05,2026-05-01,81,12.69,concluida,False
U0041,S002376,2026-05-05,2026-05-01,75,12.6,concluida,False
U0041,S002370,2026-05-08,2026-05-01,120,18.154,concluida,False
U0041,S002371,2026-05-09,2026-05-01,57,8.272,interrompida,False
U0041,S002369,2026-05-10,2026-05-01,157,21.936,concluida,False
U0041,S002362,2026-05-11,2026-05-01,112,19.017,concluida,False
U0041,S002375,2026-05-11,2026-05-01,54,7.67,concluida,False
U0041,S002366,2026-05-11,2026-05-01,92,15.432,concluida,False
U0041,S002372,2026-05-12,2026-05-01,134,22.237,concluida,False
U0041,S002365,2026-05-12,2026-05-01,74,12.285,concluida,False
U0041,S002374,2026-05-15,2026-05-01,93,13.462,concluida,False
U0041,S002373,2026-05-18,2026-05-01,99,15.768,concluida,False
U0041,S002378,2026-05-21,2026-05-01,152,22.706,concluida,False
U0041,S002377,2026-05-21,2026-05-01,89,13.528,concluida,False
U0041,S002379,2026-05-24,2026-05-01,155,25.368,concluida,False
U0041,S002368,2026-05-27,2026-05-01,160,25.789,concluida,False
U0041,S002367,2026-05-31,2026-05-01,89,13.819,concluida,False
U0041,S002388,2026-06-02,2026-06-01,66,10.502,concluida,False
U0041,S002394,2026-06-07,2026-06-01,183,25.919,concluida,False
U0041,S002395,2026-06-07,2026-06-01,134,21.227,concluida,False
U0041,S002384,2026-06-08,2026-06-01,92,12.841,concluida,False
U0041,S002392,2026-06-11,2026-06-01,56,8.372,concluida,False
U0041,S002381,2026-06-11,2026-06-01,256,39.073,concluida,False
U0041,S002389,2026-06-12,2026-06-01,164,23.035,concluida,False
U0041,S002390,2026-06-13,2026-06-01,95,13.707,interrompida,False
U0041,S002393,2026-06-15,2026-06-01,49,7.538,concluida,False
U0041,S002385,2026-06-16,2026-06-01,100,13.905,concluida,False
U0041,S002386,2026-06-17,2026-06-01,71,10.603,concluida,False
U0041,S002387,2026-06-17,2026-06-01,31,4.7,interrompida,False
U0041,S002382,2026-06-17,2026-06-01,91,14.654,concluida,False
U0041,S002391,2026-06-18,2026-06-01,69,10.78,concluida,False
U0041,S002383,2026-06-27,2026-06-01,151,23.246,concluida,False
U0041,S002403,2026-07-03,2026-07-01,38,5.928,interrompida,False
U0041,S002400,2026-07-03,2026-07-01,13,1.864,interrompida,False
U0041,S002402,2026-07-04,2026-07-01,181,27.33,concluida,False
U0041,S002405,2026-07-04,2026-07-01,50,8.042,concluida,False
U0041,S002404,2026-07-05,2026-07-01,46,7.096,concluida,False
U0041,S002406,2026-07-06,2026-07-01,100,14.163,concluida,False
U0041,S002411,2026-07-07,2026-07-01,231,34.026,concluida,False
U0041,S002397,2026-07-07,2026-07-01,228,31.596,interrompida,False
U0041,S002408,2026-07-07,2026-07-01,80,12.166,concluida,False
U0041,S002412,2026-07-08,2026-07-01,33,5.13,interrompida,False
U0041,S002407,2026-07-09,2026-07-01,111,18.123,concluida,False
U0041,S002414,2026-07-10,2026-07-01,21,2.956,concluida,False
U0041,S002396,2026-07-12,2026-07-01,86,11.996,concluida,False
U0041,S002398,2026-07-16,2026-07-01,141,21.396,concluida,False
U0041,S002413,2026-07-18,2026-07-01,72,11.19,concluida,False
U0041,S002410,2026-07-22,2026-07-01,136,23.484,concluida,False
U0041,S002409,2026-07-27,2026-07-01,56,8.547,concluida,False
U0041,S002399,2026-07-30,2026-07-01,107,16.596,concluida,False
U0041,S002401,2026-07-31,2026-07-01,94,16.131,concluida,False
U0041,S002433,2026-08-01,2026-08-01,75,11.956,concluida,False
U0041,S002431,2026-08-01,2026-08-01,70,9.705,concluida,False
U0041,S002432,2026-08-03,2026-08-01,92,14.177,concluida,False
U0041,S002417,2026-08-05,2026-08-01,79,12.811,concluida,False
U0041,S002424,2026-08-09,2026-08-01,130,20.499,concluida,False
U0041,S002430,2026-08-10,2026-08-01,50,7.259,concluida,False
U0041,S002420,2026-08-11,2026-08-01,149,25.504,concluida,False
U0041,S002418,2026-08-12,2026-08-01,112,15.755,concluida,False
U0041,S002416,2026-08-14,2026-08-01,117,18.577,concluida,False
U0041,S002429,2026-08-16,2026-08-01,145,24.807,concluida,False
U0041,S002425,2026-08-16,2026-08-01,55,8.219,concluida,False
U0041,S002426,2026-08-17,2026-08-01,224,37.53,concluida,False
U0041,S002421,2026-08-18,2026-08-01,95,15.961,concluida,False
U0041,S002419,2026-08-21,2026-08-01,120,18.483,concluida,False
U0041,S002415,2026-08-22,2026-08-01,130,19.645,concluida,False
U0041,S002427,2026-08-23,2026-08-01,21,3.648,concluida,False
U0041,S002428,2026-08-27,2026-08-01,178,111.885,concluida,True
U0041,S002422,2026-08-27,2026-08-01,22,3.191,concluida,False
U0041,S002423,2026-08-29,2026-08-01,61,10.603,concluida,False
U0042,S002435,2026-03-11,2026-03-01,47,13.032,concluida,False
U0042,S002434,2026-03-21,2026-03-01,88,28.029,concluida,False
U0042,S002436,2026-03-25,2026-03-01,147,48.723,concluida,False
U0042,S002437,2026-03-31,2026-03-01,11,3.64,interrompida,False
U0042,S002445,2026-04-02,2026-04-01,77,24.569,concluida,False
U0042,S002441,2026-04-04,2026-04-01,73,23.736,concluida,False
U0042,S002446,2026-04-07,2026-04-01,106,33.024,interrompida,False
U0042,S002438,2026-04-09,2026-04-01,166,46.771,concluida,False
U0042,S002440,2026-04-11,2026-04-01,79,24.927,concluida,False
U0042,S002439,2026-04-15,2026-04-01,49,16.167,concluida,False
U0042,S002444,2026-04-23,2026-04-01,114,35.456,concluida,False
U0042,S002443,2026-04-26,2026-04-01,178,55.942,concluida,False
U0042,S002442,2026-04-30,2026-04-01,48,14.764,concluida,False
U0042,S002454,2026-05-01,2026-05-01,117,32.916,concluida,False
U0042,S002457,2026-05-01,2026-05-01,146,40.792,concluida,False
U0042,S002447,2026-05-02,2026-05-01,43,12.401,concluida,False
U0042,S002452,2026-05-03,2026-05-01,71,19.979,concluida,False
U0042,S002456,2026-05-04,2026-05-01,30,8.337,concluida,False
U0042,S002449,2026-05-06,2026-05-01,133,37.862,concluida,False
U0042,S002448,2026-05-08,2026-05-01,74,22.763,concluida,False
U0042,S002453,2026-05-13,2026-05-01,10,3.424,concluida,False
U0042,S002450,2026-05-15,2026-05-01,94,28.378,concluida,False
U0042,S002455,2026-05-18,2026-05-01,223,69.14,concluida,False
U0042,S002451,2026-05-21,2026-05-01,14,3.959,concluida,False
U0042,S002460,2026-06-06,2026-06-01,65,20.511,concluida,False
U0042,S002458,2026-06-10,2026-06-01,107,35.792,concluida,False
U0042,S002459,2026-06-26,2026-06-01,237,68.454,concluida,False
U0042,S002462,2026-08-08,2026-08-01,31,10.238,concluida,False
U0042,S002464,2026-08-25,2026-08-01,66,18.284,concluida,False
U0042,S002463,2026-08-27,2026-08-01,18,5.486,concluida,False
U0042,S002461,2026-08-28,2026-08-01,106,29.679,concluida,False
U0043,S002467,2026-03-16,2026-03-01,167,15.757,concluida,False
U0043,S002466,2026-03-21,2026-03-01,91,10.113,concluida,False
U0043,S002465,2026-03-24,2026-03-01,132,12.625,concluida,False
U0043,S002472,2026-04-09,2026-04-01,66,6.542,concluida,False
U0043,S002469,2026-04-10,2026-04-01,92,9.725,concluida,False
U0043,S002473,2026-04-11,2026-04-01,57,6.546,concluida,False
U0043,S002471,2026-04-16,2026-04-01,85,8.053,concluida,False
U0043,S002470,2026-04-17,2026-04-01,162,16.528,concluida,False
U0043,S002468,2026-04-25,2026-04-01,122,11.405,concluida,False
U0043,S002474,2026-05-07,2026-05-01,50,5.038,concluida,False
U0043,S002476,2026-05-07,2026-05-01,95,10.395,concluida,False
U0043,S002475,2026-05-22,2026-05-01,44,4.274,concluida,False
U0043,S002477,2026-05-26,2026-05-01,16,1.71,concluida,False
U0043,S002478,2026-06-07,2026-06-01,91,10.191,concluida,False
U0043,S002479,2026-06-12,2026-06-01,135,13.792,concluida,False
U0043,S002481,2026-07-01,2026-07-01,100,9.716,concluida,False
U0043,S002480,2026-07-05,2026-07-01,129,13.861,concluida,False
U0043,S002483,2026-07-09,2026-07-01,59,6.886,concluida,False
U0043,S002484,2026-07-16,2026-07-01,201,20.511,concluida,False
U0043,S002482,2026-07-30,2026-07-01,107,11.438,concluida,False
U0043,S002485,2026-08-02,2026-08-01,111,10.46,concluida,False
U0043,S002486,2026-08-26,2026-08-01,57,6.574,concluida,False
U0044,S002487,2026-03-01,2026-03-01,75,22.482,concluida,False
U0044,S002490,2026-03-06,2026-03-01,150,51.88,concluida,False
U0044,S002488,2026-03-08,2026-03-01,36,10.482,concluida,False
U0044,S002489,2026-03-27,2026-03-01,117,33.477,concluida,False
U0044,S002491,2026-03-31,2026-03-01,108,30.422,concluida,False
U0044,S002492,2026-04-04,2026-04-01,189,55.387,concluida,False
U0044,S002494,2026-04-19,2026-04-01,71,22.648,concluida,False
U0044,S002495,2026-04-28,2026-04-01,18,5.489,concluida,False
U0044,S002493,2026-04-29,2026-04-01,244,292.881,concluida,True
U0044,S002496,2026-05-01,2026-05-01,98,32.448,concluida,False
U0044,S002499,2026-05-06,2026-05-01,195,59.402,concluida,False
U0044,S002500,2026-05-08,2026-05-01,101,29.928,concluida,False
U0044,S002502,2026-05-15,2026-05-01,68,22.69,concluida,False
U0044,S002497,2026-05-26,2026-05-01,169,52.968,concluida,False
U0044,S002498,2026-05-27,2026-05-01,75,23.961,concluida,False
U0044,S002501,2026-05-31,2026-05-01,45,14.64,concluida,False
U0044,S002508,2026-06-03,2026-06-01,147,50.472,concluida,False
U0044,S002505,2026-06-08,2026-06-01,64,20.348,concluida,False
U0044,S002504,2026-06-08,2026-06-01,143,43.169,concluida,False
U0044,S002510,2026-06-08,2026-06-01,153,43.11,concluida,False
U0044,S002509,2026-06-09,2026-06-01,42,14.371,concluida,False
U0044,S002503,2026-06-14,2026-06-01,157,48.302,concluida,False
U0044,S002507,2026-06-23,2026-06-01,139,39.843,concluida,False
U0044,S002506,2026-06-28,2026-06-01,66,22.889,concluida,False
U0044,S002511,2026-07-10,2026-07-01,113,34.972,concluida,False
U0044,S002515,2026-07-11,2026-07-01,58,16.681,concluida,False
U0044,S002516,2026-07-13,2026-07-01,178,51.13,concluida,False
U0044,S002514,2026-07-24,2026-07-01,113,32.341,concluida,False
U0044,S002512,2026-07-26,2026-07-01,35,11.172,concluida,False
U0044,S002513,2026-07-27,2026-07-01,79,22.76,concluida,False
U0044,S002519,2026-08-05,2026-08-01,45,13.323,concluida,False
U0044,S002523,2026-08-07,2026-08-01,46,14.673,concluida,False
U0044,S002527,2026-08-09,2026-08-01,147,44.729,concluida,False
U0044,S002524,2026-08-13,2026-08-01,38,11.418,interrompida,False
U0044,S002525,2026-08-14,2026-08-01,146,46.986,concluida,False
U0044,S002528,2026-08-15,2026-08-01,174,53.156,concluida,False
U0044,S002522,2026-08-17,2026-08-01,247,75.309,concluida,False
U0044,S002520,2026-08-18,2026-08-01,238,78.125,concluida,False
U0044,S002517,2026-08-19,2026-08-01,74,21.866,concluida,False
U0044,S002526,2026-08-21,2026-08-01,221,186.54,concluida,True
U0044,S002518,2026-08-23,2026-08-01,94,26.967,concluida,False
U0044,S002521,2026-08-26,2026-08-01,135,42.842,concluida,False
U0045,S002540,2026-03-01,2026-03-01,76,21.984,concluida,False
U0045,S002549,2026-03-02,2026-03-01,159,47.227,concluida,False
U0045,S002533,2026-03-02,2026-03-01,114,35.609,concluida,False
U0045,S002539,2026-03-03,2026-03-01,35,10.61,concluida,False
U0045,S002530,2026-03-03,2026-03-01,148,43.89,concluida,False
U0045,S002542,2026-03-06,2026-03-01,59,16.387,concluida,False
U0045,S002529,2026-03-10,2026-03-01,25,6.972,concluida,False
U0045,S002535,2026-03-12,2026-03-01,90,30.038,concluida,False
U0045,S002534,2026-03-13,2026-03-01,96,32.022,concluida,False
U0045,S002536,2026-03-14,2026-03-01,173,54.096,concluida,False
U0045,S002541,2026-03-14,2026-03-01,53,16.783,concluida,False
U0045,S002543,2026-03-15,2026-03-01,119,41.288,concluida,False
U0045,S002548,2026-03-16,2026-03-01,107,32.0,concluida,False
U0045,S002550,2026-03-18,2026-03-01,177,59.636,concluida,False
U0045,S002546,2026-03-21,2026-03-01,72,21.524,concluida,False
U0045,S002544,2026-03-22,2026-03-01,230,76.941,concluida,False
U0045,S002552,2026-03-24,2026-03-01,41,12.536,concluida,False
U0045,S002538,2026-03-24,2026-03-01,179,57.563,concluida,False
U0045,S002547,2026-03-26,2026-03-01,69,22.913,concluida,False
U0045,S002545,2026-03-28,2026-03-01,102,35.198,concluida,False
U0045,S002551,2026-03-29,2026-03-01,104,35.663,concluida,False
U0045,S002532,2026-03-30,2026-03-01,61,17.517,concluida,False
U0045,S002531,2026-03-30,2026-03-01,50,16.856,concluida,False
U0045,S002537,2026-03-31,2026-03-01,97,33.311,concluida,False
U0045,S002562,2026-04-02,2026-04-01,10,2.87,interrompida,False
U0045,S002558,2026-04-03,2026-04-01,31,10.607,interrompida,False
U0045,S002571,2026-04-04,2026-04-01,177,50.312,concluida,False
U0045,S002568,2026-04-10,2026-04-01,118,38.556,concluida,False
U0045,S002557,2026-04-11,2026-04-01,60,19.131,concluida,False
U0045,S002555,2026-04-12,2026-04-01,136,40.472,concluida,False
U0045,S002554,2026-04-13,2026-04-01,88,26.989,concluida,False
U0045,S002575,2026-04-13,2026-04-01,191,57.358,concluida,False
U0045,S002576,2026-04-13,2026-04-01,86,28.774,concluida,False
U0045,S002579,2026-04-14,2026-04-01,172,53.441,concluida,False
U0045,S002577,2026-04-15,2026-04-01,35,11.719,concluida,False
U0045,S002565,2026-04-15,2026-04-01,371,125.216,concluida,False
U0045,S002560,2026-04-16,2026-04-01,52,14.425,concluida,False
U0045,S002566,2026-04-16,2026-04-01,50,14.571,concluida,False
U0045,S002556,2026-04-19,2026-04-01,72,21.94,concluida,False
U0045,S002564,2026-04-20,2026-04-01,147,46.096,concluida,False
U0045,S002561,2026-04-22,2026-04-01,266,74.857,concluida,False
U0045,S002567,2026-04-22,2026-04-01,63,20.535,concluida,False
U0045,S002570,2026-04-23,2026-04-01,80,22.216,concluida,False
U0045,S002572,2026-04-23,2026-04-01,27,8.572,concluida,False
U0045,S002569,2026-04-26,2026-04-01,36,10.717,concluida,False
U0045,S002563,2026-04-29,2026-04-01,151,50.652,concluida,False
U0045,S002578,2026-04-30,2026-04-01,68,79.101,concluida,True
U0045,S002553,2026-04-30,2026-04-01,139,38.901,concluida,False
U0045,S002559,2026-04-30,2026-04-01,47,15.71,concluida,False
U0045,S002573,2026-04-30,2026-04-01,40,12.96,concluida,False
U0045,S002574,2026-04-30,2026-04-01,46,13.358,concluida,False
U0045,S002591,2026-05-01,2026-05-01,83,23.116,concluida,False
U0045,S002592,2026-05-01,2026-05-01,194,65.707,concluida,False
U0045,S002595,2026-05-06,2026-05-01,11,3.698,interrompida,False
U0045,S002597,2026-05-06,2026-05-01,160,47.43,concluida,False
U0045,S002598,2026-05-07,2026-05-01,93,26.693,concluida,False
U0045,S002583,2026-05-07,2026-05-01,78,23.352,concluida,False
U0045,S002582,2026-05-11,2026-05-01,127,35.899,concluida,False
U0045,S002585,2026-05-14,2026-05-01,59,20.335,concluida,False
U0045,S002581,2026-05-14,2026-05-01,81,26.854,concluida,False
U0045,S002587,2026-05-16,2026-05-01,38,12.897,concluida,False
U0045,S002580,2026-05-17,2026-05-01,89,27.708,concluida,False
U0045,S002584,2026-05-17,2026-05-01,69,23.476,concluida,False
U0045,S002590,2026-05-17,2026-05-01,31,8.617,concluida,False
U0045,S002599,2026-05-18,2026-05-01,78,24.588,concluida,False
U0045,S002586,2026-05-18,2026-05-01,122,127.351,concluida,True
U0045,S002594,2026-05-25,2026-05-01,77,26.004,concluida,False
U0045,S002593,2026-05-25,2026-05-01,207,66.994,concluida,False
U0045,S002589,2026-05-27,2026-05-01,112,36.29,concluida,False
U0045,S002600,2026-05-28,2026-05-01,34,9.358,concluida,False
U0045,S002588,2026-05-30,2026-05-01,188,63.209,concluida,False
U0045,S002596,2026-05-31,2026-05-01,121,33.459,concluida,False
U0045,S002601,2026-05-31,2026-05-01,90,25.498,concluida,False
U0045,S002619,2026-06-01,2026-06-01,187,64.881,concluida,False
U0045,S002618,2026-06-03,2026-06-01,269,81.151,concluida,False
U0045,S002605,2026-06-03,2026-06-01,217,61.995,concluida,False
U0045,S002613,2026-06-05,2026-06-01,180,50.767,concluida,False
U0045,S002611,2026-06-07,2026-06-01,52,16.752,interrompida,False
U0045,S002608,2026-06-07,2026-06-01,141,40.741,concluida,False
U0045,S002621,2026-06-09,2026-06-01,77,23.06,concluida,False
U0045,S002610,2026-06-13,2026-06-01,248,79.885,concluida,False
U0045,S002612,2026-06-14,2026-06-01,74,24.895,concluida,False
U0045,S002614,2026-06-16,2026-06-01,91,28.719,concluida,False
U0045,S002606,2026-06-16,2026-06-01,135,44.622,concluida,False
U0045,S002602,2026-06-17,2026-06-01,279,86.571,concluida,False
U0045,S002616,2026-06-18,2026-06-01,46,14.308,interrompida,False
U0045,S002622,2026-06-19,2026-06-01,120,33.694,concluida,False
U0045,S002615,2026-06-20,2026-06-01,58,16.088,concluida,False
U0045,S002617,2026-06-23,2026-06-01,223,74.664,concluida,False
U0045,S002604,2026-06-24,2026-06-01,69,23.584,concluida,False
U0045,S002609,2026-06-24,2026-06-01,89,29.922,concluida,False
U0045,S002607,2026-06-26,2026-06-01,47,14.415,concluida,False
U0045,S002603,2026-06-26,2026-06-01,64,19.258,concluida,False
U0045,S002620,2026-06-30,2026-06-01,129,41.178,concluida,False
U0045,S002628,2026-07-03,2026-07-01,98,28.16,concluida,False
U0045,S002626,2026-07-05,2026-07-01,48,51.924,concluida,True
U0045,S002633,2026-07-07,2026-07-01,32,10.039,concluida,False
U0045,S002639,2026-07-09,2026-07-01,97,30.762,concluida,False
U0045,S002625,2026-07-10,2026-07-01,23,7.806,concluida,False
U0045,S002640,2026-07-14,2026-07-01,77,23.103,concluida,False
U0045,S002632,2026-07-16,2026-07-01,290,84.81,concluida,False
U0045,S002627,2026-07-16,2026-07-01,27,8.14,concluida,False
U0045,S002629,2026-07-21,2026-07-01,199,54.971,concluida,False
U0045,S002631,2026-07-22,2026-07-01,88,29.847,concluida,False
U0045,S002635,2026-07-23,2026-07-01,159,124.774,concluida,True
U0045,S002638,2026-07-24,2026-07-01,40,13.145,concluida,False
U0045,S002630,2026-07-24,2026-07-01,145,49.06,concluida,False
U0045,S002636,2026-07-24,2026-07-01,146,47.552,concluida,False
U0045,S002623,2026-07-26,2026-07-01,274,86.38,concluida,False
U0045,S002641,2026-07-28,2026-07-01,99,29.585,concluida,False
U0045,S002634,2026-07-30,2026-07-01,158,46.783,concluida,False
U0045,S002624,2026-07-30,2026-07-01,161,52.043,concluida,False
U0045,S002637,2026-07-31,2026-07-01,44,12.903,concluida,False
U0045,S002658,2026-08-04,2026-08-01,299,92.571,concluida,False
U0045,S002646,2026-08-05,2026-08-01,102,110.869,concluida,True
U0045,S002644,2026-08-14,2026-08-01,74,21.718,concluida,False
U0045,S002651,2026-08-17,2026-08-01,45,14.652,concluida,False
U0045,S002647,2026-08-19,2026-08-01,58,17.429,concluida,False
U0045,S002655,2026-08-19,2026-08-01,120,33.013,concluida,False
U0045,S002657,2026-08-21,2026-08-01,68,22.04,concluida,False
U0045,S002654,2026-08-21,2026-08-01,228,79.349,interrompida,False
U0045,S002642,2026-08-22,2026-08-01,102,34.466,concluida,False
U0045,S002652,2026-08-24,2026-08-01,150,41.473,concluida,False
U0045,S002645,2026-08-24,2026-08-01,17,5.329,concluida,False
U0045,S002656,2026-08-24,2026-08-01,103,31.534,concluida,False
U0045,S002648,2026-08-27,2026-08-01,174,60.144,concluida,False
U0045,S002643,2026-08-28,2026-08-01,95,32.103,concluida,False
U0045,S002649,2026-08-29,2026-08-01,19,5.249,concluida,False
U0045,S002653,2026-08-29,2026-08-01,95,27.881,concluida,False
U0045,S002650,2026-08-31,2026-08-01,78,24.365,concluida,False
U0046,S002662,2026-03-04,2026-03-01,263,91.414,concluida,False
U0046,S002664,2026-03-04,2026-03-01,103,33.182,concluida,False
U0046,S002661,2026-03-08,2026-03-01,83,28.099,concluida,False
U0046,S002665,2026-03-11,2026-03-01,110,32.159,concluida,False
U0046,S002659,2026-03-12,2026-03-01,107,35.38,concluida,False
U0046,S002663,2026-03-24,2026-03-01,82,23.864,concluida,False
U0046,S002660,2026-03-31,2026-03-01,54,14.915,concluida,False
U0046,S002670,2026-04-01,2026-04-01,102,28.779,concluida,False
U0046,S002666,2026-04-02,2026-04-01,83,27.019,concluida,False
U0046,S002668,2026-04-04,2026-04-01,31,9.67,concluida,False
U0046,S002671,2026-04-07,2026-04-01,23,7.712,concluida,False
U0046,S002672,2026-04-07,2026-04-01,46,13.355,concluida,False
U0046,S002673,2026-04-08,2026-04-01,128,36.463,concluida,False
U0046,S002674,2026-04-12,2026-04-01,110,36.353,concluida,False
U0046,S002669,2026-04-14,2026-04-01,53,15.931,concluida,False
U0046,S002667,2026-04-30,2026-04-01,67,20.83,concluida,False
U0046,S002677,2026-05-07,2026-05-01,176,50.384,concluida,False
U0046,S002678,2026-05-09,2026-05-01,70,21.921,concluida,False
U0046,S002681,2026-05-11,2026-05-01,194,61.975,concluida,False
U0046,S002676,2026-05-18,2026-05-01,79,25.69,concluida,False
U0046,S002675,2026-05-27,2026-05-01,54,15.48,concluida,False
U0046,S002679,2026-05-29,2026-05-01,93,26.648,concluida,False
U0046,S002680,2026-05-31,2026-05-01,156,47.761,concluida,False
U0046,S002685,2026-06-02,2026-06-01,58,16.715,concluida,False
U0046,S002695,2026-06-02,2026-06-01,51,16.384,concluida,False
U0046,S002693,2026-06-03,2026-06-01,108,31.006,concluida,False
U0046,S002694,2026-06-03,2026-06-01,34,9.825,concluida,False
U0046,S002689,2026-06-05,2026-06-01,55,18.311,concluida,False
U0046,S002688,2026-06-11,2026-06-01,84,23.939,concluida,False
U0046,S002682,2026-06-13,2026-06-01,96,29.044,concluida,False
U0046,S002691,2026-06-15,2026-06-01,59,19.173,concluida,False
U0046,S002684,2026-06-18,2026-06-01,68,20.668,concluida,False
U0046,S002687,2026-06-18,2026-06-01,142,39.92,concluida,False
U0046,S002690,2026-06-20,2026-06-01,171,47.921,concluida,False
U0046,S002692,2026-06-25,2026-06-01,79,26.244,concluida,False
U0046,S002683,2026-06-26,2026-06-01,183,52.026,concluida,False
U0046,S002686,2026-06-30,2026-06-01,59,18.425,concluida,False
U0046,S002708,2026-07-05,2026-07-01,116,32.416,concluida,False
U0046,S002710,2026-07-09,2026-07-01,174,57.207,concluida,False
U0046,S002709,2026-07-09,2026-07-01,52,16.316,concluida,False
U0046,S002698,2026-07-10,2026-07-01,45,14.098,concluida,False
U0046,S002696,2026-07-11,2026-07-01,140,45.401,concluida,False
U0046,S002704,2026-07-12,2026-07-01,146,48.946,concluida,False
U0046,S002701,2026-07-13,2026-07-01,82,26.378,concluida,False
U0046,S002706,2026-07-14,2026-07-01,167,56.408,concluida,False
U0046,S002700,2026-07-15,2026-07-01,107,29.771,concluida,False
U0046,S002711,2026-07-16,2026-07-01,46,15.79,concluida,False
U0046,S002699,2026-07-17,2026-07-01,173,57.576,concluida,False
U0046,S002702,2026-07-17,2026-07-01,88,26.815,concluida,False
U0046,S002712,2026-07-17,2026-07-01,158,44.193,concluida,False
U0046,S002705,2026-07-18,2026-07-01,31,8.615,concluida,False
U0046,S002697,2026-07-25,2026-07-01,71,20.883,concluida,False
U0046,S002707,2026-07-25,2026-07-01,42,13.948,concluida,False
U0046,S002703,2026-07-26,2026-07-01,56,17.501,concluida,False
U0046,S002726,2026-08-07,2026-08-01,147,46.098,concluida,False
U0046,S002725,2026-08-08,2026-08-01,68,23.27,concluida,False
U0046,S002717,2026-08-10,2026-08-01,128,38.86,concluida,False
U0046,S002719,2026-08-11,2026-08-01,202,65.67,concluida,False
U0046,S002715,2026-08-12,2026-08-01,48,15.753,concluida,False
U0046,S002714,2026-08-14,2026-08-01,63,18.058,concluida,False
U0046,S002721,2026-08-17,2026-08-01,70,24.178,concluida,False
U0046,S002713,2026-08-20,2026-08-01,100,29.664,concluida,False
U0046,S002720,2026-08-22,2026-08-01,22,6.808,concluida,False
U0046,S002724,2026-08-22,2026-08-01,122,36.591,concluida,False
U0046,S002722,2026-08-25,2026-08-01,147,48.303,concluida,False
U0046,S002723,2026-08-27,2026-08-01,145,43.4,concluida,False
U0046,S002718,2026-08-28,2026-08-01,87,24.195,concluida,False
U0046,S002716,2026-08-31,2026-08-01,90,26.412,concluida,False
U0047,S002729,2026-03-08,2026-03-01,98,13.803,concluida,False
U0047,S002730,2026-03-13,2026-03-01,132,19.713,concluida,False
U0047,S002736,2026-03-16,2026-03-01,63,10.286,concluida,False
U0047,S002728,2026-03-17,2026-03-01,97,15.903,concluida,False
U0047,S002735,2026-03-18,2026-03-01,41,24.363,concluida,True
U0047,S002731,2026-03-24,2026-03-01,71,12.252,concluida,False
U0047,S002732,2026-03-25,2026-03-01,34,5.911,concluida,False
U0047,S002733,2026-03-25,2026-03-01,86,54.514,concluida,True
U0047,S002727,2026-03-26,2026-03-01,83,13.865,concluida,False
U0047,S002734,2026-03-27,2026-03-01,21,3.741,interrompida,False
U0047,S002744,2026-04-05,2026-04-01,147,23.102,concluida,False
U0047,S002742,2026-04-07,2026-04-01,53,8.457,concluida,False
U0047,S002743,2026-04-11,2026-04-01,140,21.397,concluida,False
U0047,S002740,2026-04-18,2026-04-01,162,23.617,concluida,False
U0047,S002741,2026-04-19,2026-04-01,121,19.994,concluida,False
U0047,S002738,2026-04-20,2026-04-01,69,10.362,concluida,False
U0047,S002745,2026-04-21,2026-04-01,148,24.572,concluida,False
U0047,S002737,2026-04-24,2026-04-01,55,8.518,interrompida,False
U0047,S002739,2026-04-26,2026-04-01,44,7.455,concluida,False
U0047,S002750,2026-05-11,2026-05-01,274,39.813,concluida,False
U0047,S002752,2026-05-14,2026-05-01,61,8.631,concluida,False
U0047,S002747,2026-05-14,2026-05-01,104,17.528,concluida,False
U0047,S002748,2026-05-17,2026-05-01,87,12.611,concluida,False
U0047,S002749,2026-05-27,2026-05-01,139,23.0,concluida,False
U0047,S002751,2026-05-29,2026-05-01,36,5.42,concluida,False
U0047,S002746,2026-05-31,2026-05-01,121,19.937,concluida,False
U0047,S002757,2026-06-02,2026-06-01,49,7.936,concluida,False
U0047,S002763,2026-06-03,2026-06-01,86,13.472,concluida,False
U0047,S002754,2026-06-04,2026-06-01,70,10.405,concluida,False
U0047,S002766,2026-06-06,2026-06-01,27,3.901,concluida,False
U0047,S002759,2026-06-10,2026-06-01,57,8.343,interrompida,False
U0047,S002760,2026-06-13,2026-06-01,235,37.464,concluida,False
U0047,S002756,2026-06-14,2026-06-01,148,21.5,concluida,False
U0047,S002758,2026-06-17,2026-06-01,234,40.697,concluida,False
U0047,S002753,2026-06-20,2026-06-01,62,10.762,concluida,False
U0047,S002764,2026-06-21,2026-06-01,145,21.257,concluida,False
U0047,S002755,2026-06-25,2026-06-01,224,33.614,concluida,False
U0047,S002761,2026-06-25,2026-06-01,184,29.164,concluida,False
U0047,S002765,2026-06-25,2026-06-01,42,7.142,concluida,False
U0047,S002762,2026-06-27,2026-06-01,109,17.552,concluida,False
U0047,S002770,2026-07-06,2026-07-01,69,10.034,concluida,False
U0047,S002768,2026-07-14,2026-07-01,28,4.568,concluida,False
U0047,S002771,2026-07-17,2026-07-01,71,10.336,concluida,False
U0047,S002772,2026-07-21,2026-07-01,162,27.612,concluida,False
U0047,S002769,2026-07-21,2026-07-01,188,29.002,concluida,False
U0047,S002767,2026-07-25,2026-07-01,35,5.809,concluida,False
U0047,S002778,2026-08-01,2026-08-01,179,27.776,concluida,False
U0047,S002780,2026-08-09,2026-08-01,63,9.106,concluida,False
U0047,S002775,2026-08-11,2026-08-01,119,18.759,concluida,False
U0047,S002776,2026-08-18,2026-08-01,87,12.43,concluida,False
U0047,S002781,2026-08-19,2026-08-01,235,38.974,concluida,False
U0047,S002777,2026-08-19,2026-08-01,96,14.413,concluida,False
U0047,S002779,2026-08-25,2026-08-01,237,39.602,concluida,False
U0047,S002773,2026-08-27,2026-08-01,105,18.214,concluida,False
U0047,S002774,2026-08-29,2026-08-01,48,6.807,concluida,False
U0048,S002796,2026-03-03,2026-03-01,57,8.252,concluida,False
U0048,S002791,2026-03-06,2026-03-01,68,11.131,concluida,False
U0048,S002799,2026-03-07,2026-03-01,97,16.88,concluida,False
U0048,S002790,2026-03-09,2026-03-01,67,11.413,concluida,False
U0048,S002787,2026-03-10,2026-03-01,47,7.508,concluida,False
U0048,S002788,2026-03-14,2026-03-01,25,3.6,concluida,False
U0048,S002793,2026-03-18,2026-03-01,48,6.762,concluida,False
U0048,S002783,2026-03-20,2026-03-01,165,28.177,concluida,False
U0048,S002789,2026-03-21,2026-03-01,79,12.679,concluida,False
U0048,S002792,2026-03-25,2026-03-01,112,17.09,concluida,False
U0048,S002795,2026-03-25,2026-03-01,117,17.218,concluida,False
U0048,S002784,2026-03-27,2026-03-01,159,24.12,concluida,False
U0048,S002785,2026-03-27,2026-03-01,175,26.211,concluida,False
U0048,S002782,2026-03-27,2026-03-01,53,31.047,concluida,True
U0048,S002794,2026-03-30,2026-03-01,134,22.96,concluida,False
U0048,S002798,2026-03-30,2026-03-01,101,14.29,concluida,False
U0048,S002786,2026-03-31,2026-03-01,62,9.378,concluida,False
U0048,S002797,2026-03-31,2026-03-01,29,4.322,concluida,False
U0048,S002808,2026-05-01,2026-05-01,76,10.9,concluida,False
U0048,S002804,2026-05-02,2026-05-01,59,9.982,concluida,False
U0048,S002800,2026-05-04,2026-05-01,122,20.132,concluida,False
U0048,S002809,2026-05-04,2026-05-01,102,14.748,concluida,False
U0048,S002801,2026-05-05,2026-05-01,58,9.029,concluida,False
U0048,S002802,2026-05-07,2026-05-01,72,11.081,concluida,False
U0048,S002811,2026-05-08,2026-05-01,123,18.834,concluida,False
U0048,S002803,2026-05-09,2026-05-01,93,12.955,concluida,False
U0048,S002813,2026-05-14,2026-05-01,83,12.443,concluida,False
U0048,S002805,2026-05-14,2026-05-01,235,34.766,concluida,False
U0048,S002814,2026-05-16,2026-05-01,133,21.715,concluida,False
U0048,S002810,2026-05-19,2026-05-01,221,33.144,concluida,False
U0048,S002815,2026-05-22,2026-05-01,76,13.221,concluida,False
U0048,S002807,2026-05-24,2026-05-01,56,8.726,concluida,False
U0048,S002806,2026-05-27,2026-05-01,123,18.709,concluida,False
U0048,S002812,2026-05-29,2026-05-01,79,13.319,concluida,False
U0048,S002821,2026-06-03,2026-06-01,57,8.127,concluida,False
U0048,S002818,2026-06-06,2026-06-01,29,4.657,concluida,False
U0048,S002830,2026-06-07,2026-06-01,65,10.771,concluida,False
U0048,S002816,2026-06-08,2026-06-01,101,15.388,concluida,False
U0048,S002831,2026-06-09,2026-06-01,96,15.946,concluida,False
U0048,S002817,2026-06-12,2026-06-01,186,25.59,concluida,False
U0048,S002832,2026-06-16,2026-06-01,82,12.875,concluida,False
U0048,S002833,2026-06-17,2026-06-01,72,11.797,concluida,False
U0048,S002826,2026-06-17,2026-06-01,87,14.031,concluida,False
U0048,S002822,2026-06-18,2026-06-01,11,1.728,concluida,False
U0048,S002827,2026-06-21,2026-06-01,128,18.931,concluida,False
U0048,S002825,2026-06-22,2026-06-01,316,49.733,concluida,False
U0048,S002820,2026-06-22,2026-06-01,19,2.895,concluida,False
U0048,S002819,2026-06-22,2026-06-01,30,4.965,interrompida,False
U0048,S002823,2026-06-26,2026-06-01,42,7.112,concluida,False
U0048,S002828,2026-06-26,2026-06-01,69,11.797,concluida,False
U0048,S002824,2026-06-28,2026-06-01,130,21.681,concluida,False
U0048,S002829,2026-06-30,2026-06-01,39,5.699,concluida,False
U0048,S002841,2026-07-06,2026-07-01,179,26.231,concluida,False
U0048,S002843,2026-07-11,2026-07-01,236,33.873,concluida,False
U0048,S002835,2026-07-13,2026-07-01,78,11.258,concluida,False
U0048,S002837,2026-07-13,2026-07-01,23,3.685,concluida,False
U0048,S002834,2026-07-16,2026-07-01,102,14.168,concluida,False
U0048,S002840,2026-07-19,2026-07-01,154,22.282,concluida,False
U0048,S002838,2026-07-22,2026-07-01,375,53.871,concluida,False
U0048,S002836,2026-07-23,2026-07-01,167,28.37,concluida,False
U0048,S002842,2026-07-26,2026-07-01,149,25.024,concluida,False
U0048,S002839,2026-07-28,2026-07-01,242,35.656,concluida,False
U0048,S002853,2026-08-03,2026-08-01,128,19.309,concluida,False
U0048,S002852,2026-08-07,2026-08-01,145,24.366,concluida,False
U0048,S002856,2026-08-08,2026-08-01,102,15.619,concluida,False
U0048,S002850,2026-08-08,2026-08-01,45,6.508,concluida,False
U0048,S002846,2026-08-11,2026-08-01,186,29.721,concluida,False
U0048,S002855,2026-08-12,2026-08-01,97,16.489,concluida,False
U0048,S002861,2026-08-13,2026-08-01,117,19.906,concluida,False
U0048,S002862,2026-08-14,2026-08-01,202,34.852,concluida,False
U0048,S002854,2026-08-15,2026-08-01,74,11.062,concluida,False
U0048,S002848,2026-08-17,2026-08-01,82,14.15,concluida,False
U0048,S002847,2026-08-18,2026-08-01,133,20.195,concluida,False
U0048,S002849,2026-08-20,2026-08-01,109,18.009,concluida,False
U0048,S002859,2026-08-23,2026-08-01,150,23.505,concluida,False
U0048,S002844,2026-08-24,2026-08-01,134,20.8,concluida,False
U0048,S002860,2026-08-25,2026-08-01,135,18.596,concluida,False
U0048,S002851,2026-08-30,2026-08-01,115,16.29,concluida,False
U0048,S002858,2026-08-31,2026-08-01,33,5.514,interrompida,False
U0048,S002857,2026-08-31,2026-08-01,42,6.006,concluida,False
U0048,S002845,2026-08-31,2026-08-01,175,25.165,concluida,False
U0049,S002866,2026-03-06,2026-03-01,100,14.223,concluida,False
U0049,S002872,2026-03-10,2026-03-01,209,30.917,concluida,False
U0049,S002874,2026-03-14,2026-03-01,78,13.296,concluida,False
U0049,S002864,2026-03-17,2026-03-01,170,29.503,concluida,False
U0049,S002871,2026-03-17,2026-03-01,56,9.001,concluida,False
U0049,S002863,2026-03-18,2026-03-01,51,7.535,concluida,False
U0049,S002873,2026-03-19,2026-03-01,87,15.137,concluida,False
U0049,S002869,2026-03-19,2026-03-01,105,17.819,concluida,False
U0049,S002875,2026-03-21,2026-03-01,42,6.081,interrompida,False
U0049,S002865,2026-03-24,2026-03-01,26,3.977,concluida,False
U0049,S002870,2026-03-26,2026-03-01,80,40.777,concluida,True
U0049,S002867,2026-03-26,2026-03-01,69,10.571,concluida,False
U0049,S002868,2026-03-29,2026-03-01,86,11.96,concluida,False
U0049,S002876,2026-03-30,2026-03-01,73,10.808,concluida,False
U0049,S002881,2026-04-01,2026-04-01,201,28.854,concluida,False
U0049,S002884,2026-04-05,2026-04-01,83,11.883,concluida,False
U0049,S002878,2026-04-05,2026-04-01,130,20.766,concluida,False
U0049,S002888,2026-04-06,2026-04-01,58,8.947,concluida,False
U0049,S002883,2026-04-11,2026-04-01,176,29.02,concluida,False
U0049,S002890,2026-04-11,2026-04-01,78,11.218,concluida,False
U0049,S002886,2026-04-13,2026-04-01,106,17.131,concluida,False
U0049,S002880,2026-04-14,2026-04-01,145,22.54,concluida,False
U0049,S002887,2026-04-18,2026-04-01,137,19.75,concluida,False
U0049,S002885,2026-04-20,2026-04-01,40,6.249,concluida,False
U0049,S002879,2026-04-20,2026-04-01,96,13.408,concluida,False
U0049,S002882,2026-04-22,2026-04-01,34,4.896,concluida,False
U0049,S002877,2026-04-23,2026-04-01,40,6.685,concluida,False
U0049,S002891,2026-04-24,2026-04-01,185,31.417,concluida,False
U0049,S002889,2026-04-30,2026-04-01,96,15.507,concluida,False
U0049,S002898,2026-05-01,2026-05-01,109,17.27,concluida,False
U0049,S002896,2026-05-08,2026-05-01,138,21.864,concluida,False
U0049,S002899,2026-05-08,2026-05-01,109,18.589,concluida,False
U0049,S002893,2026-05-11,2026-05-01,52,7.843,concluida,False
U0049,S002894,2026-05-11,2026-05-01,91,15.648,concluida,False
U0049,S002901,2026-05-19,2026-05-01,126,21.695,concluida,False
U0049,S002897,2026-05-20,2026-05-01,123,20.182,concluida,False
U0049,S002892,2026-05-21,2026-05-01,179,26.163,concluida,False
U0049,S002903,2026-05-24,2026-05-01,139,22.813,concluida,False
U0049,S002895,2026-05-24,2026-05-01,98,16.646,concluida,False
U0049,S002900,2026-05-24,2026-05-01,60,8.721,concluida,False
U0049,S002902,2026-05-26,2026-05-01,38,6.274,concluida,False
U0049,S002904,2026-05-29,2026-05-01,92,13.545,concluida,False
U0049,S002911,2026-06-01,2026-06-01,111,15.87,concluida,False
U0049,S002913,2026-06-02,2026-06-01,110,18.445,concluida,False
U0049,S002914,2026-06-03,2026-06-01,52,8.459,concluida,False
U0049,S002919,2026-06-04,2026-06-01,232,38.039,concluida,False
U0049,S002918,2026-06-04,2026-06-01,60,9.092,concluida,False
U0049,S002915,2026-06-05,2026-06-01,24,3.343,concluida,False
U0049,S002923,2026-06-05,2026-06-01,42,6.984,concluida,False
U0049,S002907,2026-06-06,2026-06-01,67,10.778,concluida,False
U0049,S002916,2026-06-06,2026-06-01,77,13.035,concluida,False
U0049,S002908,2026-06-07,2026-06-01,137,20.235,concluida,False
U0049,S002921,2026-06-10,2026-06-01,89,12.866,concluida,False
U0049,S002910,2026-06-12,2026-06-01,60,10.168,concluida,False
U0049,S002917,2026-06-15,2026-06-01,129,20.86,concluida,False
U0049,S002905,2026-06-17,2026-06-01,89,13.888,concluida,False
U0049,S002912,2026-06-22,2026-06-01,101,14.23,concluida,False
U0049,S002922,2026-06-22,2026-06-01,79,12.181,concluida,False
U0049,S002906,2026-06-23,2026-06-01,77,12.626,concluida,False
U0049,S002924,2026-06-26,2026-06-01,265,43.074,concluida,False
U0049,S002909,2026-06-27,2026-06-01,84,14.184,concluida,False
U0049,S002925,2026-06-28,2026-06-01,86,13.643,concluida,False
U0049,S002920,2026-06-30,2026-06-01,120,17.371,concluida,False
U0049,S002926,2026-07-05,2026-07-01,106,17.84,concluida,False
U0049,S002932,2026-07-09,2026-07-01,148,25.169,concluida,False
U0049,S002930,2026-07-15,2026-07-01,110,15.697,concluida,False
U0049,S002931,2026-07-18,2026-07-01,25,3.793,concluida,False
U0049,S002934,2026-07-18,2026-07-01,86,12.701,concluida,False
U0049,S002929,2026-07-25,2026-07-01,81,12.87,concluida,False
U0049,S002928,2026-07-26,2026-07-01,30,4.361,concluida,False
U0049,S002933,2026-07-30,2026-07-01,43,6.579,concluida,False
U0049,S002927,2026-07-31,2026-07-01,141,23.118,concluida,False
U0049,S002944,2026-08-02,2026-08-01,65,9.001,concluida,False
U0049,S002938,2026-08-02,2026-08-01,91,12.786,interrompida,False
U0049,S002943,2026-08-04,2026-08-01,49,7.735,concluida,False
U0049,S002945,2026-08-04,2026-08-01,159,24.187,concluida,False
U0049,S002941,2026-08-12,2026-08-01,82,12.553,concluida,False
U0049,S002935,2026-08-14,2026-08-01,17,2.925,interrompida,False
U0049,S002936,2026-08-17,2026-08-01,103,17.732,concluida,False
U0049,S002939,2026-08-19,2026-08-01,85,14.082,concluida,False
U0049,S002940,2026-08-20,2026-08-01,114,17.225,concluida,False
U0049,S002937,2026-08-27,2026-08-01,47,7.642,concluida,False
U0049,S002942,2026-08-27,2026-08-01,104,14.822,concluida,False
U0050,S002947,2026-03-04,2026-03-01,119,37.898,concluida,False
U0050,S002949,2026-03-04,2026-03-01,123,34.311,concluida,False
U0050,S002951,2026-03-10,2026-03-01,218,72.756,concluida,False
U0050,S002946,2026-03-18,2026-03-01,188,58.826,concluida,False
U0050,S002948,2026-03-23,2026-03-01,201,62.106,concluida,False
U0050,S002950,2026-03-27,2026-03-01,64,18.95,concluida,False
U0050,S002958,2026-05-02,2026-05-01,84,25.582,concluida,False
U0050,S002954,2026-05-07,2026-05-01,92,30.722,concluida,False
U0050,S002952,2026-05-12,2026-05-01,218,73.689,concluida,False
U0050,S002957,2026-05-17,2026-05-01,147,49.38,concluida,False
U0050,S002960,2026-05-19,2026-05-01,114,36.922,concluida,False
U0050,S002953,2026-05-20,2026-05-01,154,47.953,concluida,False
U0050,S002959,2026-05-21,2026-05-01,41,11.35,concluida,False
U0050,S002961,2026-05-24,2026-05-01,37,10.888,concluida,False
U0050,S002955,2026-05-27,2026-05-01,99,33.9,concluida,False
U0050,S002956,2026-05-29,2026-05-01,59,18.115,concluida,False
U0050,S002962,2026-06-19,2026-06-01,245,73.035,concluida,False
U0050,S002964,2026-06-21,2026-06-01,55,17.537,concluida,False
U0050,S002965,2026-06-21,2026-06-01,79,25.479,concluida,False
U0050,S002963,2026-06-26,2026-06-01,110,30.591,concluida,False
U0050,S002966,2026-06-27,2026-06-01,103,31.212,concluida,False
U0050,S002967,2026-06-30,2026-06-01,95,32.781,concluida,False
U0050,S002972,2026-07-01,2026-07-01,31,9.587,concluida,False
U0050,S002971,2026-07-03,2026-07-01,59,19.784,concluida,False
U0050,S002973,2026-07-04,2026-07-01,175,53.396,concluida,False
U0050,S002975,2026-07-08,2026-07-01,73,23.739,concluida,False
U0050,S002979,2026-07-10,2026-07-01,207,59.023,concluida,False
U0050,S002969,2026-07-14,2026-07-01,42,12.2,concluida,False
U0050,S002968,2026-07-16,2026-07-01,119,35.048,concluida,False
U0050,S002970,2026-07-19,2026-07-01,24,8.205,concluida,False
U0050,S002974,2026-07-21,2026-07-01,121,39.135,concluida,False
U0050,S002977,2026-07-24,2026-07-01,130,40.874,concluida,False
U0050,S002978,2026-07-27,2026-07-01,28,9.448,concluida,False
U0050,S002976,2026-07-29,2026-07-01,50,17.041,concluida,False
U0050,S002988,2026-08-09,2026-08-01,168,55.939,concluida,False
U0050,S002990,2026-08-10,2026-08-01,88,29.968,concluida,False
U0050,S002989,2026-08-14,2026-08-01,76,23.655,concluida,False
U0050,S002981,2026-08-15,2026-08-01,74,20.413,concluida,False
U0050,S002980,2026-08-17,2026-08-01,139,45.742,concluida,False
U0050,S002986,2026-08-18,2026-08-01,211,65.834,concluida,False
U0050,S002982,2026-08-18,2026-08-01,38,11.617,concluida,False
U0050,S002985,2026-08-22,2026-08-01,196,62.386,concluida,False
U0050,S002987,2026-08-22,2026-08-01,119,33.162,concluida,False
U0050,S002984,2026-08-25,2026-08-01,141,45.682,concluida,False
U0050,S002983,2026-08-27,2026-08-01,39,11.813,concluida,False
U0051,S002997,2026-03-01,2026-03-01,93,10.822,concluida,False
U0051,S002994,2026-03-01,2026-03-01,262,27.163,concluida,False
U0051,S002999,2026-03-05,2026-03-01,79,8.078,concluida,False
U0051,S002995,2026-03-05,2026-03-01,30,3.025,concluida,False
U0051,S002992,2026-03-06,2026-03-01,97,10.504,concluida,False
U0051,S003001,2026-03-07,2026-03-01,162,15.436,concluida,False
U0051,S003004,2026-03-11,2026-03-01,179,20.889,concluida,False
U0051,S002991,2026-03-12,2026-03-01,132,14.747,concluida,False
U0051,S003002,2026-03-12,2026-03-01,130,14.448,concluida,False
U0051,S002998,2026-03-18,2026-03-01,83,8.768,concluida,False
U0051,S002996,2026-03-19,2026-03-01,66,6.501,concluida,False
U0051,S003000,2026-03-20,2026-03-01,40,3.841,interrompida,False
U0051,S003003,2026-03-23,2026-03-01,198,18.842,concluida,False
U0051,S002993,2026-03-27,2026-03-01,181,18.423,concluida,False
U0051,S003008,2026-04-01,2026-04-01,41,4.366,concluida,False
U0051,S003018,2026-04-02,2026-04-01,114,12.478,concluida,False
U0051,S003021,2026-04-07,2026-04-01,156,15.64,concluida,False
U0051,S003017,2026-04-11,2026-04-01,133,14.467,concluida,False
U0051,S003005,2026-04-13,2026-04-01,38,4.246,concluida,False
U0051,S003007,2026-04-14,2026-04-01,134,14.544,concluida,False
U0051,S003012,2026-04-15,2026-04-01,113,11.606,concluida,False
U0051,S003014,2026-04-18,2026-04-01,89,9.586,concluida,False
U0051,S003016,2026-04-19,2026-04-01,218,23.868,concluida,False
U0051,S003010,2026-04-20,2026-04-01,66,7.038,concluida,False
U0051,S003020,2026-04-22,2026-04-01,49,4.607,concluida,False
U0051,S003015,2026-04-23,2026-04-01,88,8.999,concluida,False
U0051,S003013,2026-04-27,2026-04-01,83,8.952,concluida,False
U0051,S003011,2026-04-28,2026-04-01,81,8.415,concluida,False
U0051,S003019,2026-04-29,2026-04-01,69,6.458,concluida,False
U0051,S003009,2026-04-29,2026-04-01,185,21.363,concluida,False
U0051,S003006,2026-04-30,2026-04-01,47,5.218,concluida,False
U0051,S003026,2026-05-01,2026-05-01,71,7.952,concluida,False
U0051,S003032,2026-05-08,2026-05-01,204,19.14,concluida,False
U0051,S003024,2026-05-10,2026-05-01,133,13.537,concluida,False
U0051,S003022,2026-05-11,2026-05-01,127,34.57,concluida,True
U0051,S003031,2026-05-11,2026-05-01,90,8.967,concluida,False
U0051,S003025,2026-05-14,2026-05-01,135,13.854,concluida,False
U0051,S003029,2026-05-14,2026-05-01,293,28.855,concluida,False
U0051,S003034,2026-05-14,2026-05-01,47,4.902,concluida,False
U0051,S003027,2026-05-16,2026-05-01,65,6.723,concluida,False
U0051,S003023,2026-05-26,2026-05-01,100,9.987,concluida,False
U0051,S003028,2026-05-26,2026-05-01,136,15.156,concluida,False
U0051,S003033,2026-05-28,2026-05-01,116,11.069,concluida,False
U0051,S003030,2026-05-29,2026-05-01,58,6.486,concluida,False
U0051,S003036,2026-06-03,2026-06-01,167,19.199,concluida,False
U0051,S003038,2026-06-04,2026-06-01,57,6.1,concluida,False
U0051,S003040,2026-06-15,2026-06-01,53,5.982,interrompida,False
U0051,S003037,2026-06-18,2026-06-01,111,11.683,concluida,False
U0051,S003039,2026-06-18,2026-06-01,84,8.176,concluida,False
U0051,S003035,2026-06-20,2026-06-01,92,9.395,concluida,False
U0051,S003043,2026-06-24,2026-06-01,116,13.261,concluida,False
U0051,S003042,2026-06-24,2026-06-01,64,7.372,concluida,False
U0051,S003041,2026-06-26,2026-06-01,173,19.641,concluida,False
U0051,S003044,2026-06-28,2026-06-01,10,1.056,concluida,False
U0051,S003059,2026-07-01,2026-07-01,181,20.572,concluida,False
U0051,S003057,2026-07-02,2026-07-01,101,10.859,concluida,False
U0051,S003047,2026-07-02,2026-07-01,69,7.533,concluida,False
U0051,S003049,2026-07-04,2026-07-01,105,12.159,concluida,False
U0051,S003058,2026-07-09,2026-07-01,154,17.64,concluida,False
U0051,S003048,2026-07-10,2026-07-01,76,7.906,concluida,False
U0051,S003050,2026-07-10,2026-07-01,254,26.861,concluida,False
U0051,S003045,2026-07-12,2026-07-01,37,4.288,concluida,False
U0051,S003053,2026-07-16,2026-07-01,142,13.243,concluida,False
U0051,S003046,2026-07-17,2026-07-01,63,7.193,concluida,False
U0051,S003060,2026-07-17,2026-07-01,171,18.834,concluida,False
U0051,S003055,2026-07-21,2026-07-01,71,6.674,concluida,False
U0051,S003051,2026-07-22,2026-07-01,98,10.838,concluida,False
U0051,S003054,2026-07-22,2026-07-01,78,8.792,concluida,False
U0051,S003052,2026-07-25,2026-07-01,35,3.447,concluida,False
U0051,S003056,2026-07-31,2026-07-01,174,19.643,concluida,False
U0051,S003064,2026-08-01,2026-08-01,114,12.475,concluida,False
U0051,S003073,2026-08-05,2026-08-01,137,16.002,concluida,False
U0051,S003065,2026-08-08,2026-08-01,63,6.753,concluida,False
U0051,S003069,2026-08-09,2026-08-01,80,8.287,concluida,False
U0051,S003062,2026-08-09,2026-08-01,40,4.122,concluida,False
U0051,S003068,2026-08-10,2026-08-01,125,13.046,concluida,False
U0051,S003075,2026-08-17,2026-08-01,101,10.625,concluida,False
U0051,S003067,2026-08-19,2026-08-01,61,6.417,concluida,False
U0051,S003072,2026-08-19,2026-08-01,132,12.74,concluida,False
U0051,S003071,2026-08-23,2026-08-01,37,3.582,concluida,False
U0051,S003063,2026-08-23,2026-08-01,73,7.608,concluida,False
U0051,S003070,2026-08-26,2026-08-01,48,5.46,concluida,False
U0051,S003061,2026-08-27,2026-08-01,124,12.526,concluida,False
U0051,S003066,2026-08-28,2026-08-01,68,7.523,concluida,False
U0051,S003074,2026-08-30,2026-08-01,82,7.903,concluida,False
U0052,S003084,2026-03-02,2026-03-01,176,191.261,concluida,True
U0052,S003076,2026-03-05,2026-03-01,143,39.795,concluida,False
U0052,S003083,2026-03-07,2026-03-01,91,27.089,concluida,False
U0052,S003080,2026-03-12,2026-03-01,83,27.675,concluida,False
U0052,S003078,2026-03-13,2026-03-01,27,7.574,interrompida,False
U0052,S003082,2026-03-19,2026-03-01,120,39.645,concluida,False
U0052,S003079,2026-03-23,2026-03-01,95,26.973,concluida,False
U0052,S003081,2026-03-29,2026-03-01,173,51.246,concluida,False
U0052,S003077,2026-03-29,2026-03-01,98,27.067,concluida,False
U0052,S003085,2026-04-01,2026-04-01,127,42.537,concluida,False
U0052,S003096,2026-04-05,2026-04-01,72,24.78,concluida,False
U0052,S003092,2026-04-06,2026-04-01,121,38.661,concluida,False
U0052,S003089,2026-04-10,2026-04-01,226,75.537,concluida,False
U0052,S003091,2026-04-14,2026-04-01,37,11.663,concluida,False
U0052,S003087,2026-04-14,2026-04-01,8,2.339,interrompida,False
U0052,S003086,2026-04-15,2026-04-01,12,3.456,interrompida,False
U0052,S003095,2026-04-15,2026-04-01,91,25.542,concluida,False
U0052,S003097,2026-04-15,2026-04-01,73,25.232,concluida,False
U0052,S003093,2026-04-18,2026-04-01,114,35.698,concluida,False
U0052,S003090,2026-04-25,2026-04-01,59,66.808,concluida,True
U0052,S003094,2026-04-26,2026-04-01,66,18.753,interrompida,False
U0052,S003088,2026-04-28,2026-04-01,92,30.083,concluida,False
U0052,S003098,2026-05-01,2026-05-01,43,58.372,concluida,True
U0052,S003109,2026-05-03,2026-05-01,44,13.388,concluida,False
U0052,S003111,2026-05-06,2026-05-01,59,16.93,concluida,False
U0052,S003110,2026-05-09,2026-05-01,116,35.808,concluida,False
U0052,S003102,2026-05-09,2026-05-01,25,7.991,concluida,False
U0052,S003103,2026-05-09,2026-05-01,153,43.901,concluida,False
U0052,S003104,2026-05-15,2026-05-01,126,42.145,concluida,False
U0052,S003101,2026-05-16,2026-05-01,116,35.176,concluida,False
U0052,S003108,2026-05-16,2026-05-01,70,19.25,concluida,False
U0052,S003106,2026-05-22,2026-05-01,150,45.351,concluida,False
U0052,S003105,2026-05-24,2026-05-01,69,20.829,concluida,False
U0052,S003107,2026-05-25,2026-05-01,78,22.173,concluida,False
U0052,S003099,2026-05-30,2026-05-01,74,25.455,concluida,False
U0052,S003100,2026-05-31,2026-05-01,66,20.379,concluida,False
U0052,S003112,2026-06-01,2026-06-01,70,19.707,concluida,False
U0052,S003115,2026-06-01,2026-06-01,116,32.461,concluida,False
U0052,S003119,2026-06-02,2026-06-01,143,45.297,concluida,False
U0052,S003114,2026-06-03,2026-06-01,62,21.331,concluida,False
U0052,S003116,2026-06-03,2026-06-01,84,26.638,concluida,False
U0052,S003113,2026-06-06,2026-06-01,126,37.069,concluida,False
U0052,S003122,2026-06-08,2026-06-01,115,37.072,concluida,False
U0052,S003118,2026-06-14,2026-06-01,211,69.592,concluida,False
U0052,S003120,2026-06-26,2026-06-01,75,77.065,concluida,True
U0052,S003121,2026-06-29,2026-06-01,74,23.465,concluida,False
U0052,S003117,2026-06-29,2026-06-01,102,28.867,concluida,False
U0052,S003126,2026-07-02,2026-07-01,100,29.937,concluida,False
U0052,S003130,2026-07-02,2026-07-01,53,16.243,concluida,False
U0052,S003127,2026-07-08,2026-07-01,126,36.343,concluida,False
U0052,S003132,2026-07-11,2026-07-01,36,10.502,concluida,False
U0052,S003129,2026-07-14,2026-07-01,81,22.634,concluida,False
U0052,S003128,2026-07-15,2026-07-01,38,11.91,concluida,False
U0052,S003125,2026-07-16,2026-07-01,166,55.447,concluida,False
U0052,S003124,2026-07-25,2026-07-01,271,82.741,concluida,False
U0052,S003123,2026-07-28,2026-07-01,26,7.936,concluida,False
U0052,S003131,2026-07-29,2026-07-01,178,61.102,concluida,False
U0052,S003145,2026-08-03,2026-08-01,84,23.784,concluida,False
U0052,S003139,2026-08-04,2026-08-01,10,3.612,interrompida,False
U0052,S003137,2026-08-04,2026-08-01,46,14.314,concluida,False
U0052,S003143,2026-08-06,2026-08-01,53,18.077,concluida,False
U0052,S003133,2026-08-13,2026-08-01,131,37.35,concluida,False
U0052,S003141,2026-08-13,2026-08-01,72,23.079,concluida,False
U0052,S003136,2026-08-19,2026-08-01,5,0.475,interrompida,False
U0052,S003135,2026-08-20,2026-08-01,55,16.547,concluida,False
U0052,S003140,2026-08-22,2026-08-01,82,22.875,concluida,False
U0052,S003142,2026-08-23,2026-08-01,49,15.928,concluida,False
U0052,S003134,2026-08-27,2026-08-01,98,33.612,concluida,False
U0052,S003144,2026-08-28,2026-08-01,103,28.405,concluida,False
U0052,S003138,2026-08-29,2026-08-01,105,29.643,concluida,False
U0052,S003146,2026-08-30,2026-08-01,148,44.466,concluida,False
U0053,S003154,2026-03-03,2026-03-01,107,33.684,concluida,False
U0053,S003148,2026-03-04,2026-03-01,132,40.588,concluida,False
U0053,S003152,2026-03-07,2026-03-01,49,16.699,concluida,False
U0053,S003151,2026-03-10,2026-03-01,49,15.71,concluida,False
U0053,S003147,2026-03-21,2026-03-01,35,11.222,interrompida,False
U0053,S003149,2026-03-30,2026-03-01,83,27.136,concluida,False
U0053,S003150,2026-03-30,2026-03-01,113,36.597,concluida,False
U0053,S003153,2026-03-31,2026-03-01,52,17.649,concluida,False
U0053,S003157,2026-04-02,2026-04-01,28,8.677,interrompida,False
U0053,S003159,2026-04-03,2026-04-01,59,17.899,concluida,False
U0053,S003158,2026-04-21,2026-04-01,58,17.642,concluida,False
U0053,S003156,2026-04-25,2026-04-01,29,8.493,concluida,False
U0053,S003155,2026-04-29,2026-04-01,70,22.415,concluida,False
U0053,S003164,2026-05-03,2026-05-01,210,61.023,concluida,False
U0053,S003165,2026-05-06,2026-05-01,100,28.276,concluida,False
U0053,S003163,2026-05-11,2026-05-01,151,41.614,concluida,False
U0053,S003169,2026-05-12,2026-05-01,104,28.643,concluida,False
U0053,S003160,2026-05-16,2026-05-01,40,11.783,concluida,False
U0053,S003168,2026-05-19,2026-05-01,41,13.209,concluida,False
U0053,S003166,2026-05-21,2026-05-01,134,43.35,concluida,False
U0053,S003161,2026-05-22,2026-05-01,129,40.87,concluida,False
U0053,S003167,2026-05-26,2026-05-01,164,48.801,concluida,False
U0053,S003162,2026-05-28,2026-05-01,76,21.014,concluida,False
U0053,S003178,2026-06-03,2026-06-01,81,24.32,concluida,False
U0053,S003179,2026-06-06,2026-06-01,200,61.328,concluida,False
U0053,S003170,2026-06-08,2026-06-01,154,44.061,concluida,False
U0053,S003174,2026-06-10,2026-06-01,32,9.727,concluida,False
U0053,S003173,2026-06-11,2026-06-01,141,44.623,concluida,False
U0053,S003171,2026-06-15,2026-06-01,207,265.225,concluida,True
U0053,S003176,2026-06-15,2026-06-01,139,41.831,concluida,False
U0053,S003175,2026-06-22,2026-06-01,77,26.157,concluida,False
U0053,S003177,2026-06-29,2026-06-01,84,27.381,concluida,False
U0053,S003172,2026-06-30,2026-06-01,88,27.146,concluida,False
U0053,S003180,2026-07-03,2026-07-01,103,35.175,concluida,False
U0053,S003186,2026-07-03,2026-07-01,55,19.074,concluida,False
U0053,S003184,2026-07-06,2026-07-01,216,70.341,concluida,False
U0053,S003189,2026-07-06,2026-07-01,162,45.191,concluida,False
U0053,S003182,2026-07-17,2026-07-01,117,33.989,concluida,False
U0053,S003181,2026-07-24,2026-07-01,104,33.835,concluida,False
U0053,S003183,2026-07-24,2026-07-01,46,15.621,concluida,False
U0053,S003185,2026-07-25,2026-07-01,161,48.285,concluida,False
U0053,S003188,2026-07-28,2026-07-01,92,29.735,concluida,False
U0053,S003187,2026-07-29,2026-07-01,30,10.018,concluida,False
U0053,S003194,2026-08-02,2026-08-01,75,21.768,concluida,False
U0053,S003192,2026-08-03,2026-08-01,121,41.917,concluida,False
U0053,S003190,2026-08-05,2026-08-01,45,15.495,concluida,False
U0053,S003198,2026-08-07,2026-08-01,37,12.026,concluida,False
U0053,S003195,2026-08-08,2026-08-01,107,30.454,concluida,False
U0053,S003191,2026-08-16,2026-08-01,137,44.254,concluida,False
U0053,S003197,2026-08-17,2026-08-01,77,23.535,concluida,False
U0053,S003201,2026-08-20,2026-08-01,67,20.468,concluida,False
U0053,S003200,2026-08-20,2026-08-01,119,34.682,concluida,False
U0053,S003193,2026-08-23,2026-08-01,89,28.868,concluida,False
U0053,S003196,2026-08-23,2026-08-01,56,15.824,concluida,False
U0053,S003199,2026-08-30,2026-08-01,176,54.079,concluida,False
U0054,S003204,2026-03-03,2026-03-01,166,25.181,concluida,False
U0054,S003203,2026-03-04,2026-03-01,69,9.561,concluida,False
U0054,S003202,2026-03-10,2026-03-01,133,22.507,concluida,False
U0054,S003209,2026-03-10,2026-03-01,33,4.581,concluida,False
U0054,S003208,2026-03-12,2026-03-01,97,13.552,concluida,False
U0054,S003207,2026-03-13,2026-03-01,157,25.62,concluida,False
U0054,S003210,2026-03-22,2026-03-01,81,12.933,concluida,False
U0054,S003206,2026-03-27,2026-03-01,52,8.754,concluida,False
U0054,S003205,2026-03-31,2026-03-01,5,0.674,interrompida,False
U0054,S003213,2026-04-09,2026-04-01,78,12.972,concluida,False
U0054,S003218,2026-04-09,2026-04-01,73,10.576,concluida,False
U0054,S003211,2026-04-10,2026-04-01,11,1.756,concluida,False
U0054,S003212,2026-04-13,2026-04-01,145,22.244,concluida,False
U0054,S003215,2026-04-18,2026-04-01,200,31.115,concluida,False
U0054,S003214,2026-04-21,2026-04-01,115,18.745,concluida,False
U0054,S003220,2026-04-22,2026-04-01,118,17.803,concluida,False
U0054,S003216,2026-04-24,2026-04-01,116,19.907,concluida,False
U0054,S003219,2026-04-24,2026-04-01,28,4.822,concluida,False
U0054,S003217,2026-04-30,2026-04-01,257,42.04,concluida,False
U0054,S003224,2026-05-11,2026-05-01,65,10.018,concluida,False
U0054,S003226,2026-05-12,2026-05-01,161,24.715,concluida,False
U0054,S003222,2026-05-13,2026-05-01,73,11.038,concluida,False
U0054,S003227,2026-05-13,2026-05-01,214,36.732,concluida,False
U0054,S003225,2026-05-24,2026-05-01,57,9.808,concluida,False
U0054,S003223,2026-05-25,2026-05-01,71,10.779,concluida,False
U0054,S003221,2026-05-26,2026-05-01,141,20.633,concluida,False
U0054,S003233,2026-06-05,2026-06-01,213,32.161,concluida,False
U0054,S003232,2026-06-06,2026-06-01,129,21.774,concluida,False
U0054,S003234,2026-06-06,2026-06-01,108,15.335,concluida,False
U0054,S003231,2026-06-11,2026-06-01,131,22.527,concluida,False
U0054,S003229,2026-06-12,2026-06-01,98,15.399,concluida,False
U0054,S003228,2026-06-14,2026-06-01,147,25.096,concluida,False
U0054,S003230,2026-06-17,2026-06-01,85,14.227,concluida,False
U0054,S003243,2026-07-02,2026-07-01,85,13.237,concluida,False
U0054,S003240,2026-07-03,2026-07-01,121,19.876,concluida,False
U0054,S003241,2026-07-11,2026-07-01,108,15.678,concluida,False
U0054,S003242,2026-07-14,2026-07-01,42,7.17,concluida,False
U0054,S003237,2026-07-15,2026-07-01,43,6.563,concluida,False
U0054,S003239,2026-07-16,2026-07-01,40,6.706,concluida,False
U0054,S003235,2026-07-21,2026-07-01,76,12.076,concluida,False
U0054,S003244,2026-07-23,2026-07-01,55,8.391,concluida,False
U0054,S003236,2026-07-27,2026-07-01,197,29.262,concluida,False
U0054,S003238,2026-07-31,2026-07-01,96,15.644,interrompida,False
U0054,S003249,2026-08-02,2026-08-01,100,17.126,concluida,False
U0054,S003250,2026-08-03,2026-08-01,60,8.66,concluida,False
U0054,S003251,2026-08-04,2026-08-01,107,14.816,concluida,False
U0054,S003246,2026-08-07,2026-08-01,113,17.477,concluida,False
U0054,S003245,2026-08-15,2026-08-01,256,36.44,concluida,False
U0054,S003252,2026-08-25,2026-08-01,48,6.983,concluida,False
U0054,S003248,2026-08-30,2026-08-01,42,5.872,concluida,False
U0054,S003247,2026-08-30,2026-08-01,147,23.604,concluida,False
U0055,S003259,2026-03-01,2026-03-01,127,38.311,concluida,False
U0055,S003262,2026-03-02,2026-03-01,61,17.613,concluida,False
U0055,S003261,2026-03-02,2026-03-01,107,32.541,concluida,False
U0055,S003253,2026-03-06,2026-03-01,80,22.206,concluida,False
U0055,S003258,2026-03-08,2026-03-01,76,24.333,concluida,False
U0055,S003256,2026-03-12,2026-03-01,177,58.009,concluida,False
U0055,S003254,2026-03-12,2026-03-01,232,66.423,concluida,False
U0055,S003255,2026-03-20,2026-03-01,18,5.196,concluida,False
U0055,S003263,2026-03-25,2026-03-01,47,15.706,concluida,False
U0055,S003260,2026-03-26,2026-03-01,60,17.492,concluida,False
U0055,S003257,2026-03-30,2026-03-01,71,20.297,concluida,False
U0055,S003264,2026-06-04,2026-06-01,50,16.114,concluida,False
U0055,S003267,2026-06-18,2026-06-01,50,14.697,concluida,False
U0055,S003266,2026-06-28,2026-06-01,225,72.868,concluida,False
U0055,S003265,2026-06-29,2026-06-01,139,45.134,concluida,False
U0055,S003269,2026-07-05,2026-07-01,72,24.656,concluida,False
U0055,S003268,2026-07-05,2026-07-01,23,6.679,concluida,False
U0055,S003273,2026-07-07,2026-07-01,69,22.295,concluida,False
U0055,S003270,2026-07-09,2026-07-01,60,18.023,concluida,False
U0055,S003271,2026-07-23,2026-07-01,149,48.241,concluida,False
U0055,S003272,2026-07-24,2026-07-01,163,49.666,concluida,False
U0055,S003276,2026-08-01,2026-08-01,62,20.092,concluida,False
U0055,S003275,2026-08-09,2026-08-01,164,53.322,concluida,False
U0055,S003274,2026-08-28,2026-08-01,53,15.526,concluida,False
U0056,S003285,2026-03-02,2026-03-01,123,56.537,concluida,True
U0056,S003282,2026-03-03,2026-03-01,42,7.28,concluida,False
U0056,S003291,2026-03-05,2026-03-01,46,7.425,concluida,False
U0056,S003278,2026-03-06,2026-03-01,49,7.925,concluida,False
U0056,S003279,2026-03-08,2026-03-01,131,21.99,concluida,False
U0056,S003280,2026-03-11,2026-03-01,149,22.0,concluida,False
U0056,S003283,2026-03-11,2026-03-01,85,12.534,concluida,False
U0056,S003289,2026-03-13,2026-03-01,109,17.251,concluida,False
U0056,S003290,2026-03-14,2026-03-01,129,21.962,concluida,False
U0056,S003284,2026-03-19,2026-03-01,103,16.394,concluida,False
U0056,S003281,2026-03-19,2026-03-01,91,15.179,concluida,False
U0056,S003277,2026-03-21,2026-03-01,62,9.335,interrompida,False
U0056,S003286,2026-03-22,2026-03-01,47,6.585,concluida,False
U0056,S003287,2026-03-24,2026-03-01,152,21.401,concluida,False
U0056,S003288,2026-03-25,2026-03-01,162,24.829,concluida,False
U0056,S003299,2026-04-01,2026-04-01,77,11.776,concluida,False
U0056,S003295,2026-04-01,2026-04-01,74,11.999,concluida,False
U0056,S003303,2026-04-02,2026-04-01,194,29.568,concluida,False
U0056,S003294,2026-04-04,2026-04-01,102,14.368,concluida,False
U0056,S003306,2026-04-05,2026-04-01,76,12.389,concluida,False
U0056,S003304,2026-04-07,2026-04-01,51,8.114,concluida,False
U0056,S003296,2026-04-08,2026-04-01,81,11.567,concluida,False
U0056,S003302,2026-04-13,2026-04-01,131,19.682,concluida,False
U0056,S003300,2026-04-18,2026-04-01,117,19.359,concluida,False
U0056,S003301,2026-04-19,2026-04-01,196,33.586,concluida,False
U0056,S003298,2026-04-19,2026-04-01,80,12.338,concluida,False
U0056,S003307,2026-04-19,2026-04-01,110,18.025,concluida,False
U0056,S003305,2026-04-20,2026-04-01,38,6.567,concluida,False
U0056,S003293,2026-04-21,2026-04-01,142,22.501,concluida,False
U0056,S003292,2026-04-21,2026-04-01,58,8.869,concluida,False
U0056,S003297,2026-04-27,2026-04-01,82,13.604,concluida,False
U0056,S003318,2026-05-04,2026-05-01,125,17.91,concluida,False
U0056,S003316,2026-05-05,2026-05-01,143,19.913,concluida,False
U0056,S003319,2026-05-05,2026-05-01,135,21.984,concluida,False
U0056,S003315,2026-05-08,2026-05-01,27,4.585,concluida,False
U0056,S003311,2026-05-10,2026-05-01,235,38.807,concluida,False
U0056,S003308,2026-05-15,2026-05-01,27,4.38,concluida,False
U0056,S003320,2026-05-16,2026-05-01,103,15.301,concluida,False
U0056,S003313,2026-05-20,2026-05-01,66,10.032,concluida,False
U0056,S003310,2026-05-20,2026-05-01,127,19.086,concluida,False
U0056,S003321,2026-05-21,2026-05-01,77,12.802,concluida,False
U0056,S003317,2026-05-24,2026-05-01,88,12.805,concluida,False
U0056,S003312,2026-05-24,2026-05-01,20,2.975,concluida,False
U0056,S003314,2026-05-27,2026-05-01,136,23.411,concluida,False
U0056,S003309,2026-05-28,2026-05-01,87,13.921,concluida,False
U0056,S003334,2026-06-01,2026-06-01,39,5.694,concluida,False
U0056,S003331,2026-06-02,2026-06-01,94,13.631,concluida,False
U0056,S003322,2026-06-02,2026-06-01,54,7.445,concluida,False
U0056,S003332,2026-06-06,2026-06-01,130,21.072,concluida,False
U0056,S003333,2026-06-10,2026-06-01,113,16.75,concluida,False
U0056,S003330,2026-06-13,2026-06-01,63,8.858,concluida,False
U0056,S003323,2026-06-13,2026-06-01,38,5.314,concluida,False
U0056,S003327,2026-06-21,2026-06-01,30,5.049,concluida,False
U0056,S003329,2026-06-23,2026-06-01,132,20.824,concluida,False
U0056,S003325,2026-06-25,2026-06-01,84,12.178,concluida,False
U0056,S003328,2026-06-26,2026-06-01,98,16.791,concluida,False
U0056,S003324,2026-06-27,2026-06-01,71,10.131,concluida,False
U0056,S003326,2026-06-28,2026-06-01,41,6.432,concluida,False
U0056,S003343,2026-07-01,2026-07-01,203,28.033,concluida,False
U0056,S003337,2026-07-05,2026-07-01,107,17.87,concluida,False
U0056,S003347,2026-07-05,2026-07-01,74,11.473,concluida,False
U0056,S003342,2026-07-07,2026-07-01,105,14.951,concluida,False
U0056,S003344,2026-07-07,2026-07-01,247,41.913,concluida,False
U0056,S003339,2026-07-10,2026-07-01,107,18.014,concluida,False
U0056,S003341,2026-07-14,2026-07-01,90,13.492,concluida,False
U0056,S003345,2026-07-14,2026-07-01,11,1.69,concluida,False
U0056,S003338,2026-07-15,2026-07-01,195,28.858,concluida,False
U0056,S003336,2026-07-23,2026-07-01,45,7.668,concluida,False
U0056,S003346,2026-07-26,2026-07-01,93,14.033,concluida,False
U0056,S003335,2026-07-26,2026-07-01,112,17.64,interrompida,False
U0056,S003340,2026-07-31,2026-07-01,87,12.484,concluida,False
U0056,S003351,2026-08-02,2026-08-01,122,19.191,concluida,False
U0056,S003352,2026-08-03,2026-08-01,230,37.678,concluida,False
U0056,S003358,2026-08-05,2026-08-01,143,23.216,concluida,False
U0056,S003348,2026-08-06,2026-08-01,33,5.314,concluida,False
U0056,S003350,2026-08-06,2026-08-01,197,27.297,concluida,False
U0056,S003359,2026-08-06,2026-08-01,71,10.587,concluida,False
U0056,S003353,2026-08-10,2026-08-01,53,9.0,concluida,False
U0056,S003360,2026-08-13,2026-08-01,31,5.124,concluida,False
U0056,S003356,2026-08-14,2026-08-01,53,8.497,concluida,False
U0056,S003355,2026-08-27,2026-08-01,87,13.482,concluida,False
U0056,S003349,2026-08-30,2026-08-01,81,13.32,concluida,False
U0056,S003354,2026-08-30,2026-08-01,154,22.637,concluida,False
U0056,S003357,2026-08-30,2026-08-01,77,10.729,concluida,False
U0056,S003361,2026-08-31,2026-08-01,76,11.803,concluida,False
U0057,S003365,2026-03-15,2026-03-01,95,26.47,concluida,False
U0057,S003368,2026-03-16,2026-03-01,109,31.355,concluida,False
U0057,S003363,2026-03-17,2026-03-01,133,45.997,concluida,False
U0057,S003367,2026-03-23,2026-03-01,157,45.227,concluida,False
U0057,S003364,2026-03-26,2026-03-01,54,17.791,concluida,False
U0057,S003366,2026-03-26,2026-03-01,75,25.754,concluida,False
U0057,S003362,2026-03-26,2026-03-01,80,22.585,concluida,False
U0057,S003376,2026-04-03,2026-04-01,78,25.832,concluida,False
U0057,S003370,2026-04-05,2026-04-01,170,48.159,concluida,False
U0057,S003378,2026-04-06,2026-04-01,47,14.985,concluida,False
U0057,S003369,2026-04-08,2026-04-01,37,11.688,concluida,False
U0057,S003373,2026-04-10,2026-04-01,63,63.019,concluida,True
U0057,S003379,2026-04-15,2026-04-01,107,33.333,concluida,False
U0057,S003377,2026-04-16,2026-04-01,250,80.188,concluida,False
U0057,S003374,2026-04-17,2026-04-01,56,17.782,concluida,False
U0057,S003371,2026-04-19,2026-04-01,100,32.238,concluida,False
U0057,S003380,2026-04-19,2026-04-01,37,10.223,concluida,False
U0057,S003372,2026-04-24,2026-04-01,112,30.812,concluida,False
U0057,S003375,2026-04-26,2026-04-01,99,27.3,concluida,False
U0057,S003386,2026-05-02,2026-05-01,78,23.606,concluida,False
U0057,S003390,2026-05-04,2026-05-01,85,24.453,concluida,False
U0057,S003382,2026-05-05,2026-05-01,147,43.506,concluida,False
U0057,S003385,2026-05-06,2026-05-01,166,53.227,concluida,False
U0057,S003383,2026-05-07,2026-05-01,182,52.074,concluida,False
U0057,S003384,2026-05-08,2026-05-01,26,7.616,concluida,False
U0057,S003388,2026-05-08,2026-05-01,168,52.832,concluida,False
U0057,S003387,2026-05-21,2026-05-01,126,39.743,concluida,False
U0057,S003391,2026-05-23,2026-05-01,53,16.667,concluida,False
U0057,S003389,2026-05-23,2026-05-01,248,71.056,concluida,False
U0057,S003381,2026-05-26,2026-05-01,64,18.228,concluida,False
U0057,S003398,2026-06-07,2026-06-01,30,9.699,concluida,False
U0057,S003393,2026-06-09,2026-06-01,69,21.693,concluida,False
U0057,S003400,2026-06-10,2026-06-01,19,6.077,concluida,False
U0057,S003392,2026-06-10,2026-06-01,220,60.636,concluida,False
U0057,S003395,2026-06-15,2026-06-01,153,47.959,concluida,False
U0057,S003397,2026-06-24,2026-06-01,101,33.516,concluida,False
U0057,S003396,2026-06-25,2026-06-01,198,68.386,concluida,False
U0057,S003399,2026-06-26,2026-06-01,124,126.308,concluida,True
U0057,S003394,2026-06-27,2026-06-01,19,6.164,concluida,False
U0057,S003402,2026-07-03,2026-07-01,38,12.854,concluida,False
U0057,S003401,2026-07-31,2026-07-01,108,36.963,concluida,False
U0057,S003406,2026-08-01,2026-08-01,146,50.174,concluida,False
U0057,S003404,2026-08-04,2026-08-01,81,25.539,concluida,False
U0057,S003408,2026-08-11,2026-08-01,85,24.494,concluida,False
U0057,S003405,2026-08-14,2026-08-01,159,52.324,concluida,False
U0057,S003407,2026-08-18,2026-08-01,83,23.973,concluida,False
U0057,S003409,2026-08-18,2026-08-01,49,13.482,concluida,False
U0057,S003403,2026-08-19,2026-08-01,55,17.25,concluida,False
U0058,S003411,2026-03-18,2026-03-01,130,39.87,concluida,False
U0058,S003410,2026-03-22,2026-03-01,239,75.62,concluida,False
U0058,S003412,2026-03-28,2026-03-01,140,40.32,concluida,False
U0058,S003416,2026-04-01,2026-04-01,71,20.514,concluida,False
U0058,S003415,2026-04-06,2026-04-01,88,27.135,concluida,False
U0058,S003418,2026-04-12,2026-04-01,93,26.849,concluida,False
U0058,S003420,2026-04-13,2026-04-01,186,57.728,concluida,False
U0058,S003419,2026-04-17,2026-04-01,103,30.783,concluida,False
U0058,S003413,2026-04-22,2026-04-01,52,17.666,concluida,False
U0058,S003421,2026-04-25,2026-04-01,106,34.773,concluida,False
U0058,S003417,2026-04-29,2026-04-01,166,54.377,concluida,False
U0058,S003414,2026-04-29,2026-04-01,89,25.019,concluida,False
U0058,S003433,2026-05-01,2026-05-01,81,22.298,concluida,False
U0058,S003435,2026-05-09,2026-05-01,67,23.11,concluida,False
U0058,S003434,2026-05-09,2026-05-01,47,14.138,concluida,False
U0058,S003429,2026-05-11,2026-05-01,65,18.94,concluida,False
U0058,S003428,2026-05-11,2026-05-01,76,22.038,concluida,False
U0058,S003425,2026-05-12,2026-05-01,38,42.306,concluida,True
U0058,S003424,2026-05-12,2026-05-01,171,52.279,concluida,False
U0058,S003423,2026-05-15,2026-05-01,125,38.45,concluida,False
U0058,S003431,2026-05-15,2026-05-01,105,33.706,concluida,False
U0058,S003432,2026-05-19,2026-05-01,75,20.971,concluida,False
U0058,S003426,2026-05-23,2026-05-01,108,32.685,concluida,False
U0058,S003427,2026-05-25,2026-05-01,103,32.945,concluida,False
U0058,S003430,2026-05-25,2026-05-01,124,40.812,concluida,False
U0058,S003422,2026-05-28,2026-05-01,48,16.063,concluida,False
U0058,S003436,2026-06-04,2026-06-01,59,18.224,concluida,False
U0058,S003440,2026-06-06,2026-06-01,67,19.111,concluida,False
U0058,S003437,2026-06-07,2026-06-01,52,17.095,concluida,False
U0058,S003438,2026-06-10,2026-06-01,14,15.728,interrompida,True
U0058,S003442,2026-06-12,2026-06-01,249,70.381,concluida,False
U0058,S003441,2026-06-18,2026-06-01,20,6.985,interrompida,False
U0058,S003444,2026-06-20,2026-06-01,35,11.516,concluida,False
U0058,S003443,2026-06-28,2026-06-01,117,39.078,concluida,False
U0058,S003439,2026-06-29,2026-06-01,176,52.616,concluida,False
U0058,S003452,2026-07-01,2026-07-01,72,23.132,concluida,False
U0058,S003453,2026-07-02,2026-07-01,21,6.193,concluida,False
U0058,S003459,2026-07-04,2026-07-01,88,24.251,concluida,False
U0058,S003449,2026-07-04,2026-07-01,79,23.237,concluida,False
U0058,S003457,2026-07-04,2026-07-01,274,93.638,concluida,False
U0058,S003454,2026-07-05,2026-07-01,88,28.042,concluida,False
U0058,S003458,2026-07-05,2026-07-01,107,36.742,concluida,False
U0058,S003456,2026-07-06,2026-07-01,29,9.974,concluida,False
U0058,S003461,2026-07-10,2026-07-01,66,19.547,concluida,False
U0058,S003445,2026-07-14,2026-07-01,132,38.59,concluida,False
U0058,S003450,2026-07-14,2026-07-01,212,67.154,concluida,False
U0058,S003460,2026-07-15,2026-07-01,211,58.48,concluida,False
U0058,S003451,2026-07-21,2026-07-01,192,60.274,concluida,False
U0058,S003448,2026-07-21,2026-07-01,58,16.024,concluida,False
U0058,S003447,2026-07-25,2026-07-01,98,29.848,concluida,False
U0058,S003446,2026-07-30,2026-07-01,46,12.809,concluida,False
U0058,S003455,2026-07-31,2026-07-01,33,10.427,concluida,False
U0058,S003465,2026-08-01,2026-08-01,45,13.197,concluida,False
U0058,S003470,2026-08-05,2026-08-01,188,63.546,concluida,False
U0058,S003469,2026-08-06,2026-08-01,55,17.482,concluida,False
U0058,S003462,2026-08-11,2026-08-01,171,48.234,concluida,False
U0058,S003463,2026-08-11,2026-08-01,41,12.746,concluida,False
U0058,S003468,2026-08-20,2026-08-01,117,36.943,concluida,False
U0058,S003467,2026-08-21,2026-08-01,43,13.385,concluida,False
U0058,S003464,2026-08-24,2026-08-01,97,28.227,concluida,False
U0058,S003466,2026-08-30,2026-08-01,51,14.279,concluida,False
U0059,S003477,2026-03-02,2026-03-01,201,29.343,concluida,False
U0059,S003475,2026-03-04,2026-03-01,43,7.157,concluida,False
U0059,S003478,2026-03-04,2026-03-01,87,12.657,concluida,False
U0059,S003474,2026-03-12,2026-03-01,68,9.702,concluida,False
U0059,S003471,2026-03-12,2026-03-01,22,3.093,concluida,False
U0059,S003473,2026-03-15,2026-03-01,83,12.348,concluida,False
U0059,S003472,2026-03-17,2026-03-01,66,10.616,concluida,False
U0059,S003476,2026-03-23,2026-03-01,39,6.764,concluida,False
U0059,S003483,2026-04-04,2026-04-01,69,11.237,concluida,False
U0059,S003485,2026-04-04,2026-04-01,151,23.888,concluida,False
U0059,S003481,2026-04-12,2026-04-01,88,12.662,concluida,False
U0059,S003480,2026-04-17,2026-04-01,54,8.427,concluida,False
U0059,S003479,2026-04-27,2026-04-01,101,15.818,concluida,False
U0059,S003482,2026-04-27,2026-04-01,129,19.794,concluida,False
U0059,S003484,2026-04-30,2026-04-01,57,9.361,concluida,False
U0059,S003490,2026-05-02,2026-05-01,180,28.628,concluida,False
U0059,S003491,2026-05-04,2026-05-01,110,17.272,concluida,False
U0059,S003493,2026-05-04,2026-05-01,39,5.484,concluida,False
U0059,S003488,2026-05-08,2026-05-01,113,18.909,concluida,False
U0059,S003486,2026-05-09,2026-05-01,87,13.18,concluida,False
U0059,S003492,2026-05-18,2026-05-01,77,11.248,concluida,False
U0059,S003495,2026-05-20,2026-05-01,43,7.393,concluida,False
U0059,S003489,2026-05-29,2026-05-01,105,16.86,concluida,False
U0059,S003494,2026-05-29,2026-05-01,68,9.774,concluida,False
U0059,S003487,2026-05-30,2026-05-01,110,17.515,concluida,False
U0059,S003504,2026-06-03,2026-06-01,135,22.157,concluida,False
U0059,S003497,2026-06-11,2026-06-01,82,13.41,concluida,False
U0059,S003503,2026-06-14,2026-06-01,82,13.562,concluida,False
U0059,S003496,2026-06-15,2026-06-01,40,6.323,concluida,False
U0059,S003507,2026-06-19,2026-06-01,70,11.969,interrompida,False
U0059,S003506,2026-06-20,2026-06-01,47,7.9,concluida,False
U0059,S003499,2026-06-24,2026-06-01,237,37.881,concluida,False
U0059,S003505,2026-06-25,2026-06-01,82,13.827,concluida,False
U0059,S003498,2026-06-27,2026-06-01,59,8.224,concluida,False
U0059,S003500,2026-06-27,2026-06-01,100,14.847,concluida,False
U0059,S003501,2026-06-29,2026-06-01,83,12.819,concluida,False
U0059,S003502,2026-06-30,2026-06-01,173,29.658,concluida,False
U0059,S003510,2026-07-03,2026-07-01,28,4.701,concluida,False
U0059,S003518,2026-07-07,2026-07-01,77,10.784,concluida,False
U0059,S003519,2026-07-07,2026-07-01,21,3.471,concluida,False
U0059,S003512,2026-07-07,2026-07-01,36,5.852,interrompida,False
U0059,S003517,2026-07-10,2026-07-01,22,3.074,concluida,False
U0059,S003515,2026-07-12,2026-07-01,24,3.514,concluida,False
U0059,S003509,2026-07-18,2026-07-01,333,50.98,concluida,False
U0059,S003511,2026-07-25,2026-07-01,312,48.216,concluida,False
U0059,S003513,2026-07-26,2026-07-01,73,10.251,concluida,False
U0059,S003516,2026-07-27,2026-07-01,73,12.172,concluida,False
U0059,S003508,2026-07-27,2026-07-01,85,13.075,concluida,False
U0059,S003514,2026-07-28,2026-07-01,117,20.312,concluida,False
U0059,S003522,2026-08-03,2026-08-01,134,21.534,concluida,False
U0059,S003525,2026-08-10,2026-08-01,94,14.279,concluida,False
U0059,S003528,2026-08-14,2026-08-01,323,48.476,concluida,False
U0059,S003520,2026-08-17,2026-08-01,172,27.431,concluida,False
U0059,S003524,2026-08-19,2026-08-01,57,8.584,concluida,False
U0059,S003523,2026-08-21,2026-08-01,63,10.651,concluida,False
U0059,S003521,2026-08-26,2026-08-01,30,4.322,interrompida,False
U0059,S003526,2026-08-27,2026-08-01,32,5.469,concluida,False
U0059,S003527,2026-08-28,2026-08-01,73,11.495,concluida,False
U0060,S003532,2026-04-02,2026-04-01,28,4.854,interrompida,False
U0060,S003529,2026-04-03,2026-04-01,50,8.167,concluida,False
U0060,S003534,2026-04-05,2026-04-01,66,11.149,concluida,False
U0060,S003531,2026-04-11,2026-04-01,55,9.321,concluida,False
U0060,S003537,2026-04-14,2026-04-01,47,7.156,concluida,False
U0060,S003533,2026-04-16,2026-04-01,190,26.183,concluida,False
U0060,S003538,2026-04-19,2026-04-01,53,7.624,concluida,False
U0060,S003530,2026-04-20,2026-04-01,121,18.686,concluida,False
U0060,S003535,2026-04-22,2026-04-01,65,10.018,concluida,False
U0060,S003539,2026-04-25,2026-04-01,72,12.2,concluida,False
U0060,S003542,2026-04-26,2026-04-01,63,10.88,concluida,False
U0060,S003536,2026-04-26,2026-04-01,208,35.667,concluida,False
U0060,S003540,2026-04-27,2026-04-01,21,3.478,concluida,False
U0060,S003543,2026-04-27,2026-04-01,93,15.586,concluida,False
U0060,S003541,2026-04-28,2026-04-01,84,11.93,concluida,False
U0060,S003550,2026-06-02,2026-06-01,57,8.385,concluida,False
U0060,S003552,2026-06-05,2026-06-01,24,12.592,concluida,True
U0060,S003549,2026-06-06,2026-06-01,194,27.583,concluida,False
U0060,S003554,2026-06-09,2026-06-01,79,13.753,concluida,False
U0060,S003548,2026-06-12,2026-06-01,144,22.507,concluida,False
U0060,S003545,2026-06-18,2026-06-01,120,18.45,concluida,False
U0060,S003544,2026-06-19,2026-06-01,157,25.963,concluida,False
U0060,S003553,2026-06-23,2026-06-01,69,11.61,concluida,False
U0060,S003546,2026-06-24,2026-06-01,215,31.253,concluida,False
U0060,S003547,2026-06-27,2026-06-01,207,29.178,concluida,False
U0060,S003551,2026-06-29,2026-06-01,147,23.507,concluida,False
U0060,S003562,2026-08-01,2026-08-01,98,15.438,concluida,False
U0060,S003556,2026-08-01,2026-08-01,95,15.606,concluida,False
U0060,S003567,2026-08-01,2026-08-01,60,9.265,concluida,False
U0060,S003566,2026-08-01,2026-08-01,67,9.448,concluida,False
U0060,S003558,2026-08-03,2026-08-01,157,26.435,concluida,False
U0060,S003560,2026-08-04,2026-08-01,58,9.11,concluida,False
U0060,S003555,2026-08-04,2026-08-01,67,11.481,concluida,False
U0060,S003565,2026-08-07,2026-08-01,118,65.134,concluida,True
U0060,S003557,2026-08-09,2026-08-01,182,31.253,concluida,False
U0060,S003559,2026-08-09,2026-08-01,60,10.208,concluida,False
U0060,S003564,2026-08-13,2026-08-01,116,19.364,concluida,False
U0060,S003561,2026-08-13,2026-08-01,106,16.253,concluida,False
U0060,S003570,2026-08-16,2026-08-01,74,10.718,interrompida,False
U0060,S003572,2026-08-18,2026-08-01,153,26.607,concluida,False
U0060,S003569,2026-08-19,2026-08-01,66,10.874,concluida,False
U0060,S003568,2026-08-21,2026-08-01,165,23.726,concluida,False
U0060,S003571,2026-08-24,2026-08-01,138,22.984,concluida,False
U0060,S003563,2026-08-30,2026-08-01,47,6.86,interrompida,False
U0061,S003575,2026-03-03,2026-03-01,36,5.474,concluida,False
U0061,S003573,2026-03-08,2026-03-01,81,11.297,concluida,False
U0061,S003574,2026-03-10,2026-03-01,112,18.63,concluida,False
U0061,S003579,2026-03-11,2026-03-01,54,7.87,concluida,False
U0061,S003577,2026-03-19,2026-03-01,75,11.152,concluida,False
U0061,S003580,2026-03-20,2026-03-01,138,20.494,concluida,False
U0061,S003576,2026-03-25,2026-03-01,92,13.129,concluida,False
U0061,S003578,2026-03-29,2026-03-01,51,7.863,interrompida,False
U0061,S003582,2026-04-02,2026-04-01,105,14.845,concluida,False
U0061,S003583,2026-04-06,2026-04-01,74,11.341,concluida,False
U0061,S003587,2026-04-10,2026-04-01,86,12.641,concluida,False
U0061,S003581,2026-04-12,2026-04-01,132,21.499,concluida,False
U0061,S003586,2026-04-15,2026-04-01,200,34.827,concluida,False
U0061,S003588,2026-04-19,2026-04-01,106,16.798,concluida,False
U0061,S003584,2026-04-24,2026-04-01,123,20.531,concluida,False
U0061,S003585,2026-04-26,2026-04-01,113,19.301,concluida,False
U0061,S003594,2026-05-07,2026-05-01,117,19.206,concluida,False
U0061,S003591,2026-05-08,2026-05-01,28,4.405,concluida,False
U0061,S003593,2026-05-09,2026-05-01,57,21.387,concluida,True
U0061,S003595,2026-05-12,2026-05-01,99,14.806,concluida,False
U0061,S003590,2026-05-13,2026-05-01,213,36.8,concluida,False
U0061,S003589,2026-05-14,2026-05-01,78,10.85,concluida,False
U0061,S003592,2026-05-17,2026-05-01,12,1.702,concluida,False
U0061,S003598,2026-08-04,2026-08-01,78,11.066,concluida,False
U0061,S003596,2026-08-08,2026-08-01,231,34.233,concluida,False
U0061,S003599,2026-08-13,2026-08-01,66,10.897,concluida,False
U0061,S003597,2026-08-19,2026-08-01,5,0.726,interrompida,False
U0061,S003600,2026-08-22,2026-08-01,26,3.767,concluida,False
U0062,S003606,2026-03-03,2026-03-01,131,14.07,concluida,False
U0062,S003608,2026-03-07,2026-03-01,147,44.266,concluida,True
U0062,S003602,2026-03-10,2026-03-01,158,18.469,concluida,False
U0062,S003603,2026-03-16,2026-03-01,92,9.392,concluida,False
U0062,S003607,2026-03-17,2026-03-01,67,7.452,concluida,False
U0062,S003604,2026-03-22,2026-03-01,134,13.218,concluida,False
U0062,S003601,2026-03-24,2026-03-01,80,8.619,concluida,False
U0062,S003609,2026-03-25,2026-03-01,74,7.352,concluida,False
U0062,S003605,2026-03-31,2026-03-01,107,10.115,concluida,False
U0062,S003614,2026-04-01,2026-04-01,82,9.529,concluida,False
U0062,S003611,2026-04-05,2026-04-01,89,8.35,concluida,False
U0062,S003610,2026-04-10,2026-04-01,65,7.44,concluida,False
U0062,S003616,2026-04-15,2026-04-01,173,19.372,concluida,False
U0062,S003615,2026-04-17,2026-04-01,24,2.261,concluida,False
U0062,S003612,2026-04-26,2026-04-01,162,17.808,concluida,False
U0062,S003613,2026-04-30,2026-04-01,38,4.127,concluida,False
U0062,S003621,2026-05-04,2026-05-01,139,12.966,concluida,False
U0062,S003619,2026-05-04,2026-05-01,69,6.58,concluida,False
U0062,S003622,2026-05-09,2026-05-01,100,10.257,concluida,False
U0062,S003623,2026-05-17,2026-05-01,17,1.774,interrompida,False
U0062,S003618,2026-05-20,2026-05-01,57,6.668,concluida,False
U0062,S003620,2026-05-26,2026-05-01,106,43.215,concluida,True
U0062,S003617,2026-05-31,2026-05-01,60,17.296,concluida,True
U0062,S003626,2026-06-01,2026-06-01,47,5.2,concluida,False
U0062,S003625,2026-06-05,2026-06-01,51,5.541,concluida,False
U0062,S003627,2026-06-10,2026-06-01,103,11.371,concluida,False
U0062,S003629,2026-06-13,2026-06-01,93,10.819,concluida,False
U0062,S003624,2026-06-19,2026-06-01,99,11.576,concluida,False
U0062,S003628,2026-06-29,2026-06-01,56,6.532,concluida,False
U0062,S003632,2026-07-03,2026-07-01,148,17.338,concluida,False
U0062,S003630,2026-07-16,2026-07-01,151,16.737,concluida,False
U0062,S003631,2026-07-16,2026-07-01,94,9.04,concluida,False
U0062,S003633,2026-07-25,2026-07-01,56,6.215,concluida,False
U0062,S003636,2026-08-09,2026-08-01,186,21.593,concluida,False
U0062,S003634,2026-08-15,2026-08-01,40,4.203,concluida,False
U0062,S003635,2026-08-30,2026-08-01,62,7.16,concluida,False
U0063,S003639,2026-03-01,2026-03-01,40,4.107,concluida,False
U0063,S003643,2026-03-03,2026-03-01,218,24.416,concluida,False
U0063,S003641,2026-03-11,2026-03-01,191,18.948,concluida,False
U0063,S003640,2026-03-17,2026-03-01,214,22.347,concluida,False
U0063,S003637,2026-03-17,2026-03-01,60,6.8,concluida,False
U0063,S003638,2026-03-27,2026-03-01,104,11.319,concluida,False
U0063,S003642,2026-03-29,2026-03-01,91,10.11,concluida,False
U0063,S003647,2026-04-01,2026-04-01,35,3.815,concluida,False
U0063,S003644,2026-04-06,2026-04-01,48,14.704,concluida,True
U0063,S003651,2026-04-06,2026-04-01,96,10.959,concluida,False
U0063,S003650,2026-04-12,2026-04-01,119,11.296,concluida,False
U0063,S003648,2026-04-17,2026-04-01,86,9.788,concluida,False
U0063,S003649,2026-04-19,2026-04-01,42,4.376,interrompida,False
U0063,S003646,2026-04-25,2026-04-01,82,8.691,concluida,False
U0063,S003645,2026-04-26,2026-04-01,107,11.594,concluida,False
U0063,S003653,2026-05-01,2026-05-01,118,13.668,concluida,False
U0063,S003654,2026-05-02,2026-05-01,96,9.36,concluida,False
U0063,S003656,2026-05-03,2026-05-01,16,1.893,interrompida,False
U0063,S003652,2026-05-08,2026-05-01,39,3.636,concluida,False
U0063,S003658,2026-05-19,2026-05-01,30,3.12,concluida,False
U0063,S003655,2026-05-20,2026-05-01,83,8.805,concluida,False
U0063,S003657,2026-05-27,2026-05-01,171,16.833,concluida,False
U0063,S003659,2026-05-29,2026-05-01,20,2.224,concluida,False
U0063,S003661,2026-06-04,2026-06-01,159,17.249,concluida,False
U0063,S003663,2026-06-11,2026-06-01,75,7.562,concluida,False
U0063,S003666,2026-06-15,2026-06-01,69,7.992,concluida,False
U0063,S003665,2026-06-16,2026-06-01,103,11.508,concluida,False
U0063,S003660,2026-06-22,2026-06-01,37,3.985,concluida,False
U0063,S003667,2026-06-25,2026-06-01,45,4.684,concluida,False
U0063,S003662,2026-06-28,2026-06-01,40,4.609,concluida,False
U0063,S003664,2026-06-30,2026-06-01,74,7.864,concluida,False
U0063,S003673,2026-07-07,2026-07-01,63,6.442,concluida,False
U0063,S003668,2026-07-09,2026-07-01,74,7.74,concluida,False
U0063,S003674,2026-07-13,2026-07-01,137,12.801,concluida,False
U0063,S003672,2026-07-21,2026-07-01,121,13.19,concluida,False
U0063,S003671,2026-07-26,2026-07-01,32,3.327,concluida,False
U0063,S003669,2026-07-27,2026-07-01,150,14.024,concluida,False
U0063,S003670,2026-07-29,2026-07-01,155,14.364,concluida,False
U0063,S003679,2026-08-03,2026-08-01,5,0.228,interrompida,False
U0063,S003676,2026-08-03,2026-08-01,49,5.282,concluida,False
U0063,S003677,2026-08-23,2026-08-01,78,9.023,concluida,False
U0063,S003678,2026-08-24,2026-08-01,151,17.091,concluida,False
U0063,S003675,2026-08-28,2026-08-01,130,47.589,concluida,True
U0064,S003690,2026-03-05,2026-03-01,164,54.366,concluida,False
U0064,S003686,2026-03-08,2026-03-01,20,6.307,concluida,False
U0064,S003689,2026-03-11,2026-03-01,199,58.326,concluida,False
U0064,S003688,2026-03-16,2026-03-01,66,22.12,concluida,False
U0064,S003682,2026-03-17,2026-03-01,113,33.192,interrompida,False
U0064,S003681,2026-03-20,2026-03-01,89,30.125,concluida,False
U0064,S003685,2026-03-23,2026-03-01,93,28.332,concluida,False
U0064,S003691,2026-03-26,2026-03-01,116,33.04,concluida,False
U0064,S003683,2026-03-27,2026-03-01,86,25.645,concluida,False
U0064,S003687,2026-03-29,2026-03-01,64,18.896,concluida,False
U0064,S003680,2026-03-29,2026-03-01,136,38.961,concluida,False
U0064,S003684,2026-03-30,2026-03-01,54,16.343,concluida,False
U0064,S003692,2026-04-11,2026-04-01,124,36.461,concluida,False
U0064,S003693,2026-04-25,2026-04-01,248,82.969,concluida,False
U0064,S003696,2026-05-03,2026-05-01,35,9.886,concluida,False
U0064,S003697,2026-05-04,2026-05-01,178,53.966,concluida,False
U0064,S003694,2026-05-10,2026-05-01,93,27.571,concluida,False
U0064,S003698,2026-05-16,2026-05-01,242,79.375,concluida,False
U0064,S003695,2026-05-25,2026-05-01,66,20.197,concluida,False
U0064,S003701,2026-06-13,2026-06-01,57,16.352,concluida,False
U0064,S003699,2026-06-17,2026-06-01,77,25.559,concluida,False
U0064,S003700,2026-06-27,2026-06-01,70,21.833,concluida,False
U0064,S003702,2026-07-05,2026-07-01,16,4.929,concluida,False
U0064,S003703,2026-07-15,2026-07-01,50,15.322,concluida,False
U0064,S003704,2026-07-22,2026-07-01,75,21.416,concluida,False
U0064,S003705,2026-07-31,2026-07-01,111,32.22,concluida,False
U0064,S003710,2026-08-01,2026-08-01,78,25.959,concluida,False
U0064,S003718,2026-08-02,2026-08-01,36,10.365,concluida,False
U0064,S003719,2026-08-04,2026-08-01,259,72.65,concluida,False
U0064,S003709,2026-08-06,2026-08-01,109,35.522,concluida,False
U0064,S003715,2026-08-06,2026-08-01,182,61.402,concluida,False
U0064,S003713,2026-08-07,2026-08-01,59,19.064,concluida,False
U0064,S003706,2026-08-12,2026-08-01,90,25.578,concluida,False
U0064,S003720,2026-08-14,2026-08-01,121,34.346,concluida,False
U0064,S003711,2026-08-16,2026-08-01,97,30.784,concluida,False
U0064,S003708,2026-08-17,2026-08-01,168,57.733,concluida,False
U0064,S003714,2026-08-17,2026-08-01,87,29.551,concluida,False
U0064,S003707,2026-08-20,2026-08-01,39,11.887,concluida,False
U0064,S003712,2026-08-20,2026-08-01,297,91.462,concluida,False
U0064,S003716,2026-08-27,2026-08-01,121,37.951,concluida,False
U0064,S003717,2026-08-28,2026-08-01,128,42.236,concluida,False
U0065,S003722,2026-04-02,2026-04-01,43,12.379,concluida,False
U0065,S003726,2026-04-02,2026-04-01,91,28.671,concluida,False
U0065,S003721,2026-04-04,2026-04-01,99,29.172,concluida,False
U0065,S003725,2026-04-04,2026-04-01,123,36.226,concluida,False
U0065,S003723,2026-04-07,2026-04-01,80,27.025,concluida,False
U0065,S003724,2026-04-24,2026-04-01,80,27.837,concluida,False
U0065,S003727,2026-04-30,2026-04-01,150,50.118,concluida,False
U0065,S003729,2026-05-07,2026-05-01,126,38.469,concluida,False
U0065,S003730,2026-05-13,2026-05-01,12,3.497,concluida,False
U0065,S003732,2026-05-18,2026-05-01,18,6.313,interrompida,False
U0065,S003731,2026-05-19,2026-05-01,100,33.238,concluida,False
U0065,S003728,2026-05-29,2026-05-01,143,46.511,concluida,False
U0065,S003734,2026-06-04,2026-06-01,140,44.697,concluida,False
U0065,S003736,2026-06-06,2026-06-01,58,18.385,concluida,False
U0065,S003735,2026-06-23,2026-06-01,19,6.606,concluida,False
U0065,S003733,2026-06-29,2026-06-01,54,17.288,concluida,False
U0065,S003738,2026-07-15,2026-07-01,150,48.355,concluida,False
U0065,S003737,2026-07-25,2026-07-01,77,25.789,concluida,False
U0065,S003740,2026-08-01,2026-08-01,91,29.848,concluida,False
U0065,S003739,2026-08-12,2026-08-01,131,41.675,concluida,False
U0065,S003741,2026-08-27,2026-08-01,92,28.125,concluida,False
U0065,S003742,2026-08-28,2026-08-01,32,31.618,concluida,True
U0066,S003748,2026-03-04,2026-03-01,91,15.465,concluida,False
U0066,S003747,2026-03-05,2026-03-01,167,25.254,concluida,False
U0066,S003746,2026-03-07,2026-03-01,36,4.959,concluida,False
U0066,S003745,2026-03-19,2026-03-01,27,3.884,concluida,False
U0066,S003743,2026-03-20,2026-03-01,186,26.706,concluida,False
U0066,S003750,2026-03-23,2026-03-01,90,13.062,concluida,False
U0066,S003749,2026-03-26,2026-03-01,6,0.997,interrompida,False
U0066,S003751,2026-03-29,2026-03-01,57,8.453,concluida,False
U0066,S003744,2026-03-29,2026-03-01,15,2.278,interrompida,False
U0066,S003752,2026-04-01,2026-04-01,90,14.148,concluida,False
U0066,S003753,2026-04-04,2026-04-01,63,10.584,concluida,False
U0066,S003764,2026-04-04,2026-04-01,211,119.548,concluida,True
U0066,S003756,2026-04-04,2026-04-01,188,27.523,concluida,False
U0066,S003760,2026-04-06,2026-04-01,185,28.465,concluida,False
U0066,S003754,2026-04-06,2026-04-01,114,18.099,concluida,False
U0066,S003761,2026-04-08,2026-04-01,178,27.091,concluida,False
U0066,S003763,2026-04-09,2026-04-01,91,12.856,concluida,False
U0066,S003755,2026-04-11,2026-04-01,106,17.974,concluida,False
U0066,S003758,2026-04-13,2026-04-01,60,9.56,concluida,False
U0066,S003757,2026-04-15,2026-04-01,68,10.816,concluida,False
U0066,S003762,2026-04-16,2026-04-01,168,24.031,concluida,False
U0066,S003759,2026-04-29,2026-04-01,131,19.655,concluida,False
U0066,S003766,2026-05-03,2026-05-01,29,4.722,concluida,False
U0066,S003767,2026-05-04,2026-05-01,133,19.311,concluida,False
U0066,S003773,2026-05-10,2026-05-01,120,18.888,concluida,False
U0066,S003768,2026-05-10,2026-05-01,195,31.576,concluida,False
U0066,S003765,2026-05-11,2026-05-01,61,8.695,concluida,False
U0066,S003770,2026-05-12,2026-05-01,188,30.96,concluida,False
U0066,S003771,2026-05-17,2026-05-01,184,26.894,concluida,False
U0066,S003775,2026-05-19,2026-05-01,103,17.887,concluida,False
U0066,S003772,2026-05-23,2026-05-01,88,13.841,concluida,False
U0066,S003774,2026-05-27,2026-05-01,125,18.096,concluida,False
U0066,S003769,2026-05-30,2026-05-01,104,16.058,concluida,False
U0066,S003780,2026-06-01,2026-06-01,46,7.182,concluida,False
U0066,S003776,2026-06-06,2026-06-01,42,6.495,concluida,False
U0066,S003777,2026-06-09,2026-06-01,97,16.48,concluida,False
U0066,S003781,2026-06-12,2026-06-01,126,21.594,concluida,False
U0066,S003779,2026-06-23,2026-06-01,68,11.122,concluida,False
U0066,S003778,2026-06-24,2026-06-01,169,26.524,concluida,False
U0066,S003782,2026-07-03,2026-07-01,66,10.492,concluida,False
U0066,S003784,2026-07-06,2026-07-01,119,20.215,concluida,False
U0066,S003785,2026-07-07,2026-07-01,97,16.042,concluida,False
U0066,S003788,2026-07-13,2026-07-01,29,4.872,concluida,False
U0066,S003787,2026-07-19,2026-07-01,18,2.722,interrompida,False
U0066,S003783,2026-07-28,2026-07-01,404,55.678,concluida,False
U0066,S003786,2026-07-28,2026-07-01,61,10.161,concluida,False
U0066,S003791,2026-08-01,2026-08-01,31,4.526,concluida,False
U0066,S003798,2026-08-01,2026-08-01,208,32.966,concluida,False
U0066,S003793,2026-08-05,2026-08-01,61,9.054,concluida,False
U0066,S003794,2026-08-13,2026-08-01,312,42.966,concluida,False
U0066,S003799,2026-08-14,2026-08-01,10,1.538,concluida,False
U0066,S003790,2026-08-14,2026-08-01,77,11.11,concluida,False
U0066,S003795,2026-08-15,2026-08-01,116,18.753,concluida,False
U0066,S003792,2026-08-19,2026-08-01,57,8.351,concluida,False
U0066,S003797,2026-08-28,2026-08-01,79,11.995,concluida,False
U0066,S003796,2026-08-30,2026-08-01,90,14.845,concluida,False
U0066,S003789,2026-08-30,2026-08-01,147,25.02,concluida,False
U0067,S003800,2026-03-07,2026-03-01,73,12.409,concluida,False
U0067,S003811,2026-03-09,2026-03-01,178,27.271,concluida,False
U0067,S003801,2026-03-10,2026-03-01,212,29.874,concluida,False
U0067,S003810,2026-03-10,2026-03-01,48,7.958,concluida,False
U0067,S003807,2026-03-11,2026-03-01,18,2.7,concluida,False
U0067,S003814,2026-03-14,2026-03-01,234,37.047,concluida,False
U0067,S003805,2026-03-14,2026-03-01,87,14.172,concluida,False
U0067,S003804,2026-03-17,2026-03-01,56,8.679,concluida,False
U0067,S003812,2026-03-19,2026-03-01,125,58.47,concluida,True
U0067,S003806,2026-03-20,2026-03-01,26,4.356,concluida,False
U0067,S003809,2026-03-23,2026-03-01,43,5.977,concluida,False
U0067,S003802,2026-03-23,2026-03-01,61,9.258,concluida,False
U0067,S003813,2026-03-25,2026-03-01,64,9.668,concluida,False
U0067,S003808,2026-03-27,2026-03-01,54,8.404,concluida,False
U0067,S003803,2026-03-30,2026-03-01,99,14.326,concluida,False
U0067,S003820,2026-04-02,2026-04-01,78,12.123,concluida,False
U0067,S003822,2026-04-07,2026-04-01,36,5.018,concluida,False
U0067,S003818,2026-04-08,2026-04-01,145,24.086,concluida,False
U0067,S003821,2026-04-10,2026-04-01,23,3.547,concluida,False
U0067,S003817,2026-04-16,2026-04-01,68,11.703,concluida,False
U0067,S003825,2026-04-18,2026-04-01,46,7.69,concluida,False
U0067,S003819,2026-04-19,2026-04-01,99,14.412,concluida,False
U0067,S003816,2026-04-20,2026-04-01,34,4.958,concluida,False
U0067,S003815,2026-04-24,2026-04-01,85,12.517,concluida,False
U0067,S003823,2026-04-27,2026-04-01,105,18.145,concluida,False
U0067,S003824,2026-04-28,2026-04-01,122,17.363,concluida,False
U0067,S003826,2026-04-29,2026-04-01,75,10.552,concluida,False
U0067,S003828,2026-05-01,2026-05-01,152,23.782,concluida,False
U0067,S003829,2026-05-01,2026-05-01,132,22.875,concluida,False
U0067,S003830,2026-05-02,2026-05-01,111,18.923,concluida,False
U0067,S003831,2026-05-30,2026-05-01,27,4.299,concluida,False
U0067,S003827,2026-05-31,2026-05-01,255,36.457,concluida,False
U0067,S003842,2026-06-01,2026-06-01,215,32.643,concluida,False
U0067,S003843,2026-06-13,2026-06-01,94,13.486,concluida,False
U0067,S003838,2026-06-13,2026-06-01,22,3.623,concluida,False
U0067,S003844,2026-06-16,2026-06-01,22,3.786,concluida,False
U0067,S003835,2026-06-17,2026-06-01,122,19.043,concluida,False
U0067,S003833,2026-06-18,2026-06-01,44,6.269,concluida,False
U0067,S003837,2026-06-19,2026-06-01,52,7.54,concluida,False
U0067,S003832,2026-06-22,2026-06-01,93,12.863,concluida,False
U0067,S003836,2026-06-22,2026-06-01,74,12.368,concluida,False
U0067,S003841,2026-06-25,2026-06-01,137,22.68,concluida,False
U0067,S003840,2026-06-27,2026-06-01,218,35.526,concluida,False
U0067,S003839,2026-06-28,2026-06-01,70,11.791,concluida,False
U0067,S003834,2026-06-30,2026-06-01,130,20.937,concluida,False
U0067,S003852,2026-07-01,2026-07-01,58,9.248,concluida,False
U0067,S003851,2026-07-04,2026-07-01,75,11.299,concluida,False
U0067,S003846,2026-07-14,2026-07-01,192,28.673,concluida,False
U0067,S003847,2026-07-15,2026-07-01,61,29.497,concluida,True
U0067,S003848,2026-07-20,2026-07-01,31,4.458,concluida,False
U0067,S003850,2026-07-22,2026-07-01,101,14.767,concluida,False
U0067,S003845,2026-07-22,2026-07-01,56,9.376,concluida,False
U0067,S003849,2026-07-23,2026-07-01,121,19.261,concluida,False
U0067,S003853,2026-08-01,2026-08-01,53,7.79,concluida,False
U0067,S003862,2026-08-02,2026-08-01,83,14.09,concluida,False
U0067,S003859,2026-08-04,2026-08-01,120,19.362,concluida,False
U0067,S003861,2026-08-04,2026-08-01,94,13.112,concluida,False
U0067,S003854,2026-08-08,2026-08-01,97,16.583,concluida,False
U0067,S003858,2026-08-11,2026-08-01,182,29.331,concluida,False
U0067,S003857,2026-08-13,2026-08-01,81,12.257,concluida,False
U0067,S003856,2026-08-15,2026-08-01,14,2.202,concluida,False
U0067,S003855,2026-08-26,2026-08-01,87,14.187,concluida,False
U0067,S003860,2026-08-29,2026-08-01,72,45.451,concluida,True
U0068,S003867,2026-03-03,2026-03-01,75,23.594,concluida,False
U0068,S003869,2026-03-13,2026-03-01,83,23.631,concluida,False
U0068,S003863,2026-03-15,2026-03-01,74,22.532,concluida,False
U0068,S003864,2026-03-18,2026-03-01,30,9.683,concluida,False
U0068,S003868,2026-03-24,2026-03-01,98,33.307,concluida,False
U0068,S003865,2026-03-25,2026-03-01,20,6.763,interrompida,False
U0068,S003866,2026-03-31,2026-03-01,62,17.886,concluida,False
U0068,S003871,2026-04-07,2026-04-01,25,8.527,concluida,False
U0068,S003870,2026-04-20,2026-04-01,58,17.891,concluida,False
U0068,S003872,2026-04-26,2026-04-01,166,50.294,concluida,False
U0068,S003878,2026-05-01,2026-05-01,161,55.117,concluida,False
U0068,S003876,2026-05-08,2026-05-01,64,18.457,concluida,False
U0068,S003874,2026-05-10,2026-05-01,103,33.292,concluida,False
U0068,S003875,2026-05-19,2026-05-01,119,40.917,concluida,False
U0068,S003877,2026-05-27,2026-05-01,125,42.871,concluida,False
U0068,S003873,2026-05-29,2026-05-01,92,26.012,interrompida,False
U0068,S003879,2026-06-02,2026-06-01,149,44.852,concluida,False
U0068,S003881,2026-06-22,2026-06-01,49,16.964,concluida,False
U0068,S003880,2026-06-23,2026-06-01,35,11.717,concluida,False
U0068,S003882,2026-07-04,2026-07-01,49,16.617,concluida,False
U0068,S003885,2026-07-10,2026-07-01,186,52.155,concluida,False
U0068,S003890,2026-07-13,2026-07-01,95,32.989,concluida,False
U0068,S003883,2026-07-17,2026-07-01,262,77.361,concluida,False
U0068,S003891,2026-07-19,2026-07-01,97,31.919,concluida,False
U0068,S003888,2026-07-19,2026-07-01,117,33.28,concluida,False
U0068,S003886,2026-07-31,2026-07-01,10,3.377,concluida,False
U0068,S003884,2026-07-31,2026-07-01,32,9.483,interrompida,False
U0068,S003887,2026-07-31,2026-07-01,196,56.573,concluida,False
U0068,S003889,2026-07-31,2026-07-01,94,29.774,concluida,False
U0068,S003894,2026-08-01,2026-08-01,70,19.873,concluida,False
U0068,S003897,2026-08-01,2026-08-01,66,18.472,concluida,False
U0068,S003893,2026-08-23,2026-08-01,176,54.22,concluida,False
U0068,S003892,2026-08-25,2026-08-01,212,69.724,concluida,False
U0068,S003896,2026-08-25,2026-08-01,153,43.025,concluida,False
U0068,S003895,2026-08-29,2026-08-01,10,3.346,concluida,False
U0069,S003901,2026-03-01,2026-03-01,79,24.718,concluida,False
U0069,S003910,2026-03-04,2026-03-01,139,43.589,concluida,False
U0069,S003902,2026-03-05,2026-03-01,165,52.531,concluida,False
U0069,S003913,2026-03-09,2026-03-01,176,57.574,concluida,False
U0069,S003903,2026-03-10,2026-03-01,68,22.402,concluida,False
U0069,S003906,2026-03-14,2026-03-01,29,9.269,concluida,False
U0069,S003909,2026-03-16,2026-03-01,61,63.012,concluida,True
U0069,S003905,2026-03-17,2026-03-01,88,25.707,concluida,False
U0069,S003907,2026-03-18,2026-03-01,332,106.406,concluida,False
U0069,S003908,2026-03-21,2026-03-01,147,44.414,concluida,False
U0069,S003911,2026-03-25,2026-03-01,187,60.361,concluida,False
U0069,S003900,2026-03-28,2026-03-01,165,54.221,concluida,False
U0069,S003912,2026-03-28,2026-03-01,197,54.272,concluida,False
U0069,S003904,2026-03-30,2026-03-01,48,14.36,concluida,False
U0069,S003898,2026-03-30,2026-03-01,95,27.148,concluida,False
U0069,S003899,2026-03-31,2026-03-01,58,17.247,concluida,False
U0069,S003925,2026-04-03,2026-04-01,114,37.161,concluida,False
U0069,S003917,2026-04-05,2026-04-01,194,58.095,concluida,False
U0069,S003915,2026-04-07,2026-04-01,131,37.654,concluida,False
U0069,S003916,2026-04-08,2026-04-01,59,16.598,concluida,False
U0069,S003919,2026-04-10,2026-04-01,164,47.311,concluida,False
U0069,S003921,2026-04-14,2026-04-01,84,25.835,concluida,False
U0069,S003918,2026-04-19,2026-04-01,225,70.383,concluida,False
U0069,S003914,2026-04-22,2026-04-01,35,33.856,concluida,True
U0069,S003923,2026-04-23,2026-04-01,64,19.808,concluida,False
U0069,S003922,2026-04-25,2026-04-01,107,31.898,concluida,False
U0069,S003924,2026-04-26,2026-04-01,36,11.563,concluida,False
U0069,S003920,2026-04-28,2026-04-01,69,20.425,concluida,False
U0069,S003926,2026-05-03,2026-05-01,75,22.559,concluida,False
U0069,S003933,2026-05-03,2026-05-01,146,45.928,concluida,False
U0069,S003928,2026-05-11,2026-05-01,31,10.424,concluida,False
U0069,S003927,2026-05-18,2026-05-01,34,10.282,interrompida,False
U0069,S003930,2026-05-21,2026-05-01,38,12.811,interrompida,False
U0069,S003929,2026-05-22,2026-05-01,225,65.981,concluida,False
U0069,S003931,2026-05-23,2026-05-01,54,16.113,concluida,False
U0069,S003932,2026-05-25,2026-05-01,90,28.738,concluida,False
U0069,S003939,2026-06-02,2026-06-01,85,24.559,concluida,False
U0069,S003937,2026-06-03,2026-06-01,27,8.182,concluida,False
U0069,S003941,2026-06-16,2026-06-01,85,26.527,concluida,False
U0069,S003940,2026-06-17,2026-06-01,172,53.698,concluida,False
U0069,S003943,2026-06-18,2026-06-01,69,22.633,concluida,False
U0069,S003936,2026-06-18,2026-06-01,106,29.247,concluida,False
U0069,S003942,2026-06-20,2026-06-01,262,72.838,concluida,False
U0069,S003935,2026-06-22,2026-06-01,136,43.667,concluida,False
U0069,S003934,2026-06-25,2026-06-01,126,41.408,concluida,False
U0069,S003945,2026-06-26,2026-06-01,103,31.184,concluida,False
U0069,S003944,2026-06-28,2026-06-01,125,35.098,concluida,False
U0069,S003938,2026-06-28,2026-06-01,50,16.399,concluida,False
U0069,S003948,2026-07-05,2026-07-01,62,18.476,concluida,False
U0069,S003946,2026-07-11,2026-07-01,123,41.044,concluida,False
U0069,S003952,2026-07-13,2026-07-01,97,27.197,concluida,False
U0069,S003949,2026-07-16,2026-07-01,256,88.272,concluida,False
U0069,S003953,2026-07-19,2026-07-01,115,35.177,concluida,False
U0069,S003947,2026-07-20,2026-07-01,154,46.904,concluida,False
U0069,S003950,2026-07-24,2026-07-01,112,38.673,concluida,False
U0069,S003951,2026-07-30,2026-07-01,90,30.66,concluida,False
U0069,S003957,2026-08-01,2026-08-01,99,33.809,concluida,False
U0069,S003956,2026-08-03,2026-08-01,25,8.052,interrompida,False
U0069,S003960,2026-08-09,2026-08-01,96,26.456,concluida,False
U0069,S003959,2026-08-12,2026-08-01,107,30.439,concluida,False
U0069,S003958,2026-08-13,2026-08-01,139,38.648,concluida,False
U0069,S003961,2026-08-19,2026-08-01,89,28.341,concluida,False
U0069,S003962,2026-08-21,2026-08-01,97,27.693,concluida,False
U0069,S003954,2026-08-28,2026-08-01,218,62.824,concluida,False
U0069,S003955,2026-08-30,2026-08-01,15,4.525,concluida,False
U0070,S003965,2026-03-02,2026-03-01,104,33.354,concluida,False
U0070,S003964,2026-03-08,2026-03-01,38,10.762,concluida,False
U0070,S003967,2026-03-09,2026-03-01,109,32.16,concluida,False
U0070,S003968,2026-03-11,2026-03-01,128,42.213,concluida,False
U0070,S003966,2026-03-12,2026-03-01,145,48.538,concluida,False
U0070,S003970,2026-03-23,2026-03-01,132,42.062,concluida,False
U0070,S003963,2026-03-25,2026-03-01,17,5.619,concluida,False
U0070,S003969,2026-03-30,2026-03-01,191,55.678,concluida,False
U0070,S003977,2026-04-01,2026-04-01,192,183.615,concluida,True
U0070,S003976,2026-04-01,2026-04-01,62,17.945,concluida,False
U0070,S003972,2026-04-05,2026-04-01,181,56.323,concluida,False
U0070,S003980,2026-04-08,2026-04-01,296,88.485,concluida,False
U0070,S003973,2026-04-13,2026-04-01,70,20.455,concluida,False
U0070,S003978,2026-04-14,2026-04-01,112,37.444,concluida,False
U0070,S003975,2026-04-15,2026-04-01,100,32.196,concluida,False
U0070,S003979,2026-04-19,2026-04-01,127,38.403,concluida,False
U0070,S003971,2026-04-25,2026-04-01,96,29.203,concluida,False
U0070,S003974,2026-04-27,2026-04-01,96,28.58,concluida,False
U0070,S003989,2026-05-08,2026-05-01,65,17.904,concluida,False
U0070,S003985,2026-05-14,2026-05-01,58,17.602,concluida,False
U0070,S003987,2026-05-18,2026-05-01,140,42.342,concluida,False
U0070,S003982,2026-05-19,2026-05-01,121,36.108,concluida,False
U0070,S003986,2026-05-23,2026-05-01,37,11.518,concluida,False
U0070,S003988,2026-05-24,2026-05-01,172,53.333,concluida,False
U0070,S003981,2026-05-24,2026-05-01,56,16.9,concluida,False
U0070,S003983,2026-05-25,2026-05-01,78,26.783,concluida,False
U0070,S003984,2026-05-31,2026-05-01,26,8.936,concluida,False
U0070,S003991,2026-06-07,2026-06-01,85,27.63,concluida,False
U0070,S003993,2026-06-08,2026-06-01,309,88.688,concluida,False
U0070,S003997,2026-06-09,2026-06-01,80,27.817,concluida,False
U0070,S003992,2026-06-10,2026-06-01,41,11.395,concluida,False
U0070,S003994,2026-06-13,2026-06-01,36,12.169,concluida,False
U0070,S003990,2026-06-14,2026-06-01,167,48.887,concluida,False
U0070,S003995,2026-06-16,2026-06-01,69,20.173,concluida,False
U0070,S003996,2026-06-21,2026-06-01,50,13.921,concluida,False
U0070,S004003,2026-07-04,2026-07-01,74,20.371,concluida,False
U0070,S004001,2026-07-05,2026-07-01,176,53.421,concluida,False
U0070,S004004,2026-07-07,2026-07-01,21,6.013,concluida,False
U0070,S003998,2026-07-17,2026-07-01,98,29.058,concluida,False
U0070,S004002,2026-07-19,2026-07-01,153,48.912,concluida,False
U0070,S003999,2026-07-20,2026-07-01,120,132.017,concluida,True
U0070,S004000,2026-07-27,2026-07-01,173,58.511,concluida,False
U0070,S004008,2026-08-01,2026-08-01,124,39.179,concluida,False
U0070,S004013,2026-08-05,2026-08-01,22,7.268,interrompida,False
U0070,S004009,2026-08-11,2026-08-01,122,36.352,concluida,False
U0070,S004007,2026-08-13,2026-08-01,137,40.676,concluida,False
U0070,S004006,2026-08-14,2026-08-01,125,41.03,concluida,False
U0070,S004012,2026-08-16,2026-08-01,60,19.838,concluida,False
U0070,S004010,2026-08-21,2026-08-01,57,16.03,concluida,False
U0070,S004015,2026-08-21,2026-08-01,129,42.985,concluida,False
U0070,S004011,2026-08-24,2026-08-01,144,142.341,concluida,True
U0070,S004014,2026-08-27,2026-08-01,156,45.704,concluida,False
U0070,S004005,2026-08-30,2026-08-01,25,7.778,concluida,False
U0070,S004016,2026-08-31,2026-08-01,211,69.304,concluida,False
U0071,S004031,2026-03-02,2026-03-01,236,76.275,concluida,False
U0071,S004022,2026-03-05,2026-03-01,48,13.983,concluida,False
U0071,S004023,2026-03-05,2026-03-01,121,34.668,concluida,False
U0071,S004021,2026-03-05,2026-03-01,127,38.808,concluida,False
U0071,S004025,2026-03-08,2026-03-01,72,19.886,concluida,False
U0071,S004019,2026-03-09,2026-03-01,142,48.567,concluida,False
U0071,S004028,2026-03-10,2026-03-01,284,95.318,concluida,False
U0071,S004026,2026-03-14,2026-03-01,89,29.037,concluida,False
U0071,S004032,2026-03-17,2026-03-01,84,25.468,concluida,False
U0071,S004033,2026-03-19,2026-03-01,82,24.775,concluida,False
U0071,S004017,2026-03-21,2026-03-01,79,22.935,concluida,False
U0071,S004024,2026-03-22,2026-03-01,144,49.212,concluida,False
U0071,S004029,2026-03-23,2026-03-01,192,63.311,concluida,False
U0071,S004018,2026-03-24,2026-03-01,130,43.745,concluida,False
U0071,S004020,2026-03-27,2026-03-01,137,37.818,concluida,False
U0071,S004027,2026-03-27,2026-03-01,182,63.025,concluida,False
U0071,S004030,2026-03-30,2026-03-01,55,15.952,concluida,False
U0071,S004036,2026-04-01,2026-04-01,57,18.27,concluida,False
U0071,S004042,2026-04-09,2026-04-01,8,2.497,interrompida,False
U0071,S004040,2026-04-11,2026-04-01,30,9.714,concluida,False
U0071,S004039,2026-04-12,2026-04-01,48,14.322,concluida,False
U0071,S004034,2026-04-13,2026-04-01,138,45.571,concluida,False
U0071,S004038,2026-04-14,2026-04-01,103,31.227,concluida,False
U0071,S004043,2026-04-17,2026-04-01,193,64.529,concluida,False
U0071,S004035,2026-04-20,2026-04-01,216,68.387,concluida,False
U0071,S004044,2026-04-22,2026-04-01,211,63.555,concluida,False
U0071,S004041,2026-04-25,2026-04-01,76,22.898,concluida,False
U0071,S004037,2026-04-26,2026-04-01,65,18.117,concluida,False
U0071,S004050,2026-05-05,2026-05-01,87,25.279,concluida,False
U0071,S004045,2026-05-06,2026-05-01,107,31.439,concluida,False
U0071,S004049,2026-05-14,2026-05-01,112,31.174,concluida,False
U0071,S004047,2026-05-17,2026-05-01,61,76.399,concluida,True
U0071,S004051,2026-05-26,2026-05-01,71,21.258,concluida,False
U0071,S004048,2026-05-27,2026-05-01,32,10.835,concluida,False
U0071,S004046,2026-05-30,2026-05-01,137,37.725,concluida,False
U0071,S004064,2026-06-02,2026-06-01,194,54.721,concluida,False
U0071,S004069,2026-06-04,2026-06-01,56,17.126,concluida,False
U0071,S004060,2026-06-05,2026-06-01,103,36.075,interrompida,False
U0071,S004067,2026-06-07,2026-06-01,156,48.63,concluida,False
U0071,S004058,2026-06-10,2026-06-01,13,4.569,interrompida,False
U0071,S004065,2026-06-10,2026-06-01,139,42.677,concluida,False
U0071,S004056,2026-06-12,2026-06-01,119,38.043,concluida,False
U0071,S004062,2026-06-12,2026-06-01,85,26.681,concluida,False
U0071,S004057,2026-06-15,2026-06-01,205,61.696,concluida,False
U0071,S004059,2026-06-19,2026-06-01,114,37.008,concluida,False
U0071,S004053,2026-06-19,2026-06-01,30,9.203,concluida,False
U0071,S004052,2026-06-20,2026-06-01,67,22.713,concluida,False
U0071,S004063,2026-06-20,2026-06-01,111,37.615,concluida,False
U0071,S004061,2026-06-21,2026-06-01,80,26.745,concluida,False
U0071,S004066,2026-06-22,2026-06-01,100,27.989,concluida,False
U0071,S004068,2026-06-26,2026-06-01,142,44.465,concluida,False
U0071,S004055,2026-06-27,2026-06-01,77,23.076,concluida,False
U0071,S004054,2026-06-28,2026-06-01,282,96.561,concluida,False
U0071,S004070,2026-07-01,2026-07-01,47,15.141,concluida,False
U0071,S004079,2026-07-02,2026-07-01,44,14.722,concluida,False
U0071,S004072,2026-07-04,2026-07-01,128,137.891,concluida,True
U0071,S004078,2026-07-05,2026-07-01,66,18.979,concluida,False
U0071,S004071,2026-07-06,2026-07-01,30,9.174,concluida,False
U0071,S004077,2026-07-08,2026-07-01,93,28.806,concluida,False
U0071,S004074,2026-07-15,2026-07-01,149,46.445,concluida,False
U0071,S004073,2026-07-22,2026-07-01,74,25.314,concluida,False
U0071,S004081,2026-07-26,2026-07-01,109,37.844,concluida,False
U0071,S004075,2026-07-27,2026-07-01,153,51.294,concluida,False
U0071,S004080,2026-07-28,2026-07-01,192,62.86,concluida,False
U0071,S004076,2026-07-30,2026-07-01,88,30.188,concluida,False
U0071,S004088,2026-08-04,2026-08-01,176,56.552,concluida,False
U0071,S004085,2026-08-06,2026-08-01,60,20.138,concluida,False
U0071,S004084,2026-08-11,2026-08-01,57,18.194,concluida,False
U0071,S004087,2026-08-13,2026-08-01,76,21.741,concluida,False
U0071,S004086,2026-08-14,2026-08-01,56,17.557,concluida,False
U0071,S004082,2026-08-14,2026-08-01,170,50.664,concluida,False
U0071,S004093,2026-08-19,2026-08-01,71,20.275,concluida,False
U0071,S004091,2026-08-21,2026-08-01,42,13.054,concluida,False
U0071,S004089,2026-08-24,2026-08-01,70,22.059,concluida,False
U0071,S004083,2026-08-27,2026-08-01,42,13.857,concluida,False
U0071,S004090,2026-08-28,2026-08-01,31,10.308,concluida,False
U0071,S004092,2026-08-28,2026-08-01,32,8.91,concluida,False
U0072,S004095,2026-03-02,2026-03-01,43,4.498,concluida,False
U0072,S004098,2026-03-04,2026-03-01,58,5.836,concluida,False
U0072,S004096,2026-03-07,2026-03-01,38,3.847,concluida,False
U0072,S004097,2026-03-08,2026-03-01,42,3.99,concluida,False
U0072,S004099,2026-03-15,2026-03-01,96,11.023,concluida,False
U0072,S004100,2026-03-20,2026-03-01,41,4.476,concluida,False
U0072,S004094,2026-03-22,2026-03-01,143,15.37,concluida,False
U0072,S004109,2026-04-01,2026-04-01,91,10.126,concluida,False
U0072,S004102,2026-04-03,2026-04-01,151,14.205,concluida,False
U0072,S004104,2026-04-07,2026-04-01,106,11.206,concluida,False
U0072,S004107,2026-04-08,2026-04-01,129,15.03,concluida,False
U0072,S004101,2026-04-09,2026-04-01,199,19.935,concluida,False
U0072,S004108,2026-04-14,2026-04-01,68,6.78,concluida,False
U0072,S004103,2026-04-25,2026-04-01,115,13.293,concluida,False
U0072,S004105,2026-04-27,2026-04-01,224,25.01,concluida,False
U0072,S004106,2026-04-29,2026-04-01,225,23.312,concluida,False
U0072,S004114,2026-05-17,2026-05-01,96,11.157,concluida,False
U0072,S004111,2026-05-20,2026-05-01,92,9.599,concluida,False
U0072,S004113,2026-05-20,2026-05-01,249,27.352,concluida,False
U0072,S004112,2026-05-28,2026-05-01,125,12.657,concluida,False
U0072,S004110,2026-05-31,2026-05-01,106,11.934,concluida,False
U0072,S004123,2026-07-03,2026-07-01,125,13.611,concluida,False
U0072,S004117,2026-07-03,2026-07-01,102,10.308,concluida,False
U0072,S004115,2026-07-11,2026-07-01,194,19.707,concluida,False
U0072,S004120,2026-07-12,2026-07-01,90,9.728,concluida,False
U0072,S004122,2026-07-14,2026-07-01,76,7.859,concluida,False
U0072,S004118,2026-07-26,2026-07-01,219,20.387,concluida,False
U0072,S004119,2026-07-26,2026-07-01,72,8.163,concluida,False
U0072,S004116,2026-07-27,2026-07-01,34,3.335,concluida,False
U0072,S004124,2026-07-29,2026-07-01,27,2.649,concluida,False
U0072,S004121,2026-07-30,2026-07-01,101,10.556,concluida,False
U0072,S004128,2026-08-07,2026-08-01,29,3.351,concluida,False
U0072,S004127,2026-08-19,2026-08-01,138,15.212,concluida,False
U0072,S004125,2026-08-23,2026-08-01,135,12.683,concluida,False
U0072,S004126,2026-08-23,2026-08-01,124,13.95,concluida,False
U0072,S004129,2026-08-30,2026-08-01,11,1.026,concluida,False
U0073,S004132,2026-03-01,2026-03-01,125,21.759,concluida,False
U0073,S004135,2026-03-03,2026-03-01,86,14.942,concluida,False
U0073,S004130,2026-03-04,2026-03-01,75,12.762,concluida,False
U0073,S004133,2026-03-06,2026-03-01,35,6.155,interrompida,False
U0073,S004131,2026-03-20,2026-03-01,83,12.562,concluida,False
U0073,S004134,2026-03-22,2026-03-01,35,6.069,concluida,False
U0073,S004139,2026-04-03,2026-04-01,96,14.27,concluida,False
U0073,S004140,2026-04-05,2026-04-01,118,19.725,concluida,False
U0073,S004141,2026-04-08,2026-04-01,72,11.884,concluida,False
U0073,S004138,2026-04-10,2026-04-01,90,14.41,concluida,False
U0073,S004137,2026-04-11,2026-04-01,48,7.719,concluida,False
U0073,S004136,2026-04-16,2026-04-01,58,9.361,interrompida,False
U0073,S004143,2026-04-19,2026-04-01,29,4.155,concluida,False
U0073,S004142,2026-04-24,2026-04-01,83,13.369,concluida,False
U0073,S004144,2026-04-28,2026-04-01,208,30.604,concluida,False
U0073,S004145,2026-06-01,2026-06-01,87,14.333,concluida,False
U0073,S004156,2026-06-03,2026-06-01,56,8.123,concluida,False
U0073,S004151,2026-06-03,2026-06-01,57,8.382,concluida,False
U0073,S004149,2026-06-09,2026-06-01,240,36.179,concluida,False
U0073,S004153,2026-06-10,2026-06-01,163,25.898,concluida,False
U0073,S004150,2026-06-12,2026-06-01,113,17.535,concluida,False
U0073,S004154,2026-06-14,2026-06-01,42,6.566,concluida,False
U0073,S004155,2026-06-17,2026-06-01,23,3.213,concluida,False
U0073,S004148,2026-06-19,2026-06-01,134,19.902,concluida,False
U0073,S004152,2026-06-19,2026-06-01,140,20.876,concluida,False
U0073,S004146,2026-06-27,2026-06-01,152,25.257,concluida,False
U0073,S004147,2026-06-29,2026-06-01,109,16.583,concluida,False
U0073,S004163,2026-08-07,2026-08-01,48,6.926,concluida,False
U0073,S004165,2026-08-10,2026-08-01,72,10.152,concluida,False
U0073,S004162,2026-08-12,2026-08-01,218,80.085,concluida,True
U0073,S004166,2026-08-14,2026-08-01,106,14.718,concluida,False
U0073,S004157,2026-08-18,2026-08-01,47,6.757,concluida,False
U0073,S004159,2026-08-21,2026-08-01,226,33.727,concluida,False
U0073,S004158,2026-08-26,2026-08-01,160,22.455,concluida,False
U0073,S004160,2026-08-27,2026-08-01,75,11.431,concluida,False
U0073,S004161,2026-08-28,2026-08-01,14,2.347,concluida,False
U0073,S004164,2026-08-30,2026-08-01,24,3.317,concluida,False
U0074,S004167,2026-03-01,2026-03-01,117,20.305,concluida,False
U0074,S004169,2026-03-02,2026-03-01,155,26.946,concluida,False
U0074,S004171,2026-03-04,2026-03-01,99,16.296,concluida,False
U0074,S004170,2026-03-06,2026-03-01,72,10.365,concluida,False
U0074,S004173,2026-03-07,2026-03-01,137,22.061,concluida,False
U0074,S004176,2026-03-10,2026-03-01,27,4.509,concluida,False
U0074,S004175,2026-03-22,2026-03-01,237,35.483,concluida,False
U0074,S004172,2026-03-25,2026-03-01,68,9.988,concluida,False
U0074,S004174,2026-03-26,2026-03-01,48,6.879,concluida,False
U0074,S004168,2026-03-28,2026-03-01,33,5.166,concluida,False
U0074,S004178,2026-05-08,2026-05-01,221,36.468,concluida,False
U0074,S004179,2026-05-09,2026-05-01,67,10.62,concluida,False
U0074,S004177,2026-05-14,2026-05-01,140,20.624,concluida,False
U0074,S004180,2026-05-27,2026-05-01,82,12.346,concluida,False
U0074,S004187,2026-07-05,2026-07-01,130,20.896,concluida,False
U0074,S004184,2026-07-08,2026-07-01,95,14.471,concluida,False
U0074,S004181,2026-07-12,2026-07-01,110,16.466,concluida,False
U0074,S004186,2026-07-14,2026-07-01,94,14.02,concluida,False
U0074,S004189,2026-07-16,2026-07-01,164,26.112,concluida,False
U0074,S004183,2026-07-20,2026-07-01,149,22.763,concluida,False
U0074,S004188,2026-07-24,2026-07-01,71,10.164,concluida,False
U0074,S004185,2026-07-29,2026-07-01,76,12.617,concluida,False
U0074,S004182,2026-07-31,2026-07-01,155,23.414,concluida,False
U0074,S004190,2026-08-28,2026-08-01,70,11.416,concluida,False
U0075,S004191,2026-03-11,2026-03-01,89,8.699,concluida,False
U0075,S004193,2026-03-13,2026-03-01,232,24.541,concluida,False
U0075,S004192,2026-03-17,2026-03-01,39,4.02,concluida,False
U0075,S004194,2026-03-20,2026-03-01,368,40.867,concluida,False
U0075,S004195,2026-04-12,2026-04-01,157,15.392,concluida,False
U0075,S004196,2026-04-29,2026-04-01,30,3.156,concluida,False
U0075,S004197,2026-07-05,2026-07-01,193,18.133,concluida,False
U0075,S004198,2026-07-31,2026-07-01,116,11.514,concluida,False
U0075,S004200,2026-08-05,2026-08-01,136,15.864,concluida,False
U0075,S004199,2026-08-18,2026-08-01,77,7.388,concluida,False
U0076,S004201,2026-03-13,2026-03-01,191,57.054,concluida,False
U0076,S004202,2026-03-13,2026-03-01,104,33.958,concluida,False
U0076,S004203,2026-03-20,2026-03-01,241,74.405,concluida,False
U0076,S004204,2026-04-01,2026-04-01,153,46.512,concluida,False
U0076,S004206,2026-06-03,2026-06-01,59,17.999,concluida,False
U0076,S004205,2026-06-06,2026-06-01,133,40.609,concluida,False
U0076,S004210,2026-08-07,2026-08-01,46,13.431,concluida,False
U0076,S004207,2026-08-11,2026-08-01,45,14.611,interrompida,False
U0076,S004209,2026-08-19,2026-08-01,147,43.358,concluida,False
U0076,S004208,2026-08-26,2026-08-01,54,17.112,concluida,False
U0077,S004215,2026-03-01,2026-03-01,19,3.015,concluida,False
U0077,S004214,2026-03-02,2026-03-01,23,4.001,concluida,False
U0077,S004220,2026-03-04,2026-03-01,59,9.778,concluida,False
U0077,S004222,2026-03-07,2026-03-01,71,10.87,concluida,False
U0077,S004212,2026-03-10,2026-03-01,40,6.711,concluida,False
U0077,S004221,2026-03-10,2026-03-01,30,4.412,concluida,False
U0077,S004213,2026-03-24,2026-03-01,54,9.316,concluida,False
U0077,S004219,2026-03-24,2026-03-01,73,12.383,concluida,False
U0077,S004216,2026-03-25,2026-03-01,42,5.848,concluida,False
U0077,S004211,2026-03-27,2026-03-01,57,9.21,concluida,False
U0077,S004218,2026-03-28,2026-03-01,42,7.201,concluida,False
U0077,S004217,2026-03-29,2026-03-01,74,10.28,concluida,False
U0077,S004224,2026-04-03,2026-04-01,47,7.819,concluida,False
U0077,S004231,2026-04-07,2026-04-01,205,28.727,concluida,False
U0077,S004228,2026-04-10,2026-04-01,237,33.624,concluida,False
U0077,S004229,2026-04-11,2026-04-01,32,5.466,concluida,False
U0077,S004230,2026-04-14,2026-04-01,166,27.993,concluida,False
U0077,S004226,2026-04-19,2026-04-01,116,46.671,concluida,True
U0077,S004227,2026-04-22,2026-04-01,278,38.269,concluida,False
U0077,S004225,2026-04-26,2026-04-01,104,14.742,concluida,False
U0077,S004223,2026-04-27,2026-04-01,265,42.187,concluida,False
U0077,S004241,2026-05-02,2026-05-01,251,37.911,concluida,False
U0077,S004234,2026-05-03,2026-05-01,59,8.626,concluida,False
U0077,S004238,2026-05-05,2026-05-01,149,22.472,concluida,False
U0077,S004233,2026-05-06,2026-05-01,92,14.814,concluida,False
U0077,S004237,2026-05-06,2026-05-01,145,23.425,concluida,False
U0077,S004232,2026-05-10,2026-05-01,30,5.193,concluida,False
U0077,S004243,2026-05-12,2026-05-01,80,12.481,concluida,False
U0077,S004240,2026-05-14,2026-05-01,40,6.387,concluida,False
U0077,S004235,2026-05-14,2026-05-01,179,28.967,concluida,False
U0077,S004236,2026-05-14,2026-05-01,34,4.991,concluida,False
U0077,S004242,2026-05-14,2026-05-01,96,14.424,concluida,False
U0077,S004244,2026-05-15,2026-05-01,108,17.719,concluida,False
U0077,S004246,2026-05-16,2026-05-01,171,27.672,concluida,False
U0077,S004239,2026-05-19,2026-05-01,45,7.173,concluida,False
U0077,S004245,2026-05-25,2026-05-01,128,19.297,concluida,False
U0077,S004252,2026-06-04,2026-06-01,65,11.011,concluida,False
U0077,S004247,2026-06-04,2026-06-01,67,9.759,concluida,False
U0077,S004254,2026-06-16,2026-06-01,152,25.728,concluida,False
U0077,S004251,2026-06-16,2026-06-01,5,0.867,interrompida,False
U0077,S004250,2026-06-18,2026-06-01,115,16.061,concluida,False
U0077,S004253,2026-06-18,2026-06-01,47,6.774,concluida,False
U0077,S004248,2026-06-28,2026-06-01,197,28.97,concluida,False
U0077,S004249,2026-06-29,2026-06-01,171,23.534,concluida,False
U0077,S004261,2026-07-01,2026-07-01,13,2.291,interrompida,False
U0077,S004255,2026-07-02,2026-07-01,46,6.825,interrompida,False
U0077,S004263,2026-07-03,2026-07-01,85,12.725,concluida,False
U0077,S004256,2026-07-08,2026-07-01,112,19.055,concluida,False
U0077,S004267,2026-07-08,2026-07-01,108,16.214,concluida,False
U0077,S004265,2026-07-10,2026-07-01,120,20.389,concluida,False
U0077,S004258,2026-07-11,2026-07-01,167,28.741,concluida,False
U0077,S004257,2026-07-12,2026-07-01,45,6.237,concluida,False
U0077,S004262,2026-07-20,2026-07-01,132,22.555,concluida,False
U0077,S004266,2026-07-21,2026-07-01,146,23.684,concluida,False
U0077,S004259,2026-07-30,2026-07-01,67,9.231,concluida,False
U0077,S004264,2026-07-30,2026-07-01,63,9.269,concluida,False
U0077,S004260,2026-07-31,2026-07-01,120,18.949,concluida,False
U0077,S004275,2026-08-01,2026-08-01,259,36.246,concluida,False
U0077,S004277,2026-08-03,2026-08-01,42,6.265,concluida,False
U0077,S004269,2026-08-04,2026-08-01,175,29.349,concluida,False
U0077,S004279,2026-08-05,2026-08-01,83,12.22,interrompida,False
U0077,S004273,2026-08-06,2026-08-01,61,10.475,interrompida,False
U0077,S004276,2026-08-08,2026-08-01,108,16.641,concluida,False
U0077,S004270,2026-08-09,2026-08-01,50,8.557,concluida,False
U0077,S004281,2026-08-10,2026-08-01,55,9.123,concluida,False
U0077,S004271,2026-08-11,2026-08-01,54,8.082,concluida,False
U0077,S004278,2026-08-14,2026-08-01,70,11.063,concluida,False
U0077,S004280,2026-08-20,2026-08-01,52,7.456,concluida,False
U0077,S004268,2026-08-22,2026-08-01,29,4.482,concluida,False
U0077,S004274,2026-08-23,2026-08-01,82,12.355,concluida,False
U0077,S004272,2026-08-26,2026-08-01,48,7.643,concluida,False
U0077,S004282,2026-08-26,2026-08-01,193,32.281,concluida,False
U0078,S004294,2026-03-01,2026-03-01,101,14.21,concluida,False
U0078,S004293,2026-03-06,2026-03-01,93,14.443,concluida,False
U0078,S004297,2026-03-08,2026-03-01,144,24.126,concluida,False
U0078,S004291,2026-03-08,2026-03-01,77,11.377,concluida,False
U0078,S004288,2026-03-12,2026-03-01,104,14.534,concluida,False
U0078,S004296,2026-03-13,2026-03-01,110,15.972,concluida,False
U0078,S004292,2026-03-13,2026-03-01,57,9.729,concluida,False
U0078,S004284,2026-03-15,2026-03-01,204,28.993,concluida,False
U0078,S004286,2026-03-15,2026-03-01,97,16.346,concluida,False
U0078,S004289,2026-03-20,2026-03-01,79,11.841,concluida,False
U0078,S004287,2026-03-27,2026-03-01,99,15.657,concluida,False
U0078,S004298,2026-03-27,2026-03-01,83,13.197,concluida,False
U0078,S004290,2026-03-28,2026-03-01,258,38.523,concluida,False
U0078,S004295,2026-03-29,2026-03-01,31,4.671,concluida,False
U0078,S004283,2026-03-29,2026-03-01,103,37.759,concluida,True
U0078,S004285,2026-03-31,2026-03-01,94,14.298,concluida,False
U0078,S004299,2026-04-01,2026-04-01,149,21.314,concluida,False
U0078,S004306,2026-04-01,2026-04-01,89,14.828,concluida,False
U0078,S004304,2026-04-03,2026-04-01,98,16.134,concluida,False
U0078,S004300,2026-04-04,2026-04-01,24,3.511,concluida,False
U0078,S004307,2026-04-05,2026-04-01,123,17.969,concluida,False
U0078,S004309,2026-04-10,2026-04-01,110,18.085,concluida,False
U0078,S004308,2026-04-15,2026-04-01,132,21.934,concluida,False
U0078,S004301,2026-04-16,2026-04-01,175,94.323,concluida,True
U0078,S004302,2026-04-23,2026-04-01,47,7.579,concluida,False
U0078,S004305,2026-04-24,2026-04-01,156,24.764,concluida,False
U0078,S004303,2026-04-27,2026-04-01,184,27.841,concluida,False
U0078,S004316,2026-05-01,2026-05-01,81,13.006,concluida,False
U0078,S004313,2026-05-03,2026-05-01,56,7.754,concluida,False
U0078,S004315,2026-05-05,2026-05-01,70,10.256,concluida,False
U0078,S004317,2026-05-08,2026-05-01,97,13.875,concluida,False
U0078,S004314,2026-05-16,2026-05-01,97,13.533,concluida,False
U0078,S004318,2026-05-19,2026-05-01,141,19.758,concluida,False
U0078,S004310,2026-05-20,2026-05-01,66,11.362,concluida,False
U0078,S004319,2026-05-21,2026-05-01,192,28.988,concluida,False
U0078,S004312,2026-05-23,2026-05-01,102,15.297,concluida,False
U0078,S004311,2026-05-30,2026-05-01,129,20.907,concluida,False
U0078,S004327,2026-07-04,2026-07-01,177,26.121,concluida,False
U0078,S004324,2026-07-05,2026-07-01,174,28.742,concluida,False
U0078,S004328,2026-07-06,2026-07-01,94,14.4,concluida,False
U0078,S004320,2026-07-07,2026-07-01,95,13.202,concluida,False
U0078,S004323,2026-07-12,2026-07-01,24,3.88,concluida,False
U0078,S004325,2026-07-22,2026-07-01,123,17.822,concluida,False
U0078,S004321,2026-07-25,2026-07-01,97,14.211,concluida,False
U0078,S004322,2026-07-28,2026-07-01,70,11.429,concluida,False
U0078,S004329,2026-07-28,2026-07-01,26,3.927,concluida,False
U0078,S004326,2026-07-29,2026-07-01,97,16.523,concluida,False
U0078,S004334,2026-08-01,2026-08-01,71,33.762,concluida,True
U0078,S004336,2026-08-05,2026-08-01,88,14.269,concluida,False
U0078,S004332,2026-08-09,2026-08-01,126,19.364,concluida,False
U0078,S004333,2026-08-09,2026-08-01,151,25.204,concluida,False
U0078,S004341,2026-08-15,2026-08-01,87,15.101,concluida,False
U0078,S004335,2026-08-19,2026-08-01,140,20.929,concluida,False
U0078,S004331,2026-08-22,2026-08-01,117,17.435,concluida,False
U0078,S004338,2026-08-23,2026-08-01,121,19.361,concluida,False
U0078,S004339,2026-08-28,2026-08-01,103,14.438,concluida,False
U0078,S004337,2026-08-29,2026-08-01,112,18.32,concluida,False
U0078,S004340,2026-08-29,2026-08-01,111,16.02,concluida,False
U0078,S004330,2026-08-31,2026-08-01,28,4.076,concluida,False
U0079,S004351,2026-03-01,2026-03-01,38,13.095,concluida,False
U0079,S004344,2026-03-01,2026-03-01,183,53.414,concluida,False
U0079,S004353,2026-03-07,2026-03-01,144,41.844,concluida,False
U0079,S004350,2026-03-07,2026-03-01,86,24.362,concluida,False
U0079,S004342,2026-03-10,2026-03-01,157,47.146,concluida,False
U0079,S004343,2026-03-12,2026-03-01,125,42.295,concluida,False
U0079,S004345,2026-03-15,2026-03-01,28,9.098,concluida,False
U0079,S004348,2026-03-16,2026-03-01,74,24.506,concluida,False
U0079,S004352,2026-03-17,2026-03-01,87,25.638,concluida,False
U0079,S004349,2026-03-21,2026-03-01,115,37.283,concluida,False
U0079,S004346,2026-03-25,2026-03-01,77,22.265,concluida,False
U0079,S004347,2026-03-30,2026-03-01,87,28.383,concluida,False
U0079,S004357,2026-04-01,2026-04-01,38,13.196,concluida,False
U0079,S004369,2026-04-02,2026-04-01,122,42.157,concluida,False
U0079,S004364,2026-04-03,2026-04-01,55,16.761,concluida,False
U0079,S004360,2026-04-03,2026-04-01,85,28.978,concluida,False
U0079,S004358,2026-04-04,2026-04-01,141,40.717,concluida,False
U0079,S004363,2026-04-10,2026-04-01,80,25.743,concluida,False
U0079,S004368,2026-04-13,2026-04-01,169,52.02,concluida,False
U0079,S004366,2026-04-16,2026-04-01,76,23.453,concluida,False
U0079,S004362,2026-04-18,2026-04-01,75,20.893,concluida,False
U0079,S004367,2026-04-20,2026-04-01,83,22.898,concluida,False
U0079,S004356,2026-04-20,2026-04-01,80,23.678,concluida,False
U0079,S004354,2026-04-23,2026-04-01,151,48.227,concluida,False
U0079,S004355,2026-04-23,2026-04-01,22,6.665,concluida,False
U0079,S004370,2026-04-26,2026-04-01,186,60.112,concluida,False
U0079,S004361,2026-04-26,2026-04-01,130,40.808,concluida,False
U0079,S004365,2026-04-27,2026-04-01,109,31.501,concluida,False
U0079,S004359,2026-04-30,2026-04-01,119,40.845,concluida,False
U0079,S004379,2026-05-06,2026-05-01,233,70.913,concluida,False
U0079,S004378,2026-05-08,2026-05-01,337,108.89,concluida,False
U0079,S004376,2026-05-09,2026-05-01,59,19.01,concluida,False
U0079,S004380,2026-05-11,2026-05-01,240,66.762,concluida,False
U0079,S004372,2026-05-14,2026-05-01,162,50.696,concluida,False
U0079,S004377,2026-05-15,2026-05-01,110,31.46,concluida,False
U0079,S004371,2026-05-16,2026-05-01,50,14.127,concluida,False
U0079,S004374,2026-05-22,2026-05-01,70,20.07,concluida,False
U0079,S004373,2026-05-27,2026-05-01,150,45.489,concluida,False
U0079,S004375,2026-05-28,2026-05-01,20,5.988,concluida,False
U0079,S004381,2026-05-30,2026-05-01,94,28.799,concluida,False
U0079,S004382,2026-07-01,2026-07-01,67,22.3,concluida,False
U0079,S004392,2026-07-01,2026-07-01,96,32.788,concluida,False
U0079,S004390,2026-07-04,2026-07-01,152,50.271,concluida,False
U0079,S004386,2026-07-04,2026-07-01,162,44.602,concluida,False
U0079,S004383,2026-07-06,2026-07-01,221,72.994,concluida,False
U0079,S004385,2026-07-06,2026-07-01,273,77.593,concluida,False
U0079,S004394,2026-07-07,2026-07-01,41,13.313,concluida,False
U0079,S004384,2026-07-09,2026-07-01,283,79.27,concluida,False
U0079,S004387,2026-07-18,2026-07-01,197,62.327,concluida,False
U0079,S004388,2026-07-21,2026-07-01,57,18.875,concluida,False
U0079,S004391,2026-07-21,2026-07-01,101,34.601,concluida,False
U0079,S004393,2026-07-23,2026-07-01,58,17.135,concluida,False
U0079,S004395,2026-07-28,2026-07-01,61,19.869,concluida,False
U0079,S004396,2026-07-30,2026-07-01,81,26.301,concluida,False
U0079,S004389,2026-07-31,2026-07-01,102,33.984,concluida,False
U0079,S004404,2026-08-02,2026-08-01,36,10.201,concluida,False
U0079,S004405,2026-08-03,2026-08-01,82,28.534,interrompida,False
U0079,S004407,2026-08-05,2026-08-01,162,48.692,concluida,False
U0079,S004409,2026-08-08,2026-08-01,94,27.842,concluida,False
U0079,S004399,2026-08-10,2026-08-01,26,7.776,interrompida,False
U0079,S004397,2026-08-12,2026-08-01,109,33.162,concluida,False
U0079,S004403,2026-08-15,2026-08-01,128,38.597,concluida,False
U0079,S004402,2026-08-19,2026-08-01,107,35.39,concluida,False
U0079,S004411,2026-08-19,2026-08-01,161,53.935,concluida,False
U0079,S004398,2026-08-20,2026-08-01,141,46.255,concluida,False
U0079,S004412,2026-08-21,2026-08-01,68,22.954,concluida,False
U0079,S004406,2026-08-23,2026-08-01,134,45.788,concluida,False
U0079,S004401,2026-08-25,2026-08-01,42,13.472,concluida,False
U0079,S004408,2026-08-28,2026-08-01,117,39.981,concluida,False
U0079,S004410,2026-08-29,2026-08-01,40,12.76,concluida,False
U0079,S004400,2026-08-31,2026-08-01,57,19.798,concluida,False
U0080,S004417,2026-03-01,2026-03-01,223,22.779,concluida,False
U0080,S004413,2026-03-03,2026-03-01,144,15.78,concluida,False
U0080,S004426,2026-03-03,2026-03-01,226,23.936,concluida,False
U0080,S004414,2026-03-05,2026-03-01,66,6.949,concluida,False
U0080,S004425,2026-03-06,2026-03-01,219,23.735,concluida,False
U0080,S004419,2026-03-09,2026-03-01,276,31.139,concluida,False
U0080,S004416,2026-03-10,2026-03-01,40,3.759,interrompida,False
U0080,S004421,2026-03-11,2026-03-01,66,6.79,concluida,False
U0080,S004428,2026-03-14,2026-03-01,107,10.131,concluida,False
U0080,S004430,2026-03-17,2026-03-01,79,7.987,concluida,False
U0080,S004423,2026-03-17,2026-03-01,81,8.682,concluida,False
U0080,S004429,2026-03-17,2026-03-01,67,7.537,concluida,False
U0080,S004427,2026-03-20,2026-03-01,81,7.952,concluida,False
U0080,S004420,2026-03-24,2026-03-01,65,7.422,concluida,False
U0080,S004424,2026-03-24,2026-03-01,63,7.086,concluida,False
U0080,S004431,2026-03-25,2026-03-01,88,10.081,concluida,False
U0080,S004418,2026-03-26,2026-03-01,64,6.425,concluida,False
U0080,S004422,2026-03-26,2026-03-01,51,4.83,concluida,False
U0080,S004415,2026-03-28,2026-03-01,27,2.892,concluida,False
U0080,S004441,2026-04-01,2026-04-01,131,14.472,concluida,False
U0080,S004434,2026-04-01,2026-04-01,144,15.497,concluida,False
U0080,S004433,2026-04-02,2026-04-01,201,21.968,concluida,False
U0080,S004451,2026-04-04,2026-04-01,193,22.362,concluida,False
U0080,S004459,2026-04-04,2026-04-01,81,8.953,concluida,False
U0080,S004447,2026-04-05,2026-04-01,77,7.771,concluida,False
U0080,S004462,2026-04-05,2026-04-01,94,9.071,concluida,False
U0080,S004445,2026-04-06,2026-04-01,15,1.591,concluida,False
U0080,S004456,2026-04-09,2026-04-01,66,7.073,concluida,False
U0080,S004448,2026-04-11,2026-04-01,72,8.145,concluida,False
U0080,S004440,2026-04-14,2026-04-01,143,14.061,concluida,False
U0080,S004438,2026-04-14,2026-04-01,132,14.457,concluida,False
U0080,S004443,2026-04-14,2026-04-01,120,44.799,concluida,True
U0080,S004444,2026-04-15,2026-04-01,23,2.353,concluida,False
U0080,S004446,2026-04-15,2026-04-01,116,12.392,concluida,False
U0080,S004442,2026-04-15,2026-04-01,142,14.541,concluida,False
U0080,S004457,2026-04-18,2026-04-01,95,10.871,concluida,False
U0080,S004452,2026-04-19,2026-04-01,80,9.281,concluida,False
U0080,S004461,2026-04-19,2026-04-01,199,23.164,concluida,False
U0080,S004435,2026-04-20,2026-04-01,142,14.152,concluida,False
U0080,S004460,2026-04-21,2026-04-01,152,15.528,concluida,False
U0080,S004458,2026-04-21,2026-04-01,211,22.862,concluida,False
U0080,S004454,2026-04-21,2026-04-01,105,11.892,concluida,False
U0080,S004437,2026-04-24,2026-04-01,61,6.256,interrompida,False
U0080,S004436,2026-04-24,2026-04-01,20,1.919,concluida,False
U0080,S004455,2026-04-28,2026-04-01,122,12.372,concluida,False
U0080,S004453,2026-04-28,2026-04-01,103,10.419,concluida,False
U0080,S004439,2026-04-28,2026-04-01,127,12.14,concluida,False
U0080,S004449,2026-04-30,2026-04-01,94,9.551,concluida,False
U0080,S004432,2026-04-30,2026-04-01,100,9.793,concluida,False
U0080,S004450,2026-04-30,2026-04-01,18,2.073,concluida,False
U0080,S004477,2026-05-01,2026-05-01,69,7.247,concluida,False
U0080,S004476,2026-05-05,2026-05-01,148,16.832,concluida,False
U0080,S004475,2026-05-07,2026-05-01,158,18.429,concluida,False
U0080,S004471,2026-05-09,2026-05-01,40,4.415,concluida,False
U0080,S004468,2026-05-10,2026-05-01,120,13.9,concluida,False
U0080,S004466,2026-05-12,2026-05-01,65,6.765,concluida,False
U0080,S004472,2026-05-12,2026-05-01,134,15.284,concluida,False
U0080,S004473,2026-05-17,2026-05-01,146,16.338,concluida,False
U0080,S004464,2026-05-21,2026-05-01,170,15.808,concluida,False
U0080,S004463,2026-05-21,2026-05-01,155,14.397,concluida,False
U0080,S004474,2026-05-21,2026-05-01,63,7.296,concluida,False
U0080,S004469,2026-05-22,2026-05-01,126,14.478,concluida,False
U0080,S004467,2026-05-23,2026-05-01,48,4.827,concluida,False
U0080,S004470,2026-05-26,2026-05-01,175,17.75,concluida,False
U0080,S004465,2026-05-29,2026-05-01,238,25.838,concluida,False
U0080,S004487,2026-06-04,2026-06-01,286,26.726,concluida,False
U0080,S004482,2026-06-06,2026-06-01,148,16.694,concluida,False
U0080,S004489,2026-06-07,2026-06-01,82,8.044,concluida,False
U0080,S004486,2026-06-08,2026-06-01,63,7.266,concluida,False
U0080,S004485,2026-06-09,2026-06-01,68,7.613,concluida,False
U0080,S004488,2026-06-10,2026-06-01,132,12.285,concluida,False
U0080,S004479,2026-06-10,2026-06-01,109,12.425,concluida,False
U0080,S004481,2026-06-12,2026-06-01,164,15.299,concluida,False
U0080,S004484,2026-06-15,2026-06-01,22,2.531,concluida,False
U0080,S004491,2026-06-20,2026-06-01,71,8.025,concluida,False
U0080,S004490,2026-06-25,2026-06-01,90,9.849,concluida,False
U0080,S004478,2026-06-25,2026-06-01,297,31.942,concluida,False
U0080,S004480,2026-06-28,2026-06-01,48,4.487,interrompida,False
U0080,S004483,2026-06-30,2026-06-01,88,9.45,concluida,False
U0080,S004497,2026-07-02,2026-07-01,49,5.262,concluida,False
U0080,S004492,2026-07-04,2026-07-01,98,9.643,concluida,False
U0080,S004498,2026-07-11,2026-07-01,98,9.255,concluida,False
U0080,S004496,2026-07-12,2026-07-01,42,4.24,concluida,False
U0080,S004493,2026-07-13,2026-07-01,249,24.167,concluida,False
U0080,S004508,2026-07-14,2026-07-01,121,12.667,concluida,False
U0080,S004506,2026-07-14,2026-07-01,77,7.567,concluida,False
U0080,S004501,2026-07-14,2026-07-01,297,28.936,concluida,False
U0080,S004505,2026-07-17,2026-07-01,148,55.193,concluida,True
U0080,S004495,2026-07-23,2026-07-01,95,10.014,concluida,False
U0080,S004503,2026-07-24,2026-07-01,59,6.567,concluida,False
U0080,S004509,2026-07-24,2026-07-01,99,11.164,concluida,False
U0080,S004507,2026-07-26,2026-07-01,54,5.308,concluida,False
U0080,S004494,2026-07-27,2026-07-01,114,11.614,concluida,False
U0080,S004499,2026-07-27,2026-07-01,84,8.418,concluida,False
U0080,S004502,2026-07-28,2026-07-01,56,6.102,concluida,False
U0080,S004504,2026-07-29,2026-07-01,171,16.551,concluida,False
U0080,S004500,2026-07-30,2026-07-01,61,6.271,concluida,False
U0080,S004521,2026-08-01,2026-08-01,85,8.171,concluida,False
U0080,S004513,2026-08-02,2026-08-01,77,7.824,concluida,False
U0080,S004514,2026-08-02,2026-08-01,45,4.917,concluida,False
U0080,S004515,2026-08-04,2026-08-01,110,10.868,concluida,False
U0080,S004524,2026-08-05,2026-08-01,73,7.859,concluida,False
U0080,S004519,2026-08-08,2026-08-01,94,10.54,concluida,False
U0080,S004525,2026-08-08,2026-08-01,50,5.388,concluida,False
U0080,S004511,2026-08-09,2026-08-01,216,21.201,concluida,False
U0080,S004517,2026-08-10,2026-08-01,175,16.292,concluida,False
U0080,S004512,2026-08-10,2026-08-01,159,16.057,concluida,False
U0080,S004516,2026-08-13,2026-08-01,225,21.838,concluida,False
U0080,S004526,2026-08-13,2026-08-01,82,9.405,concluida,False
U0080,S004527,2026-08-14,2026-08-01,47,4.909,concluida,False
U0080,S004510,2026-08-15,2026-08-01,25,2.73,concluida,False
U0080,S004528,2026-08-16,2026-08-01,71,7.342,concluida,False
U0080,S004518,2026-08-17,2026-08-01,76,8.356,concluida,False
U0080,S004522,2026-08-20,2026-08-01,123,12.56,concluida,False
U0080,S004520,2026-08-22,2026-08-01,165,17.232,concluida,False
U0080,S004523,2026-08-30,2026-08-01,236,23.074,concluida,False
U0081,S004533,2026-03-02,2026-03-01,81,95.922,concluida,True
U0081,S004534,2026-03-09,2026-03-01,13,4.228,concluida,False
U0081,S004529,2026-03-12,2026-03-01,274,79.298,concluida,False
U0081,S004531,2026-03-18,2026-03-01,31,9.854,interrompida,False
U0081,S004535,2026-03-18,2026-03-01,94,30.838,concluida,False
U0081,S004530,2026-03-26,2026-03-01,136,37.459,concluida,False
U0081,S004532,2026-03-29,2026-03-01,204,58.645,concluida,False
U0081,S004540,2026-04-02,2026-04-01,177,55.816,concluida,False
U0081,S004537,2026-04-03,2026-04-01,35,11.861,concluida,False
U0081,S004536,2026-04-03,2026-04-01,196,57.401,concluida,False
U0081,S004545,2026-04-05,2026-04-01,191,56.124,concluida,False
U0081,S004539,2026-04-08,2026-04-01,159,51.392,concluida,False
U0081,S004542,2026-04-08,2026-04-01,90,28.481,concluida,False
U0081,S004543,2026-04-08,2026-04-01,29,8.987,interrompida,False
U0081,S004538,2026-04-13,2026-04-01,139,39.25,concluida,False
U0081,S004541,2026-04-17,2026-04-01,37,12.139,concluida,False
U0081,S004544,2026-04-21,2026-04-01,59,18.079,concluida,False
U0081,S004548,2026-05-07,2026-05-01,128,35.26,concluida,False
U0081,S004550,2026-05-14,2026-05-01,91,28.179,concluida,False
U0081,S004546,2026-05-15,2026-05-01,32,9.818,concluida,False
U0081,S004552,2026-05-15,2026-05-01,112,36.832,concluida,False
U0081,S004549,2026-05-20,2026-05-01,75,25.017,concluida,False
U0081,S004553,2026-05-25,2026-05-01,50,16.854,concluida,False
U0081,S004547,2026-05-26,2026-05-01,115,37.286,concluida,False
U0081,S004551,2026-05-27,2026-05-01,16,5.104,concluida,False
U0081,S004558,2026-06-03,2026-06-01,90,26.711,concluida,False
U0081,S004562,2026-06-07,2026-06-01,47,16.107,concluida,False
U0081,S004555,2026-06-12,2026-06-01,77,23.967,concluida,False
U0081,S004561,2026-06-12,2026-06-01,103,30.557,concluida,False
U0081,S004563,2026-06-13,2026-06-01,96,29.055,concluida,False
U0081,S004560,2026-06-14,2026-06-01,385,108.607,concluida,False
U0081,S004559,2026-06-14,2026-06-01,136,44.936,interrompida,False
U0081,S004557,2026-06-22,2026-06-01,120,41.163,concluida,False
U0081,S004556,2026-06-24,2026-06-01,101,33.872,concluida,False
U0081,S004554,2026-06-25,2026-06-01,189,57.265,concluida,False
U0081,S004564,2026-06-30,2026-06-01,23,6.69,concluida,False
U0081,S004571,2026-07-09,2026-07-01,134,38.069,concluida,False
U0081,S004565,2026-07-09,2026-07-01,56,16.303,concluida,False
U0081,S004569,2026-07-09,2026-07-01,78,21.7,concluida,False
U0081,S004566,2026-07-13,2026-07-01,157,45.789,concluida,False
U0081,S004572,2026-07-15,2026-07-01,118,37.498,concluida,False
U0081,S004570,2026-07-19,2026-07-01,51,14.332,concluida,False
U0081,S004568,2026-07-22,2026-07-01,109,31.315,concluida,False
U0081,S004567,2026-07-24,2026-07-01,48,15.944,concluida,False
U0081,S004573,2026-07-28,2026-07-01,41,12.72,concluida,False
U0081,S004580,2026-08-06,2026-08-01,26,8.029,concluida,False
U0081,S004586,2026-08-07,2026-08-01,45,14.63,concluida,False
U0081,S004589,2026-08-08,2026-08-01,146,47.351,concluida,False
U0081,S004576,2026-08-09,2026-08-01,41,13.842,concluida,False
U0081,S004588,2026-08-09,2026-08-01,198,54.982,concluida,False
U0081,S004575,2026-08-11,2026-08-01,101,34.662,concluida,False
U0081,S004584,2026-08-13,2026-08-01,81,28.084,concluida,False
U0081,S004579,2026-08-14,2026-08-01,56,16.399,concluida,False
U0081,S004578,2026-08-14,2026-08-01,78,24.267,concluida,False
U0081,S004587,2026-08-14,2026-08-01,66,18.733,concluida,False
U0081,S004577,2026-08-17,2026-08-01,274,77.257,concluida,False
U0081,S004590,2026-08-17,2026-08-01,126,37.726,concluida,False
U0081,S004583,2026-08-19,2026-08-01,48,16.339,concluida,False
U0081,S004582,2026-08-20,2026-08-01,73,21.242,concluida,False
U0081,S004585,2026-08-21,2026-08-01,120,33.114,concluida,False
U0081,S004591,2026-08-22,2026-08-01,22,7.53,concluida,False
U0081,S004574,2026-08-27,2026-08-01,55,17.049,concluida,False
U0081,S004581,2026-08-27,2026-08-01,63,20.766,concluida,False
U0082,S004600,2026-03-01,2026-03-01,135,22.383,concluida,False
U0082,S004597,2026-03-04,2026-03-01,82,12.905,concluida,False
U0082,S004593,2026-03-04,2026-03-01,137,22.9,concluida,False
U0082,S004599,2026-03-08,2026-03-01,31,4.619,concluida,False
U0082,S004598,2026-03-09,2026-03-01,138,23.149,concluida,False
U0082,S004594,2026-03-11,2026-03-01,122,20.714,concluida,False
U0082,S004602,2026-03-12,2026-03-01,49,8.154,concluida,False
U0082,S004604,2026-03-23,2026-03-01,10,1.544,concluida,False
U0082,S004592,2026-03-24,2026-03-01,36,5.747,concluida,False
U0082,S004601,2026-03-25,2026-03-01,65,9.047,concluida,False
U0082,S004595,2026-03-27,2026-03-01,108,18.286,concluida,False
U0082,S004596,2026-03-27,2026-03-01,32,5.563,concluida,False
U0082,S004603,2026-03-30,2026-03-01,140,19.415,concluida,False
U0082,S004606,2026-04-07,2026-04-01,42,6.476,interrompida,False
U0082,S004612,2026-04-10,2026-04-01,101,14.51,concluida,False
U0082,S004611,2026-04-10,2026-04-01,97,13.389,concluida,False
U0082,S004605,2026-04-14,2026-04-01,46,7.182,concluida,False
U0082,S004610,2026-04-14,2026-04-01,137,23.421,concluida,False
U0082,S004608,2026-04-21,2026-04-01,51,8.221,concluida,False
U0082,S004607,2026-04-23,2026-04-01,27,4.677,concluida,False
U0082,S004609,2026-04-23,2026-04-01,88,13.795,concluida,False
U0082,S004614,2026-05-01,2026-05-01,89,14.199,concluida,False
U0082,S004622,2026-05-02,2026-05-01,146,25.197,concluida,False
U0082,S004625,2026-05-03,2026-05-01,26,3.637,concluida,False
U0082,S004619,2026-05-03,2026-05-01,182,29.252,concluida,False
U0082,S004615,2026-05-04,2026-05-01,25,4.112,concluida,False
U0082,S004627,2026-05-05,2026-05-01,39,6.297,concluida,False
U0082,S004635,2026-05-06,2026-05-01,30,5.063,concluida,False
U0082,S004629,2026-05-07,2026-05-01,137,20.344,concluida,False
U0082,S004637,2026-05-08,2026-05-01,238,36.451,concluida,False
U0082,S004634,2026-05-09,2026-05-01,197,29.544,concluida,False
U0082,S004630,2026-05-09,2026-05-01,86,13.315,concluida,False
U0082,S004638,2026-05-10,2026-05-01,151,21.923,concluida,False
U0082,S004620,2026-05-13,2026-05-01,59,8.277,concluida,False
U0082,S004616,2026-05-14,2026-05-01,44,6.063,concluida,False
U0082,S004623,2026-05-14,2026-05-01,80,12.948,concluida,False
U0082,S004628,2026-05-14,2026-05-01,98,14.113,concluida,False
U0082,S004631,2026-05-14,2026-05-01,65,10.397,concluida,False
U0082,S004618,2026-05-15,2026-05-01,60,8.954,concluida,False
U0082,S004617,2026-05-16,2026-05-01,127,18.358,concluida,False
U0082,S004624,2026-05-19,2026-05-01,242,35.349,concluida,False
U0082,S004636,2026-05-20,2026-05-01,24,4.074,concluida,False
U0082,S004626,2026-05-20,2026-05-01,65,8.976,concluida,False
U0082,S004621,2026-05-21,2026-05-01,112,16.707,concluida,False
U0082,S004613,2026-05-22,2026-05-01,21,2.911,concluida,False
U0082,S004632,2026-05-26,2026-05-01,133,19.144,concluida,False
U0082,S004633,2026-05-31,2026-05-01,175,30.124,concluida,False
U0082,S004648,2026-06-01,2026-06-01,39,5.847,concluida,False
U0082,S004639,2026-06-02,2026-06-01,77,11.88,concluida,False
U0082,S004640,2026-06-02,2026-06-01,91,14.488,concluida,False
U0082,S004647,2026-06-04,2026-06-01,199,30.224,concluida,False
U0082,S004641,2026-06-07,2026-06-01,82,12.101,concluida,False
U0082,S004650,2026-06-07,2026-06-01,72,11.733,concluida,False
U0082,S004652,2026-06-11,2026-06-01,156,26.651,concluida,False
U0082,S004643,2026-06-15,2026-06-01,20,3.05,concluida,False
U0082,S004651,2026-06-19,2026-06-01,146,21.829,concluida,False
U0082,S004645,2026-06-20,2026-06-01,228,38.942,concluida,False
U0082,S004642,2026-06-22,2026-06-01,34,5.319,concluida,False
U0082,S004649,2026-06-22,2026-06-01,140,21.223,concluida,False
U0082,S004646,2026-06-26,2026-06-01,83,12.206,concluida,False
U0082,S004644,2026-06-28,2026-06-01,110,18.62,concluida,False
U0082,S004653,2026-06-28,2026-06-01,239,37.916,concluida,False
U0082,S004662,2026-07-01,2026-07-01,101,14.182,concluida,False
U0082,S004657,2026-07-02,2026-07-01,69,11.214,concluida,False
U0082,S004655,2026-07-03,2026-07-01,128,21.502,concluida,False
U0082,S004661,2026-07-07,2026-07-01,301,47.04,concluida,False
U0082,S004667,2026-07-07,2026-07-01,113,16.797,concluida,False
U0082,S004666,2026-07-13,2026-07-01,88,13.439,concluida,False
U0082,S004658,2026-07-14,2026-07-01,83,11.937,concluida,False
U0082,S004665,2026-07-15,2026-07-01,58,9.09,concluida,False
U0082,S004663,2026-07-20,2026-07-01,245,34.443,concluida,False
U0082,S004659,2026-07-21,2026-07-01,138,22.824,concluida,False
U0082,S004660,2026-07-25,2026-07-01,114,17.377,concluida,False
U0082,S004664,2026-07-25,2026-07-01,76,12.241,concluida,False
U0082,S004656,2026-07-26,2026-07-01,141,20.031,concluida,False
U0082,S004654,2026-07-27,2026-07-01,80,13.198,concluida,False
U0082,S004679,2026-08-01,2026-08-01,226,35.053,concluida,False
U0082,S004676,2026-08-05,2026-08-01,109,16.403,concluida,False
U0082,S004669,2026-08-07,2026-08-01,34,5.137,concluida,False
U0082,S004680,2026-08-12,2026-08-01,310,46.013,concluida,False
U0082,S004683,2026-08-12,2026-08-01,75,11.294,concluida,False
U0082,S004678,2026-08-13,2026-08-01,78,11.926,concluida,False
U0082,S004670,2026-08-15,2026-08-01,17,2.475,concluida,False
U0082,S004675,2026-08-20,2026-08-01,131,21.299,concluida,False
U0082,S004685,2026-08-21,2026-08-01,94,14.382,concluida,False
U0082,S004681,2026-08-21,2026-08-01,101,14.658,concluida,False
U0082,S004682,2026-08-21,2026-08-01,56,7.796,concluida,False
U0082,S004673,2026-08-23,2026-08-01,28,4.373,concluida,False
U0082,S004684,2026-08-24,2026-08-01,58,8.705,concluida,False
U0082,S004668,2026-08-24,2026-08-01,73,11.961,concluida,False
U0082,S004674,2026-08-27,2026-08-01,200,29.443,concluida,False
U0082,S004686,2026-08-28,2026-08-01,62,8.821,concluida,False
U0082,S004687,2026-08-28,2026-08-01,103,15.228,interrompida,False
U0082,S004671,2026-08-28,2026-08-01,208,32.116,concluida,False
U0082,S004672,2026-08-29,2026-08-01,125,18.966,concluida,False
U0082,S004677,2026-08-29,2026-08-01,52,8.807,concluida,False
U0083,S004699,2026-04-06,2026-04-01,58,8.306,concluida,False
U0083,S004696,2026-04-09,2026-04-01,39,5.597,concluida,False
U0083,S004693,2026-04-09,2026-04-01,44,6.795,concluida,False
U0083,S004698,2026-04-11,2026-04-01,167,28.095,concluida,False
U0083,S004695,2026-04-12,2026-04-01,179,26.864,concluida,False
U0083,S004691,2026-04-14,2026-04-01,58,8.638,concluida,False
U0083,S004692,2026-04-17,2026-04-01,37,6.124,concluida,False
U0083,S004690,2026-04-17,2026-04-01,192,31.672,concluida,False
U0083,S004694,2026-04-18,2026-04-01,49,7.002,concluida,False
U0083,S004688,2026-04-19,2026-04-01,234,37.886,concluida,False
U0083,S004697,2026-04-19,2026-04-01,79,11.401,concluida,False
U0083,S004689,2026-04-27,2026-04-01,79,13.741,concluida,False
U0083,S004700,2026-04-29,2026-04-01,62,9.734,concluida,False
U0083,S004708,2026-05-01,2026-05-01,143,21.526,concluida,False
U0083,S004705,2026-05-03,2026-05-01,75,12.831,concluida,False
U0083,S004702,2026-05-06,2026-05-01,55,8.481,concluida,False
U0083,S004707,2026-05-07,2026-05-01,42,7.268,concluida,False
U0083,S004701,2026-05-07,2026-05-01,244,38.836,concluida,False
U0083,S004703,2026-05-07,2026-05-01,32,19.655,concluida,True
U0083,S004713,2026-05-11,2026-05-01,63,10.528,concluida,False
U0083,S004706,2026-05-14,2026-05-01,203,34.803,concluida,False
U0083,S004710,2026-05-21,2026-05-01,87,14.176,concluida,False
U0083,S004712,2026-05-23,2026-05-01,52,8.442,concluida,False
U0083,S004709,2026-05-25,2026-05-01,145,22.779,concluida,False
U0083,S004711,2026-05-29,2026-05-01,78,13.032,concluida,False
U0083,S004704,2026-05-30,2026-05-01,62,9.039,concluida,False
U0083,S004721,2026-06-03,2026-06-01,66,9.791,concluida,False
U0083,S004720,2026-06-06,2026-06-01,52,8.132,concluida,False
U0083,S004718,2026-06-10,2026-06-01,116,16.618,concluida,False
U0083,S004723,2026-06-11,2026-06-01,37,5.14,concluida,False
U0083,S004722,2026-06-11,2026-06-01,160,25.761,concluida,False
U0083,S004714,2026-06-12,2026-06-01,111,17.789,concluida,False
U0083,S004715,2026-06-19,2026-06-01,63,9.381,concluida,False
U0083,S004719,2026-06-24,2026-06-01,37,5.416,concluida,False
U0083,S004716,2026-06-24,2026-06-01,90,15.651,concluida,False
U0083,S004717,2026-06-28,2026-06-01,37,5.344,concluida,False
U0083,S004730,2026-08-01,2026-08-01,78,13.504,concluida,False
U0083,S004732,2026-08-06,2026-08-01,71,10.413,concluida,False
U0083,S004727,2026-08-11,2026-08-01,166,24.673,concluida,False
U0083,S004729,2026-08-11,2026-08-01,107,14.929,concluida,False
U0083,S004725,2026-08-12,2026-08-01,260,40.984,concluida,False
U0083,S004726,2026-08-14,2026-08-01,56,9.424,concluida,False
U0083,S004728,2026-08-20,2026-08-01,202,28.503,concluida,False
U0083,S004724,2026-08-22,2026-08-01,70,9.881,concluida,False
U0083,S004731,2026-08-23,2026-08-01,42,5.919,concluida,False
U0084,S004738,2026-03-06,2026-03-01,124,17.189,concluida,False
U0084,S004734,2026-03-12,2026-03-01,102,16.411,concluida,False
U0084,S004737,2026-03-16,2026-03-01,42,6.945,concluida,False
U0084,S004739,2026-03-18,2026-03-01,235,37.618,concluida,False
U0084,S004736,2026-03-24,2026-03-01,161,22.203,concluida,False
U0084,S004733,2026-03-27,2026-03-01,84,14.399,concluida,False
U0084,S004735,2026-03-31,2026-03-01,122,16.911,concluida,False
U0084,S004746,2026-04-02,2026-04-01,20,3.175,concluida,False
U0084,S004740,2026-04-04,2026-04-01,95,15.188,concluida,False
U0084,S004744,2026-04-09,2026-04-01,114,17.424,concluida,False
U0084,S004745,2026-04-09,2026-04-01,47,8.108,concluida,False
U0084,S004741,2026-04-11,2026-04-01,144,25.058,concluida,False
U0084,S004742,2026-04-23,2026-04-01,45,6.431,concluida,False
U0084,S004743,2026-04-26,2026-04-01,40,5.564,concluida,False
U0084,S004751,2026-05-03,2026-05-01,32,4.857,concluida,False
U0084,S004755,2026-05-07,2026-05-01,233,32.18,concluida,False
U0084,S004748,2026-05-11,2026-05-01,50,8.417,concluida,False
U0084,S004750,2026-05-14,2026-05-01,115,19.956,concluida,False
U0084,S004747,2026-05-14,2026-05-01,50,8.64,concluida,False
U0084,S004749,2026-05-17,2026-05-01,47,8.06,concluida,False
U0084,S004754,2026-05-22,2026-05-01,38,5.848,concluida,False
U0084,S004753,2026-05-26,2026-05-01,41,20.267,concluida,True
U0084,S004756,2026-05-28,2026-05-01,159,25.284,concluida,False
U0084,S004752,2026-05-29,2026-05-01,191,27.229,concluida,False
U0084,S004758,2026-06-09,2026-06-01,126,21.062,concluida,False
U0084,S004759,2026-06-10,2026-06-01,27,3.839,concluida,False
U0084,S004757,2026-06-23,2026-06-01,56,8.295,concluida,False
U0084,S004760,2026-06-24,2026-06-01,194,30.048,concluida,False
U0084,S004761,2026-06-24,2026-06-01,109,15.491,concluida,False
U0084,S004763,2026-07-27,2026-07-01,126,18.858,concluida,False
U0084,S004762,2026-07-28,2026-07-01,95,15.707,concluida,False
U0084,S004766,2026-08-05,2026-08-01,32,4.838,concluida,False
U0084,S004769,2026-08-09,2026-08-01,73,12.183,concluida,False
U0084,S004773,2026-08-09,2026-08-01,253,41.36,concluida,False
U0084,S004771,2026-08-12,2026-08-01,71,10.285,concluida,False
U0084,S004767,2026-08-14,2026-08-01,145,23.805,concluida,False
U0084,S004765,2026-08-17,2026-08-01,33,17.27,concluida,True
U0084,S004770,2026-08-19,2026-08-01,201,33.762,concluida,False
U0084,S004772,2026-08-22,2026-08-01,51,8.339,concluida,False
U0084,S004764,2026-08-25,2026-08-01,92,15.818,concluida,False
U0084,S004768,2026-08-30,2026-08-01,151,24.301,concluida,False
U0085,S004786,2026-03-01,2026-03-01,117,33.925,concluida,False
U0085,S004780,2026-03-02,2026-03-01,223,63.128,concluida,False
U0085,S004777,2026-03-03,2026-03-01,48,14.461,concluida,False
U0085,S004790,2026-03-08,2026-03-01,156,44.665,concluida,False
U0085,S004783,2026-03-10,2026-03-01,221,71.517,concluida,False
U0085,S004775,2026-03-11,2026-03-01,268,76.064,concluida,False
U0085,S004776,2026-03-14,2026-03-01,75,22.466,concluida,False
U0085,S004774,2026-03-17,2026-03-01,72,23.411,concluida,False
U0085,S004784,2026-03-19,2026-03-01,164,51.353,concluida,False
U0085,S004778,2026-03-20,2026-03-01,99,30.424,concluida,False
U0085,S004781,2026-03-25,2026-03-01,250,74.75,concluida,False
U0085,S004788,2026-03-26,2026-03-01,109,34.187,concluida,False
U0085,S004787,2026-03-27,2026-03-01,55,16.471,concluida,False
U0085,S004779,2026-03-30,2026-03-01,27,7.524,concluida,False
U0085,S004782,2026-03-30,2026-03-01,108,30.845,concluida,False
U0085,S004789,2026-03-30,2026-03-01,210,62.775,concluida,False
U0085,S004785,2026-03-31,2026-03-01,86,28.723,concluida,False
U0085,S004792,2026-04-05,2026-04-01,64,20.553,concluida,False
U0085,S004799,2026-04-07,2026-04-01,132,39.889,concluida,False
U0085,S004804,2026-04-11,2026-04-01,228,73.939,concluida,False
U0085,S004796,2026-04-11,2026-04-01,80,27.198,concluida,False
U0085,S004794,2026-04-14,2026-04-01,82,26.993,concluida,False
U0085,S004805,2026-04-17,2026-04-01,150,48.653,concluida,False
U0085,S004797,2026-04-18,2026-04-01,31,10.482,concluida,False
U0085,S004798,2026-04-18,2026-04-01,76,21.398,concluida,False
U0085,S004803,2026-04-19,2026-04-01,178,57.931,concluida,False
U0085,S004802,2026-04-20,2026-04-01,94,26.296,concluida,False
U0085,S004793,2026-04-20,2026-04-01,82,22.929,concluida,False
U0085,S004806,2026-04-22,2026-04-01,47,14.565,concluida,False
U0085,S004795,2026-04-24,2026-04-01,110,31.627,concluida,False
U0085,S004800,2026-04-24,2026-04-01,29,7.98,concluida,False
U0085,S004801,2026-04-27,2026-04-01,170,57.099,concluida,False
U0085,S004791,2026-04-30,2026-04-01,88,29.522,concluida,False
U0085,S004816,2026-05-05,2026-05-01,49,14.741,concluida,False
U0085,S004819,2026-05-07,2026-05-01,119,38.53,concluida,False
U0085,S004818,2026-05-10,2026-05-01,168,51.048,concluida,False
U0085,S004812,2026-05-12,2026-05-01,131,39.483,concluida,False
U0085,S004817,2026-05-13,2026-05-01,39,11.022,concluida,False
U0085,S004814,2026-05-15,2026-05-01,60,17.506,concluida,False
U0085,S004811,2026-05-16,2026-05-01,41,14.121,concluida,False
U0085,S004809,2026-05-18,2026-05-01,124,40.077,concluida,False
U0085,S004807,2026-05-19,2026-05-01,22,6.158,interrompida,False
U0085,S004808,2026-05-21,2026-05-01,56,18.309,concluida,False
U0085,S004813,2026-05-22,2026-05-01,52,14.719,concluida,False
U0085,S004815,2026-05-22,2026-05-01,37,12.396,concluida,False
U0085,S004810,2026-05-31,2026-05-01,42,13.786,concluida,False
U0085,S004820,2026-05-31,2026-05-01,68,20.728,interrompida,False
U0085,S004830,2026-06-01,2026-06-01,172,175.38,concluida,True
U0085,S004825,2026-06-10,2026-06-01,112,34.619,concluida,False
U0085,S004834,2026-06-13,2026-06-01,169,55.195,concluida,False
U0085,S004832,2026-06-15,2026-06-01,44,14.651,concluida,False
U0085,S004821,2026-06-16,2026-06-01,36,11.478,concluida,False
U0085,S004829,2026-06-16,2026-06-01,89,26.909,concluida,False
U0085,S004828,2026-06-18,2026-06-01,188,61.539,concluida,False
U0085,S004822,2026-06-21,2026-06-01,125,38.064,concluida,False
U0085,S004823,2026-06-21,2026-06-01,36,10.21,concluida,False
U0085,S004826,2026-06-21,2026-06-01,168,47.383,concluida,False
U0085,S004831,2026-06-22,2026-06-01,72,20.008,concluida,False
U0085,S004835,2026-06-22,2026-06-01,117,38.787,concluida,False
U0085,S004833,2026-06-23,2026-06-01,185,53.291,concluida,False
U0085,S004824,2026-06-24,2026-06-01,65,20.998,concluida,False
U0085,S004827,2026-06-24,2026-06-01,52,17.376,concluida,False
U0085,S004840,2026-07-03,2026-07-01,133,38.424,concluida,False
U0085,S004838,2026-07-05,2026-07-01,85,26.731,concluida,False
U0085,S004841,2026-07-06,2026-07-01,59,18.974,concluida,False
U0085,S004844,2026-07-07,2026-07-01,258,85.474,concluida,False
U0085,S004839,2026-07-08,2026-07-01,164,49.254,concluida,False
U0085,S004836,2026-07-12,2026-07-01,148,49.281,concluida,False
U0085,S004843,2026-07-15,2026-07-01,103,34.52,concluida,False
U0085,S004837,2026-07-23,2026-07-01,176,56.071,concluida,False
U0085,S004846,2026-07-27,2026-07-01,52,16.438,concluida,False
U0085,S004842,2026-07-28,2026-07-01,120,41.121,concluida,False
U0085,S004845,2026-07-30,2026-07-01,152,49.308,concluida,False
U0085,S004857,2026-08-03,2026-08-01,125,37.877,concluida,False
U0085,S004856,2026-08-04,2026-08-01,95,26.805,concluida,False
U0085,S004847,2026-08-06,2026-08-01,167,51.008,concluida,False
U0085,S004855,2026-08-06,2026-08-01,17,5.531,concluida,False
U0085,S004849,2026-08-14,2026-08-01,105,29.673,concluida,False
U0085,S004854,2026-08-15,2026-08-01,93,29.866,concluida,False
U0085,S004858,2026-08-22,2026-08-01,60,17.135,concluida,False
U0085,S004859,2026-08-23,2026-08-01,58,16.87,concluida,False
U0085,S004848,2026-08-23,2026-08-01,66,22.022,concluida,False
U0085,S004860,2026-08-25,2026-08-01,138,43.385,concluida,False
U0085,S004853,2026-08-26,2026-08-01,163,55.166,concluida,False
U0085,S004852,2026-08-26,2026-08-01,30,9.452,concluida,False
U0085,S004850,2026-08-26,2026-08-01,71,20.391,concluida,False
U0085,S004851,2026-08-28,2026-08-01,94,31.4,concluida,False
U0086,S004864,2026-03-01,2026-03-01,91,28.239,concluida,False
U0086,S004870,2026-03-04,2026-03-01,120,36.431,concluida,False
U0086,S004863,2026-03-06,2026-03-01,86,24.716,concluida,False
U0086,S004862,2026-03-07,2026-03-01,34,10.157,concluida,False
U0086,S004861,2026-03-13,2026-03-01,5,1.237,interrompida,False
U0086,S004871,2026-03-13,2026-03-01,100,29.681,concluida,False
U0086,S004866,2026-03-14,2026-03-01,105,36.354,concluida,False
U0086,S004872,2026-03-15,2026-03-01,63,17.829,concluida,False
U0086,S004869,2026-03-18,2026-03-01,96,32.353,concluida,False
U0086,S004868,2026-03-21,2026-03-01,187,53.969,concluida,False
U0086,S004873,2026-03-23,2026-03-01,73,23.74,concluida,False
U0086,S004867,2026-03-24,2026-03-01,48,14.514,concluida,False
U0086,S004865,2026-03-30,2026-03-01,106,29.509,concluida,False
U0086,S004884,2026-04-01,2026-04-01,67,20.204,concluida,False
U0086,S004879,2026-04-03,2026-04-01,23,6.745,concluida,False
U0086,S004886,2026-04-04,2026-04-01,125,42.406,concluida,False
U0086,S004882,2026-04-05,2026-04-01,65,21.894,concluida,False
U0086,S004887,2026-04-05,2026-04-01,146,45.965,concluida,False
U0086,S004880,2026-04-06,2026-04-01,56,18.668,concluida,False
U0086,S004878,2026-04-15,2026-04-01,59,18.226,concluida,False
U0086,S004885,2026-04-16,2026-04-01,80,23.983,concluida,False
U0086,S004888,2026-04-17,2026-04-01,74,23.513,concluida,False
U0086,S004883,2026-04-18,2026-04-01,109,36.018,concluida,False
U0086,S004881,2026-04-18,2026-04-01,131,40.925,concluida,False
U0086,S004877,2026-04-18,2026-04-01,42,11.858,concluida,False
U0086,S004875,2026-04-21,2026-04-01,162,47.276,concluida,False
U0086,S004876,2026-04-23,2026-04-01,85,26.184,concluida,False
U0086,S004874,2026-04-26,2026-04-01,103,32.624,concluida,False
U0086,S004892,2026-05-01,2026-05-01,195,54.958,concluida,False
U0086,S004890,2026-05-03,2026-05-01,11,3.604,interrompida,False
U0086,S004896,2026-05-09,2026-05-01,188,55.976,concluida,False
U0086,S004894,2026-05-13,2026-05-01,92,27.046,concluida,False
U0086,S004895,2026-05-15,2026-05-01,103,34.864,concluida,False
U0086,S004897,2026-05-22,2026-05-01,54,17.496,concluida,False
U0086,S004898,2026-05-25,2026-05-01,93,25.879,concluida,False
U0086,S004893,2026-05-25,2026-05-01,164,52.691,concluida,False
U0086,S004889,2026-05-26,2026-05-01,21,7.103,concluida,False
U0086,S004891,2026-05-30,2026-05-01,209,71.166,concluida,False
U0086,S004905,2026-06-04,2026-06-01,162,45.159,concluida,False
U0086,S004900,2026-06-04,2026-06-01,132,36.303,concluida,False
U0086,S004899,2026-06-11,2026-06-01,148,48.894,concluida,False
U0086,S004901,2026-06-19,2026-06-01,222,72.461,concluida,False
U0086,S004902,2026-06-27,2026-06-01,43,13.532,concluida,False
U0086,S004904,2026-06-27,2026-06-01,117,38.336,concluida,False
U0086,S004903,2026-06-28,2026-06-01,152,43.608,concluida,False
U0086,S004908,2026-07-10,2026-07-01,76,22.783,concluida,False
U0086,S004906,2026-07-12,2026-07-01,111,36.008,concluida,False
U0086,S004907,2026-07-17,2026-07-01,150,49.943,concluida,False
U0086,S004909,2026-08-20,2026-08-01,183,53.785,concluida,False
U0086,S004910,2026-08-24,2026-08-01,190,52.409,concluida,False
U0086,S004911,2026-08-30,2026-08-01,85,29.321,concluida,False
U0087,S004916,2026-03-03,2026-03-01,70,11.641,concluida,False
U0087,S004919,2026-03-06,2026-03-01,127,18.359,concluida,False
U0087,S004917,2026-03-12,2026-03-01,32,4.553,concluida,False
U0087,S004915,2026-03-13,2026-03-01,63,9.811,concluida,False
U0087,S004918,2026-03-14,2026-03-01,82,14.182,concluida,False
U0087,S004914,2026-03-25,2026-03-01,119,17.258,concluida,False
U0087,S004913,2026-03-29,2026-03-01,83,14.122,concluida,False
U0087,S004912,2026-03-30,2026-03-01,99,16.45,concluida,False
U0087,S004923,2026-04-07,2026-04-01,66,10.134,concluida,False
U0087,S004922,2026-04-19,2026-04-01,46,25.699,concluida,True
U0087,S004920,2026-04-20,2026-04-01,217,37.23,concluida,False
U0087,S004924,2026-04-20,2026-04-01,27,3.802,concluida,False
U0087,S004921,2026-04-27,2026-04-01,55,9.357,concluida,False
U0087,S004925,2026-05-02,2026-05-01,27,4.091,concluida,False
U0087,S004928,2026-05-09,2026-05-01,19,2.865,concluida,False
U0087,S004926,2026-05-10,2026-05-01,62,9.614,concluida,False
U0087,S004929,2026-05-11,2026-05-01,60,10.394,concluida,False
U0087,S004930,2026-05-12,2026-05-01,94,15.685,concluida,False
U0087,S004931,2026-05-18,2026-05-01,178,28.636,concluida,False
U0087,S004927,2026-05-31,2026-05-01,89,14.299,concluida,False
U0087,S004940,2026-06-01,2026-06-01,139,20.765,concluida,False
U0087,S004936,2026-06-07,2026-06-01,94,15.674,concluida,False
U0087,S004932,2026-06-08,2026-06-01,150,23.871,concluida,False
U0087,S004939,2026-06-08,2026-06-01,78,12.899,concluida,False
U0087,S004935,2026-06-18,2026-06-01,42,6.502,concluida,False
U0087,S004934,2026-06-18,2026-06-01,113,19.534,concluida,False
U0087,S004937,2026-06-19,2026-06-01,303,50.519,concluida,False
U0087,S004938,2026-06-30,2026-06-01,24,3.808,concluida,False
U0087,S004933,2026-06-30,2026-06-01,39,5.411,concluida,False
U0087,S004944,2026-07-02,2026-07-01,95,16.156,concluida,False
U0087,S004942,2026-07-03,2026-07-01,160,27.206,concluida,False
U0087,S004943,2026-07-03,2026-07-01,175,25.83,concluida,False
U0087,S004947,2026-07-08,2026-07-01,45,7.378,concluida,False
U0087,S004948,2026-07-10,2026-07-01,279,43.916,concluida,False
U0087,S004945,2026-07-11,2026-07-01,148,24.364,concluida,False
U0087,S004949,2026-07-19,2026-07-01,23,3.591,concluida,False
U0087,S004941,2026-07-22,2026-07-01,51,7.419,interrompida,False
U0087,S004946,2026-07-22,2026-07-01,50,7.922,concluida,False
U0087,S004955,2026-08-01,2026-08-01,188,26.74,concluida,False
U0087,S004952,2026-08-03,2026-08-01,65,10.705,concluida,False
U0087,S004951,2026-08-11,2026-08-01,41,7.107,concluida,False
U0087,S004950,2026-08-13,2026-08-01,8,1.459,interrompida,False
U0087,S004954,2026-08-19,2026-08-01,111,17.283,concluida,False
U0087,S004953,2026-08-20,2026-08-01,144,22.23,concluida,False
U0088,S004961,2026-03-03,2026-03-01,37,5.904,concluida,False
U0088,S004962,2026-03-11,2026-03-01,141,24.228,concluida,False
U0088,S004959,2026-03-11,2026-03-01,208,35.957,concluida,False
U0088,S004956,2026-03-18,2026-03-01,112,18.36,concluida,False
U0088,S004957,2026-03-19,2026-03-01,38,6.398,concluida,False
U0088,S004958,2026-03-25,2026-03-01,102,16.215,concluida,False
U0088,S004960,2026-03-26,2026-03-01,71,9.964,concluida,False
U0088,S004963,2026-03-30,2026-03-01,44,6.532,concluida,False
U0088,S004978,2026-04-02,2026-04-01,28,4.631,concluida,False
U0088,S004970,2026-04-04,2026-04-01,184,31.399,concluida,False
U0088,S004973,2026-04-05,2026-04-01,73,11.298,concluida,False
U0088,S004968,2026-04-07,2026-04-01,235,39.924,concluida,False
U0088,S004975,2026-04-08,2026-04-01,182,27.796,concluida,False
U0088,S004981,2026-04-09,2026-04-01,186,32.122,concluida,False
U0088,S004964,2026-04-13,2026-04-01,117,17.571,concluida,False
U0088,S004967,2026-04-16,2026-04-01,85,14.436,concluida,False
U0088,S004969,2026-04-17,2026-04-01,134,19.235,concluida,False
U0088,S004977,2026-04-20,2026-04-01,34,5.825,concluida,False
U0088,S004976,2026-04-23,2026-04-01,65,11.247,concluida,False
U0088,S004965,2026-04-23,2026-04-01,128,18.435,concluida,False
U0088,S004966,2026-04-24,2026-04-01,55,8.038,concluida,False
U0088,S004974,2026-04-24,2026-04-01,19,3.158,interrompida,False
U0088,S004980,2026-04-25,2026-04-01,134,19.331,concluida,False
U0088,S004972,2026-04-25,2026-04-01,158,23.037,concluida,False
U0088,S004971,2026-04-29,2026-04-01,122,20.651,concluida,False
U0088,S004979,2026-04-30,2026-04-01,24,3.897,concluida,False
U0088,S004991,2026-05-05,2026-05-01,98,15.283,concluida,False
U0088,S004984,2026-05-06,2026-05-01,153,24.264,concluida,False
U0088,S004983,2026-05-07,2026-05-01,150,23.985,concluida,False
U0088,S004996,2026-05-09,2026-05-01,42,7.09,concluida,False
U0088,S004998,2026-05-11,2026-05-01,179,25.913,concluida,False
U0088,S004992,2026-05-11,2026-05-01,111,17.943,concluida,False
U0088,S004988,2026-05-15,2026-05-01,92,54.692,concluida,True
U0088,S004985,2026-05-20,2026-05-01,50,8.13,concluida,False
U0088,S004995,2026-05-20,2026-05-01,90,13.384,concluida,False
U0088,S004989,2026-05-20,2026-05-01,69,9.617,interrompida,False
U0088,S004993,2026-05-21,2026-05-01,133,18.897,concluida,False
U0088,S004982,2026-05-21,2026-05-01,23,3.602,concluida,False
U0088,S004994,2026-05-24,2026-05-01,181,27.827,concluida,False
U0088,S004986,2026-05-26,2026-05-01,179,25.153,concluida,False
U0088,S004997,2026-05-26,2026-05-01,129,19.378,concluida,False
U0088,S004987,2026-05-26,2026-05-01,114,16.37,concluida,False
U0088,S004990,2026-05-27,2026-05-01,55,8.382,concluida,False
U0088,S005003,2026-07-02,2026-07-01,91,15.568,concluida,False
U0088,S005000,2026-07-02,2026-07-01,45,7.814,concluida,False
U0088,S005001,2026-07-05,2026-07-01,186,30.746,concluida,False
U0088,S005002,2026-07-07,2026-07-01,88,14.742,concluida,False
U0088,S005005,2026-07-11,2026-07-01,104,17.576,concluida,False
U0088,S005004,2026-07-11,2026-07-01,209,35.013,concluida,False
U0088,S005006,2026-07-21,2026-07-01,169,23.562,concluida,False
U0088,S004999,2026-07-30,2026-07-01,73,10.66,concluida,False
U0088,S005015,2026-08-01,2026-08-01,21,3.491,concluida,False
U0088,S005014,2026-08-06,2026-08-01,148,23.779,concluida,False
U0088,S005008,2026-08-12,2026-08-01,73,11.034,concluida,False
U0088,S005013,2026-08-12,2026-08-01,141,24.296,concluida,False
U0088,S005012,2026-08-20,2026-08-01,158,26.791,concluida,False
U0088,S005011,2026-08-24,2026-08-01,181,26.945,concluida,False
U0088,S005010,2026-08-27,2026-08-01,59,10.219,concluida,False
U0088,S005009,2026-08-31,2026-08-01,111,18.399,concluida,False
U0088,S005007,2026-08-31,2026-08-01,101,15.344,concluida,False
U0089,S005016,2026-04-29,2026-04-01,170,191.294,concluida,True
U0089,S005017,2026-05-11,2026-05-01,81,23.993,concluida,False
U0089,S005018,2026-05-17,2026-05-01,92,27.719,concluida,False
U0089,S005019,2026-06-10,2026-06-01,24,7.807,concluida,False
U0089,S005020,2026-07-24,2026-07-01,16,5.096,concluida,False
U0089,S005021,2026-08-24,2026-08-01,58,19.564,concluida,False
U0090,S005028,2026-03-06,2026-03-01,140,12.956,concluida,False
U0090,S005027,2026-03-13,2026-03-01,19,1.914,interrompida,False
U0090,S005029,2026-03-15,2026-03-01,71,7.675,concluida,False
U0090,S005022,2026-03-18,2026-03-01,74,7.223,concluida,False
U0090,S005026,2026-03-22,2026-03-01,72,7.338,concluida,False
U0090,S005023,2026-03-22,2026-03-01,81,8.263,concluida,False
U0090,S005025,2026-03-30,2026-03-01,142,16.396,concluida,False
U0090,S005024,2026-03-31,2026-03-01,69,7.188,concluida,False
U0090,S005039,2026-04-01,2026-04-01,229,21.365,concluida,False
U0090,S005031,2026-04-02,2026-04-01,78,7.985,concluida,False
U0090,S005032,2026-04-04,2026-04-01,258,25.49,concluida,False
U0090,S005036,2026-04-10,2026-04-01,153,15.779,concluida,False
U0090,S005034,2026-04-14,2026-04-01,117,12.343,concluida,False
U0090,S005033,2026-04-14,2026-04-01,47,5.381,concluida,False
U0090,S005030,2026-04-17,2026-04-01,120,13.252,concluida,False
U0090,S005038,2026-04-17,2026-04-01,54,6.215,concluida,False
U0090,S005037,2026-04-27,2026-04-01,122,11.909,concluida,False
U0090,S005035,2026-04-28,2026-04-01,232,23.392,concluida,False
U0090,S005042,2026-05-04,2026-05-01,35,3.913,concluida,False
U0090,S005044,2026-05-05,2026-05-01,85,9.865,concluida,False
U0090,S005047,2026-05-05,2026-05-01,181,68.137,concluida,True
U0090,S005045,2026-05-11,2026-05-01,114,12.221,interrompida,False
U0090,S005043,2026-05-18,2026-05-01,39,4.298,interrompida,False
U0090,S005046,2026-05-19,2026-05-01,54,5.656,concluida,False
U0090,S005040,2026-05-25,2026-05-01,223,21.804,concluida,False
U0090,S005041,2026-05-26,2026-05-01,86,7.994,concluida,False
U0090,S005050,2026-06-01,2026-06-01,142,15.558,concluida,False
U0090,S005053,2026-06-05,2026-06-01,126,12.137,concluida,False
U0090,S005049,2026-06-10,2026-06-01,79,7.917,concluida,False
U0090,S005051,2026-06-11,2026-06-01,49,5.032,concluida,False
U0090,S005048,2026-06-17,2026-06-01,208,23.203,concluida,False
U0090,S005052,2026-06-23,2026-06-01,142,14.393,concluida,False
U0090,S005054,2026-08-02,2026-08-01,157,15.392,concluida,False
U0090,S005057,2026-08-04,2026-08-01,149,15.681,concluida,False
U0090,S005056,2026-08-12,2026-08-01,79,8.592,concluida,False
U0090,S005055,2026-08-24,2026-08-01,170,17.619,concluida,False
U0091,S005063,2026-03-05,2026-03-01,94,26.848,concluida,False
U0091,S005064,2026-03-09,2026-03-01,153,48.181,concluida,False
U0091,S005058,2026-03-11,2026-03-01,58,17.706,concluida,False
U0091,S005067,2026-03-23,2026-03-01,109,33.015,concluida,False
U0091,S005060,2026-03-25,2026-03-01,211,65.544,concluida,False
U0091,S005061,2026-03-26,2026-03-01,128,39.108,concluida,False
U0091,S005062,2026-03-27,2026-03-01,47,15.718,concluida,False
U0091,S005059,2026-03-28,2026-03-01,101,29.386,concluida,False
U0091,S005065,2026-03-28,2026-03-01,33,9.643,concluida,False
U0091,S005068,2026-03-30,2026-03-01,99,32.946,concluida,False
U0091,S005066,2026-03-31,2026-03-01,68,22.877,concluida,False
U0091,S005076,2026-04-06,2026-04-01,148,47.605,concluida,False
U0091,S005074,2026-04-07,2026-04-01,189,52.942,concluida,False
U0091,S005073,2026-04-10,2026-04-01,224,77.515,concluida,False
U0091,S005075,2026-04-10,2026-04-01,117,40.316,concluida,False
U0091,S005077,2026-04-10,2026-04-01,115,35.424,concluida,False
U0091,S005069,2026-04-13,2026-04-01,44,12.179,concluida,False
U0091,S005071,2026-04-24,2026-04-01,88,29.666,concluida,False
U0091,S005078,2026-04-26,2026-04-01,247,82.537,concluida,False
U0091,S005070,2026-04-28,2026-04-01,146,46.23,concluida,False
U0091,S005072,2026-04-29,2026-04-01,170,55.804,concluida,False
U0091,S005084,2026-05-01,2026-05-01,31,10.668,concluida,False
U0091,S005089,2026-05-03,2026-05-01,24,8.354,concluida,False
U0091,S005083,2026-05-09,2026-05-01,132,42.285,concluida,False
U0091,S005087,2026-05-12,2026-05-01,55,18.918,concluida,False
U0091,S005085,2026-05-13,2026-05-01,90,31.15,concluida,False
U0091,S005090,2026-05-14,2026-05-01,112,31.577,concluida,False
U0091,S005082,2026-05-15,2026-05-01,66,19.446,concluida,False
U0091,S005081,2026-05-15,2026-05-01,87,28.145,concluida,False
U0091,S005088,2026-05-16,2026-05-01,74,25.494,concluida,False
U0091,S005079,2026-05-17,2026-05-01,93,26.047,concluida,False
U0091,S005080,2026-05-25,2026-05-01,49,14.875,concluida,False
U0091,S005086,2026-05-31,2026-05-01,115,88.667,concluida,True
U0091,S005091,2026-06-01,2026-06-01,140,41.384,concluida,False
U0091,S005100,2026-06-03,2026-06-01,62,18.672,concluida,False
U0091,S005107,2026-06-07,2026-06-01,107,36.244,concluida,False
U0091,S005104,2026-06-08,2026-06-01,31,8.528,concluida,False
U0091,S005101,2026-06-08,2026-06-01,35,10.224,concluida,False
U0091,S005099,2026-06-09,2026-06-01,99,27.397,concluida,False
U0091,S005094,2026-06-13,2026-06-01,11,3.111,concluida,False
U0091,S005105,2026-06-13,2026-06-01,103,31.378,concluida,False
U0091,S005098,2026-06-15,2026-06-01,130,41.22,concluida,False
U0091,S005103,2026-06-16,2026-06-01,43,13.968,concluida,False
U0091,S005093,2026-06-17,2026-06-01,92,28.786,concluida,False
U0091,S005092,2026-06-20,2026-06-01,176,59.717,concluida,False
U0091,S005096,2026-06-21,2026-06-01,39,11.621,concluida,False
U0091,S005102,2026-06-23,2026-06-01,169,50.719,concluida,False
U0091,S005106,2026-06-24,2026-06-01,243,75.336,concluida,False
U0091,S005095,2026-06-26,2026-06-01,23,6.332,concluida,False
U0091,S005097,2026-06-27,2026-06-01,111,30.826,concluida,False
U0091,S005122,2026-07-02,2026-07-01,113,31.74,concluida,False
U0091,S005123,2026-07-03,2026-07-01,25,7.474,concluida,False
U0091,S005119,2026-07-09,2026-07-01,91,25.908,concluida,False
U0091,S005111,2026-07-09,2026-07-01,55,15.441,concluida,False
U0091,S005121,2026-07-11,2026-07-01,150,48.083,concluida,False
U0091,S005118,2026-07-12,2026-07-01,120,33.043,concluida,False
U0091,S005120,2026-07-13,2026-07-01,40,12.711,concluida,False
U0091,S005114,2026-07-16,2026-07-01,74,21.593,concluida,False
U0091,S005108,2026-07-23,2026-07-01,55,15.739,concluida,False
U0091,S005112,2026-07-26,2026-07-01,135,45.981,concluida,False
U0091,S005117,2026-07-27,2026-07-01,20,24.561,concluida,True
U0091,S005109,2026-07-28,2026-07-01,95,28.745,concluida,False
U0091,S005110,2026-07-28,2026-07-01,46,14.873,concluida,False
U0091,S005115,2026-07-29,2026-07-01,82,23.28,concluida,False
U0091,S005116,2026-07-30,2026-07-01,316,95.497,concluida,False
U0091,S005113,2026-07-30,2026-07-01,325,99.633,concluida,False
U0091,S005125,2026-08-05,2026-08-01,57,19.557,interrompida,False
U0091,S005138,2026-08-08,2026-08-01,83,26.339,concluida,False
U0091,S005131,2026-08-11,2026-08-01,194,59.311,concluida,False
U0091,S005137,2026-08-14,2026-08-01,41,12.665,concluida,False
U0091,S005134,2026-08-16,2026-08-01,87,24.328,concluida,False
U0091,S005128,2026-08-16,2026-08-01,161,46.597,concluida,False
U0091,S005124,2026-08-18,2026-08-01,204,67.885,concluida,False
U0091,S005136,2026-08-20,2026-08-01,116,35.503,concluida,False
U0091,S005126,2026-08-21,2026-08-01,51,14.748,concluida,False
U0091,S005129,2026-08-22,2026-08-01,155,48.641,concluida,False
U0091,S005132,2026-08-25,2026-08-01,80,25.209,concluida,False
U0091,S005133,2026-08-25,2026-08-01,60,18.816,concluida,False
U0091,S005135,2026-08-27,2026-08-01,14,4.01,concluida,False
U0091,S005127,2026-08-27,2026-08-01,29,9.303,concluida,False
U0091,S005130,2026-08-31,2026-08-01,53,15.527,concluida,False
U0092,S005146,2026-03-01,2026-03-01,33,10.86,interrompida,False
U0092,S005145,2026-03-03,2026-03-01,119,39.559,concluida,False
U0092,S005143,2026-03-09,2026-03-01,111,36.091,concluida,False
U0092,S005139,2026-03-11,2026-03-01,52,17.306,concluida,False
U0092,S005147,2026-03-11,2026-03-01,83,24.941,concluida,False
U0092,S005141,2026-03-15,2026-03-01,22,6.47,concluida,False
U0092,S005149,2026-03-17,2026-03-01,54,18.529,concluida,False
U0092,S005150,2026-03-23,2026-03-01,145,40.043,concluida,False
U0092,S005144,2026-03-25,2026-03-01,64,21.024,concluida,False
U0092,S005148,2026-03-25,2026-03-01,98,33.489,concluida,False
U0092,S005140,2026-03-26,2026-03-01,156,53.328,concluida,False
U0092,S005142,2026-03-30,2026-03-01,58,17.281,concluida,False
U0092,S005156,2026-04-03,2026-04-01,97,33.516,concluida,False
U0092,S005151,2026-04-06,2026-04-01,115,35.103,concluida,False
U0092,S005157,2026-04-09,2026-04-01,10,2.813,concluida,False
U0092,S005159,2026-04-13,2026-04-01,157,48.506,concluida,False
U0092,S005154,2026-04-15,2026-04-01,38,11.084,concluida,False
U0092,S005153,2026-04-18,2026-04-01,89,24.519,concluida,False
U0092,S005155,2026-04-20,2026-04-01,110,33.146,concluida,False
U0092,S005152,2026-04-24,2026-04-01,96,27.923,concluida,False
U0092,S005158,2026-04-30,2026-04-01,51,14.069,concluida,False
U0092,S005171,2026-05-02,2026-05-01,86,24.374,concluida,False
U0092,S005166,2026-05-05,2026-05-01,92,25.318,concluida,False
U0092,S005165,2026-05-08,2026-05-01,74,22.666,concluida,False
U0092,S005170,2026-05-12,2026-05-01,229,196.441,concluida,True
U0092,S005161,2026-05-12,2026-05-01,76,26.538,interrompida,False
U0092,S005168,2026-05-14,2026-05-01,38,12.447,concluida,False
U0092,S005162,2026-05-21,2026-05-01,88,30.616,concluida,False
U0092,S005169,2026-05-21,2026-05-01,81,24.213,concluida,False
U0092,S005164,2026-05-22,2026-05-01,197,61.712,concluida,False
U0092,S005172,2026-05-23,2026-05-01,70,19.911,concluida,False
U0092,S005160,2026-05-24,2026-05-01,125,35.845,concluida,False
U0092,S005167,2026-05-28,2026-05-01,51,16.084,concluida,False
U0092,S005163,2026-05-31,2026-05-01,161,54.176,concluida,False
U0092,S005174,2026-06-05,2026-06-01,32,10.335,concluida,False
U0092,S005178,2026-06-08,2026-06-01,76,23.252,concluida,False
U0092,S005180,2026-06-09,2026-06-01,31,9.158,concluida,False
U0092,S005173,2026-06-14,2026-06-01,88,30.628,concluida,False
U0092,S005176,2026-06-15,2026-06-01,13,4.344,concluida,False
U0092,S005175,2026-06-22,2026-06-01,128,41.609,concluida,False
U0092,S005179,2026-06-27,2026-06-01,107,93.059,concluida,True
U0092,S005177,2026-06-28,2026-06-01,133,36.869,concluida,False
U0092,S005183,2026-07-10,2026-07-01,62,19.688,concluida,False
U0092,S005181,2026-07-13,2026-07-01,61,19.653,interrompida,False
U0092,S005182,2026-07-18,2026-07-01,47,13.269,concluida,False
U0092,S005195,2026-08-01,2026-08-01,234,79.939,concluida,False
U0092,S005186,2026-08-04,2026-08-01,148,49.778,concluida,False
U0092,S005194,2026-08-08,2026-08-01,60,20.826,concluida,False
U0092,S005184,2026-08-10,2026-08-01,38,11.065,interrompida,False
U0092,S005188,2026-08-11,2026-08-01,233,78.384,concluida,False
U0092,S005193,2026-08-15,2026-08-01,252,82.312,concluida,False
U0092,S005190,2026-08-16,2026-08-01,91,26.189,concluida,False
U0092,S005191,2026-08-20,2026-08-01,201,55.964,concluida,False
U0092,S005185,2026-08-20,2026-08-01,72,24.965,concluida,False
U0092,S005189,2026-08-21,2026-08-01,29,8.475,concluida,False
U0092,S005187,2026-08-23,2026-08-01,142,40.437,concluida,False
U0092,S005196,2026-08-23,2026-08-01,39,12.421,concluida,False
U0092,S005192,2026-08-25,2026-08-01,97,32.487,concluida,False
U0093,S005202,2026-03-01,2026-03-01,39,11.599,concluida,False
U0093,S005201,2026-03-04,2026-03-01,171,49.387,concluida,False
U0093,S005204,2026-03-13,2026-03-01,86,27.115,concluida,False
U0093,S005200,2026-03-15,2026-03-01,273,83.982,concluida,False
U0093,S005203,2026-03-15,2026-03-01,170,49.868,concluida,False
U0093,S005199,2026-03-20,2026-03-01,89,25.657,concluida,False
U0093,S005197,2026-03-27,2026-03-01,46,13.093,concluida,False
U0093,S005205,2026-03-30,2026-03-01,81,27.015,concluida,False
U0093,S005198,2026-03-31,2026-03-01,54,16.151,concluida,False
U0093,S005209,2026-04-01,2026-04-01,30,10.424,concluida,False
U0093,S005207,2026-04-02,2026-04-01,143,48.925,concluida,False
U0093,S005208,2026-04-05,2026-04-01,152,47.458,concluida,False
U0093,S005206,2026-04-06,2026-04-01,35,11.618,concluida,False
U0093,S005211,2026-04-19,2026-04-01,25,8.452,concluida,False
U0093,S005212,2026-04-23,2026-04-01,74,25.424,concluida,False
U0093,S005210,2026-04-24,2026-04-01,74,24.408,concluida,False
U0093,S005214,2026-05-17,2026-05-01,28,9.207,concluida,False
U0093,S005213,2026-05-24,2026-05-01,45,15.285,concluida,False
U0093,S005215,2026-06-17,2026-06-01,92,26.008,concluida,False
U0093,S005216,2026-06-19,2026-06-01,42,12.769,concluida,False
U0093,S005220,2026-07-13,2026-07-01,57,19.461,concluida,False
U0093,S005217,2026-07-21,2026-07-01,205,63.445,concluida,False
U0093,S005218,2026-07-26,2026-07-01,72,21.451,concluida,False
U0093,S005219,2026-07-28,2026-07-01,138,41.084,concluida,False
U0093,S005228,2026-08-10,2026-08-01,72,20.006,concluida,False
U0093,S005221,2026-08-10,2026-08-01,39,11.389,concluida,False
U0093,S005229,2026-08-15,2026-08-01,172,55.75,concluida,False
U0093,S005226,2026-08-15,2026-08-01,33,10.905,concluida,False
U0093,S005223,2026-08-19,2026-08-01,94,32.189,concluida,False
U0093,S005227,2026-08-22,2026-08-01,130,41.014,concluida,False
U0093,S005222,2026-08-23,2026-08-01,108,29.945,concluida,False
U0093,S005225,2026-08-26,2026-08-01,149,48.668,concluida,False
U0093,S005224,2026-08-31,2026-08-01,67,21.554,concluida,False
U0094,S005235,2026-03-03,2026-03-01,83,28.91,concluida,False
U0094,S005230,2026-03-04,2026-03-01,103,35.283,concluida,False
U0094,S005232,2026-03-05,2026-03-01,59,17.079,concluida,False
U0094,S005233,2026-03-08,2026-03-01,153,44.197,concluida,False
U0094,S005236,2026-03-11,2026-03-01,77,22.071,concluida,False
U0094,S005231,2026-03-21,2026-03-01,49,13.484,concluida,False
U0094,S005237,2026-03-26,2026-03-01,122,36.098,concluida,False
U0094,S005234,2026-03-31,2026-03-01,109,32.637,concluida,False
U0094,S005241,2026-04-02,2026-04-01,31,9.46,concluida,False
U0094,S005238,2026-04-05,2026-04-01,160,46.882,concluida,False
U0094,S005242,2026-04-10,2026-04-01,85,29.216,concluida,False
U0094,S005240,2026-04-12,2026-04-01,104,32.043,concluida,False
U0094,S005243,2026-04-26,2026-04-01,122,34.544,concluida,False
U0094,S005239,2026-04-26,2026-04-01,8,2.648,interrompida,False
U0094,S005245,2026-04-27,2026-04-01,102,30.48,concluida,False
U0094,S005244,2026-04-30,2026-04-01,95,30.285,concluida,False
U0094,S005247,2026-05-12,2026-05-01,185,54.891,concluida,False
U0094,S005250,2026-05-14,2026-05-01,104,32.411,concluida,False
U0094,S005249,2026-05-19,2026-05-01,96,26.759,concluida,False
U0094,S005248,2026-05-22,2026-05-01,123,42.275,concluida,False
U0094,S005246,2026-05-28,2026-05-01,59,20.146,concluida,False
U0094,S005251,2026-05-30,2026-05-01,165,47.993,concluida,False
U0094,S005253,2026-06-01,2026-06-01,40,11.522,concluida,False
U0094,S005259,2026-06-02,2026-06-01,186,59.116,concluida,False
U0094,S005256,2026-06-02,2026-06-01,20,6.151,concluida,False
U0094,S005257,2026-06-04,2026-06-01,11,3.869,interrompida,False
U0094,S005261,2026-06-06,2026-06-01,90,25.238,concluida,False
U0094,S005260,2026-06-15,2026-06-01,97,30.937,concluida,False
U0094,S005252,2026-06-19,2026-06-01,44,14.038,concluida,False
U0094,S005254,2026-06-24,2026-06-01,85,29.503,concluida,False
U0094,S005255,2026-06-29,2026-06-01,93,29.413,concluida,False
U0094,S005258,2026-06-30,2026-06-01,109,30.512,concluida,False
U0094,S005265,2026-07-02,2026-07-01,107,29.862,concluida,False
U0094,S005262,2026-07-19,2026-07-01,81,26.048,concluida,False
U0094,S005263,2026-07-19,2026-07-01,48,14.53,concluida,False
U0094,S005264,2026-07-28,2026-07-01,99,28.854,concluida,False
U0094,S005272,2026-08-05,2026-08-01,150,170.746,concluida,True
U0094,S005269,2026-08-05,2026-08-01,145,47.244,concluida,False
U0094,S005266,2026-08-15,2026-08-01,76,22.459,concluida,False
U0094,S005267,2026-08-20,2026-08-01,139,41.529,concluida,False
U0094,S005273,2026-08-21,2026-08-01,66,22.439,concluida,False
U0094,S005268,2026-08-26,2026-08-01,97,33.011,concluida,False
U0094,S005271,2026-08-29,2026-08-01,146,42.92,concluida,False
U0094,S005274,2026-08-30,2026-08-01,158,55.029,concluida,False
U0094,S005270,2026-08-31,2026-08-01,83,28.795,concluida,False
U0095,S005276,2026-03-15,2026-03-01,174,58.192,concluida,False
U0095,S005277,2026-03-16,2026-03-01,45,13.887,concluida,False
U0095,S005275,2026-03-23,2026-03-01,192,59.407,concluida,False
U0095,S005279,2026-04-17,2026-04-01,90,31.277,concluida,False
U0095,S005278,2026-04-30,2026-04-01,17,5.355,concluida,False
U0095,S005281,2026-05-02,2026-05-01,37,11.226,concluida,False
U0095,S005280,2026-05-09,2026-05-01,35,10.755,interrompida,False
U0095,S005282,2026-05-26,2026-05-01,121,33.934,concluida,False
U0095,S005286,2026-06-03,2026-06-01,11,3.393,interrompida,False
U0095,S005288,2026-06-16,2026-06-01,193,65.791,concluida,False
U0095,S005285,2026-06-18,2026-06-01,65,19.596,concluida,False
U0095,S005287,2026-06-18,2026-06-01,81,25.487,interrompida,False
U0095,S005289,2026-06-21,2026-06-01,175,57.423,concluida,False
U0095,S005283,2026-06-28,2026-06-01,214,72.003,concluida,False
U0095,S005284,2026-06-29,2026-06-01,137,46.517,concluida,False
U0095,S005294,2026-07-01,2026-07-01,52,14.973,concluida,False
U0095,S005293,2026-07-02,2026-07-01,241,74.563,concluida,False
U0095,S005290,2026-07-08,2026-07-01,220,76.231,concluida,False
U0095,S005292,2026-07-11,2026-07-01,142,40.004,concluida,False
U0095,S005291,2026-07-15,2026-07-01,92,26.323,concluida,False
U0095,S005295,2026-07-19,2026-07-01,65,18.654,concluida,False
U0095,S005296,2026-08-02,2026-08-01,103,28.415,concluida,False
U0095,S005297,2026-08-12,2026-08-01,62,19.889,concluida,False
U0095,S005298,2026-08-22,2026-08-01,91,29.389,concluida,False
U0095,S005299,2026-08-28,2026-08-01,60,18.358,concluida,False
U0096,S005303,2026-03-03,2026-03-01,47,16.02,concluida,False
U0096,S005300,2026-03-09,2026-03-01,123,40.681,concluida,False
U0096,S005302,2026-03-12,2026-03-01,174,57.022,concluida,False
U0096,S005305,2026-03-13,2026-03-01,125,35.431,concluida,False
U0096,S005301,2026-03-22,2026-03-01,186,53.411,concluida,False
U0096,S005306,2026-03-27,2026-03-01,59,17.611,concluida,False
U0096,S005304,2026-03-28,2026-03-01,190,63.249,concluida,False
U0096,S005316,2026-04-04,2026-04-01,84,27.203,concluida,False
U0096,S005309,2026-04-07,2026-04-01,85,28.343,concluida,False
U0096,S005311,2026-04-07,2026-04-01,91,26.75,concluida,False
U0096,S005314,2026-04-14,2026-04-01,37,11.326,concluida,False
U0096,S005308,2026-04-17,2026-04-01,186,52.225,concluida,False
U0096,S005307,2026-04-20,2026-04-01,41,11.415,concluida,False
U0096,S005315,2026-04-20,2026-04-01,223,74.71,concluida,False
U0096,S005310,2026-04-22,2026-04-01,97,29.835,concluida,False
U0096,S005312,2026-04-24,2026-04-01,108,30.566,concluida,False
U0096,S005313,2026-04-30,2026-04-01,78,24.413,concluida,False
U0096,S005325,2026-05-03,2026-05-01,208,63.756,concluida,False
U0096,S005318,2026-05-05,2026-05-01,152,51.369,concluida,False
U0096,S005323,2026-05-13,2026-05-01,80,23.729,concluida,False
U0096,S005327,2026-05-14,2026-05-01,110,37.222,concluida,False
U0096,S005324,2026-05-16,2026-05-01,156,49.165,concluida,False
U0096,S005322,2026-05-16,2026-05-01,83,24.379,concluida,False
U0096,S005328,2026-05-19,2026-05-01,31,9.718,concluida,False
U0096,S005317,2026-05-21,2026-05-01,10,11.857,concluida,True
U0096,S005319,2026-05-22,2026-05-01,122,34.751,concluida,False
U0096,S005321,2026-05-23,2026-05-01,74,21.115,concluida,False
U0096,S005326,2026-05-26,2026-05-01,75,22.518,concluida,False
U0096,S005320,2026-05-27,2026-05-01,154,48.189,concluida,False
U0096,S005342,2026-06-03,2026-06-01,207,63.207,concluida,False
U0096,S005330,2026-06-04,2026-06-01,214,68.429,concluida,False
U0096,S005344,2026-06-05,2026-06-01,10,9.307,concluida,True
U0096,S005337,2026-06-05,2026-06-01,48,13.666,concluida,False
U0096,S005332,2026-06-06,2026-06-01,79,24.353,concluida,False
U0096,S005333,2026-06-09,2026-06-01,47,16.013,concluida,False
U0096,S005331,2026-06-14,2026-06-01,27,9.241,concluida,False
U0096,S005340,2026-06-15,2026-06-01,144,49.355,concluida,False
U0096,S005335,2026-06-20,2026-06-01,113,34.571,concluida,False
U0096,S005341,2026-06-22,2026-06-01,78,26.074,concluida,False
U0096,S005338,2026-06-26,2026-06-01,207,57.353,concluida,False
U0096,S005334,2026-06-27,2026-06-01,25,8.418,concluida,False
U0096,S005343,2026-06-28,2026-06-01,139,41.815,concluida,False
U0096,S005339,2026-06-28,2026-06-01,74,25.602,concluida,False
U0096,S005329,2026-06-29,2026-06-01,105,34.715,concluida,False
U0096,S005336,2026-06-30,2026-06-01,127,35.576,concluida,False
U0096,S005349,2026-07-11,2026-07-01,10,2.806,concluida,False
U0096,S005351,2026-07-13,2026-07-01,53,18.16,concluida,False
U0096,S005347,2026-07-13,2026-07-01,54,16.25,concluida,False
U0096,S005350,2026-07-14,2026-07-01,33,9.175,concluida,False
U0096,S005353,2026-07-15,2026-07-01,48,13.327,concluida,False
U0096,S005348,2026-07-17,2026-07-01,143,39.626,concluida,False
U0096,S005345,2026-07-18,2026-07-01,70,23.346,concluida,False
U0096,S005352,2026-07-18,2026-07-01,59,20.078,concluida,False
U0096,S005346,2026-07-23,2026-07-01,160,47.506,concluida,False
U0096,S005354,2026-07-27,2026-07-01,64,18.386,concluida,False
U0096,S005366,2026-08-02,2026-08-01,76,22.742,concluida,False
U0096,S005360,2026-08-05,2026-08-01,115,35.891,concluida,False
U0096,S005357,2026-08-05,2026-08-01,57,17.525,concluida,False
U0096,S005358,2026-08-05,2026-08-01,81,27.887,concluida,False
U0096,S005362,2026-08-06,2026-08-01,16,5.03,concluida,False
U0096,S005356,2026-08-07,2026-08-01,94,28.832,concluida,False
U0096,S005364,2026-08-16,2026-08-01,59,17.705,concluida,False
U0096,S005359,2026-08-16,2026-08-01,49,15.377,concluida,False
U0096,S005355,2026-08-26,2026-08-01,38,12.553,concluida,False
U0096,S005363,2026-08-27,2026-08-01,126,41.621,concluida,False
U0096,S005361,2026-08-27,2026-08-01,57,17.504,concluida,False
U0096,S005365,2026-08-28,2026-08-01,119,40.155,concluida,False
U0097,S005367,2026-03-02,2026-03-01,48,15.931,concluida,False
U0097,S005368,2026-03-06,2026-03-01,36,10.809,concluida,False
U0097,S005372,2026-03-10,2026-03-01,21,5.935,concluida,False
U0097,S005369,2026-03-10,2026-03-01,102,29.271,concluida,False
U0097,S005370,2026-03-11,2026-03-01,272,81.537,concluida,False
U0097,S005378,2026-03-12,2026-03-01,39,12.056,concluida,False
U0097,S005373,2026-03-12,2026-03-01,82,26.06,concluida,False
U0097,S005375,2026-03-13,2026-03-01,172,47.428,concluida,False
U0097,S005371,2026-03-19,2026-03-01,24,7.392,concluida,False
U0097,S005377,2026-03-20,2026-03-01,165,46.229,concluida,False
U0097,S005376,2026-03-24,2026-03-01,99,30.356,concluida,False
U0097,S005374,2026-03-28,2026-03-01,95,29.331,concluida,False
U0097,S005387,2026-04-01,2026-04-01,170,54.677,concluida,False
U0097,S005385,2026-04-02,2026-04-01,25,8.11,concluida,False
U0097,S005388,2026-04-03,2026-04-01,82,28.118,concluida,False
U0097,S005383,2026-04-03,2026-04-01,140,46.295,concluida,False
U0097,S005392,2026-04-05,2026-04-01,80,26.166,concluida,False
U0097,S005380,2026-04-06,2026-04-01,64,18.889,concluida,False
U0097,S005386,2026-04-07,2026-04-01,95,28.077,concluida,False
U0097,S005381,2026-04-07,2026-04-01,134,37.687,concluida,False
U0097,S005390,2026-04-11,2026-04-01,93,27.916,concluida,False
U0097,S005384,2026-04-14,2026-04-01,71,22.777,concluida,False
U0097,S005389,2026-04-15,2026-04-01,119,40.723,concluida,False
U0097,S005382,2026-04-19,2026-04-01,82,22.724,concluida,False
U0097,S005391,2026-04-29,2026-04-01,218,65.133,concluida,False
U0097,S005379,2026-04-29,2026-04-01,37,10.824,concluida,False
U0097,S005393,2026-04-29,2026-04-01,157,54.194,concluida,False
U0097,S005399,2026-05-02,2026-05-01,88,29.407,concluida,False
U0097,S005408,2026-05-03,2026-05-01,50,16.685,concluida,False
U0097,S005405,2026-05-03,2026-05-01,151,50.353,concluida,False
U0097,S005395,2026-05-05,2026-05-01,30,10.303,concluida,False
U0097,S005402,2026-05-06,2026-05-01,68,23.373,concluida,False
U0097,S005410,2026-05-07,2026-05-01,127,37.743,concluida,False
U0097,S005404,2026-05-08,2026-05-01,198,63.801,concluida,False
U0097,S005409,2026-05-10,2026-05-01,157,43.269,concluida,False
U0097,S005406,2026-05-12,2026-05-01,105,35.269,concluida,False
U0097,S005400,2026-05-15,2026-05-01,101,27.966,concluida,False
U0097,S005413,2026-05-16,2026-05-01,38,11.259,concluida,False
U0097,S005398,2026-05-16,2026-05-01,311,101.73,concluida,False
U0097,S005407,2026-05-19,2026-05-01,39,11.167,interrompida,False
U0097,S005397,2026-05-20,2026-05-01,176,57.561,concluida,False
U0097,S005412,2026-05-23,2026-05-01,42,14.299,concluida,False
U0097,S005396,2026-05-25,2026-05-01,133,37.3,concluida,False
U0097,S005411,2026-05-26,2026-05-01,181,59.2,concluida,False
U0097,S005403,2026-05-29,2026-05-01,87,23.986,concluida,False
U0097,S005394,2026-05-31,2026-05-01,94,30.604,concluida,False
U0097,S005401,2026-05-31,2026-05-01,113,32.637,concluida,False
U0097,S005425,2026-06-01,2026-06-01,213,72.435,concluida,False
U0097,S005415,2026-06-02,2026-06-01,301,89.176,concluida,False
U0097,S005418,2026-06-04,2026-06-01,117,37.085,concluida,False
U0097,S005420,2026-06-04,2026-06-01,88,30.389,concluida,False
U0097,S005424,2026-06-11,2026-06-01,87,29.455,concluida,False
U0097,S005421,2026-06-16,2026-06-01,269,93.538,concluida,False
U0097,S005419,2026-06-17,2026-06-01,66,18.489,concluida,False
U0097,S005417,2026-06-19,2026-06-01,32,10.39,concluida,False
U0097,S005423,2026-06-20,2026-06-01,84,28.569,concluida,False
U0097,S005416,2026-06-20,2026-06-01,50,17.236,concluida,False
U0097,S005414,2026-06-20,2026-06-01,98,33.295,concluida,False
U0097,S005422,2026-06-30,2026-06-01,40,11.25,concluida,False
U0097,S005430,2026-07-01,2026-07-01,30,8.681,concluida,False
U0097,S005431,2026-07-03,2026-07-01,101,34.977,concluida,False
U0097,S005429,2026-07-08,2026-07-01,163,54.693,concluida,False
U0097,S005432,2026-07-11,2026-07-01,151,51.367,concluida,False
U0097,S005426,2026-07-14,2026-07-01,40,13.811,concluida,False
U0097,S005428,2026-07-25,2026-07-01,205,58.683,concluida,False
U0097,S005427,2026-07-25,2026-07-01,225,67.567,concluida,False
U0097,S005437,2026-08-02,2026-08-01,126,39.207,concluida,False
U0097,S005449,2026-08-05,2026-08-01,41,13.147,interrompida,False
U0097,S005443,2026-08-06,2026-08-01,32,10.031,concluida,False
U0097,S005442,2026-08-08,2026-08-01,55,16.476,concluida,False
U0097,S005441,2026-08-10,2026-08-01,128,41.732,concluida,False
U0097,S005450,2026-08-12,2026-08-01,264,78.625,concluida,False
U0097,S005434,2026-08-14,2026-08-01,9,3.331,interrompida,False
U0097,S005439,2026-08-18,2026-08-01,105,30.399,concluida,False
U0097,S005448,2026-08-18,2026-08-01,123,38.236,concluida,False
U0097,S005444,2026-08-22,2026-08-01,158,49.827,concluida,False
U0097,S005433,2026-08-25,2026-08-01,43,13.633,concluida,False
U0097,S005447,2026-08-25,2026-08-01,39,11.398,concluida,False
U0097,S005438,2026-08-26,2026-08-01,31,9.844,concluida,False
U0097,S005446,2026-08-26,2026-08-01,142,49.087,concluida,False
U0097,S005440,2026-08-26,2026-08-01,96,29.26,concluida,False
U0097,S005445,2026-08-28,2026-08-01,29,8.425,concluida,False
U0097,S005436,2026-08-28,2026-08-01,115,32.78,concluida,False
U0097,S005435,2026-08-30,2026-08-01,95,32.135,concluida,False
U0098,S005452,2026-03-05,2026-03-01,58,8.826,concluida,False
U0098,S005454,2026-03-17,2026-03-01,101,14.298,concluida,False
U0098,S005453,2026-03-19,2026-03-01,15,2.344,interrompida,False
U0098,S005451,2026-03-31,2026-03-01,91,13.399,concluida,False
U0098,S005458,2026-05-13,2026-05-01,28,4.618,concluida,False
U0098,S005459,2026-05-13,2026-05-01,62,10.593,concluida,False
U0098,S005456,2026-05-14,2026-05-01,42,6.362,concluida,False
U0098,S005455,2026-05-23,2026-05-01,79,12.923,concluida,False
U0098,S005457,2026-05-28,2026-05-01,98,16.628,concluida,False
U0098,S005465,2026-06-05,2026-06-01,312,51.771,concluida,False
U0098,S005464,2026-06-08,2026-06-01,45,7.592,concluida,False
U0098,S005461,2026-06-16,2026-06-01,248,34.914,concluida,False
U0098,S005460,2026-06-17,2026-06-01,134,19.68,concluida,False
U0098,S005466,2026-06-26,2026-06-01,195,30.184,concluida,False
U0098,S005463,2026-06-28,2026-06-01,157,23.626,concluida,False
U0098,S005462,2026-06-29,2026-06-01,195,31.651,concluida,False
U0098,S005469,2026-08-01,2026-08-01,91,14.466,concluida,False
U0098,S005470,2026-08-14,2026-08-01,91,15.578,concluida,False
U0098,S005468,2026-08-22,2026-08-01,81,13.736,concluida,False
U0098,S005467,2026-08-24,2026-08-01,31,5.175,concluida,False
U0099,S005473,2026-04-02,2026-04-01,120,19.541,concluida,False
U0099,S005472,2026-04-18,2026-04-01,83,11.987,concluida,False
U0099,S005474,2026-04-23,2026-04-01,110,17.45,concluida,False
U0099,S005471,2026-04-28,2026-04-01,223,36.825,concluida,False
U0099,S005476,2026-05-05,2026-05-01,109,15.325,concluida,False
U0099,S005475,2026-05-09,2026-05-01,80,12.798,concluida,False
U0099,S005477,2026-05-28,2026-05-01,65,9.248,concluida,False
U0099,S005483,2026-06-02,2026-06-01,74,11.382,concluida,False
U0099,S005490,2026-06-02,2026-06-01,86,12.262,concluida,False
U0099,S005484,2026-06-05,2026-06-01,69,11.289,concluida,False
U0099,S005482,2026-06-09,2026-06-01,175,28.761,concluida,False
U0099,S005487,2026-06-11,2026-06-01,107,16.088,concluida,False
U0099,S005485,2026-06-13,2026-06-01,68,11.189,concluida,False
U0099,S005478,2026-06-14,2026-06-01,89,14.66,concluida,False
U0099,S005486,2026-06-18,2026-06-01,27,3.801,concluida,False
U0099,S005479,2026-06-21,2026-06-01,131,18.996,concluida,False
U0099,S005488,2026-06-21,2026-06-01,133,20.645,concluida,False
U0099,S005480,2026-06-23,2026-06-01,108,16.113,concluida,False
U0099,S005481,2026-06-27,2026-06-01,71,11.615,concluida,False
U0099,S005489,2026-06-28,2026-06-01,83,13.416,concluida,False
U0099,S005493,2026-07-03,2026-07-01,60,9.942,interrompida,False
U0099,S005494,2026-07-04,2026-07-01,79,11.734,concluida,False
U0099,S005491,2026-07-04,2026-07-01,424,59.587,concluida,False
U0099,S005496,2026-07-12,2026-07-01,62,9.215,concluida,False
U0099,S005492,2026-07-27,2026-07-01,170,28.769,concluida,False
U0099,S005495,2026-07-31,2026-07-01,71,12.364,concluida,False
U0099,S005501,2026-08-06,2026-08-01,67,11.501,concluida,False
U0099,S005505,2026-08-15,2026-08-01,94,14.338,concluida,False
U0099,S005500,2026-08-16,2026-08-01,62,9.799,concluida,False
U0099,S005499,2026-08-18,2026-08-01,101,16.994,concluida,False
U0099,S005502,2026-08-18,2026-08-01,112,18.5,concluida,False
U0099,S005503,2026-08-20,2026-08-01,87,46.651,concluida,True
U0099,S005498,2026-08-23,2026-08-01,166,24.293,concluida,False
U0099,S005504,2026-08-30,2026-08-01,155,26.107,concluida,False
U0099,S005497,2026-08-31,2026-08-01,150,25.098,concluida,False
U0100,S005516,2026-03-03,2026-03-01,109,34.756,concluida,False
U0100,S005510,2026-03-06,2026-03-01,180,56.083,concluida,False
U0100,S005515,2026-03-13,2026-03-01,209,64.244,concluida,False
U0100,S005517,2026-03-16,2026-03-01,172,54.595,interrompida,False
U0100,S005511,2026-03-19,2026-03-01,60,20.417,concluida,False
U0100,S005512,2026-03-22,2026-03-01,69,22.474,concluida,False
U0100,S005506,2026-03-25,2026-03-01,139,38.419,interrompida,False
U0100,S005508,2026-03-26,2026-03-01,41,12.741,concluida,False
U0100,S005507,2026-03-27,2026-03-01,124,40.913,concluida,False
U0100,S005513,2026-03-28,2026-03-01,20,6.87,concluida,False
U0100,S005514,2026-03-28,2026-03-01,136,45.363,concluida,False
U0100,S005509,2026-03-30,2026-03-01,105,34.304,concluida,False
U0100,S005521,2026-04-01,2026-04-01,31,10.595,concluida,False
U0100,S005519,2026-04-02,2026-04-01,100,28.417,concluida,False
U0100,S005526,2026-04-02,2026-04-01,107,35.691,concluida,False
U0100,S005523,2026-04-08,2026-04-01,78,21.945,concluida,False
U0100,S005524,2026-04-09,2026-04-01,109,33.17,concluida,False
U0100,S005520,2026-04-12,2026-04-01,53,18.279,concluida,False
U0100,S005528,2026-04-16,2026-04-01,136,39.699,concluida,False
U0100,S005529,2026-04-23,2026-04-01,155,44.436,concluida,False
U0100,S005525,2026-04-23,2026-04-01,231,66.915,concluida,False
U0100,S005527,2026-04-24,2026-04-01,120,39.75,concluida,False
U0100,S005522,2026-04-25,2026-04-01,99,33.178,concluida,False
U0100,S005518,2026-04-25,2026-04-01,148,41.362,concluida,False
U0100,S005532,2026-05-01,2026-05-01,131,42.682,concluida,False
U0100,S005531,2026-05-02,2026-05-01,62,20.732,concluida,False
U0100,S005536,2026-05-12,2026-05-01,79,24.546,concluida,False
U0100,S005537,2026-05-15,2026-05-01,48,14.748,concluida,False
U0100,S005530,2026-05-16,2026-05-01,154,44.346,concluida,False
U0100,S005535,2026-05-18,2026-05-01,15,4.529,concluida,False
U0100,S005538,2026-05-25,2026-05-01,63,20.499,concluida,False
U0100,S005534,2026-05-29,2026-05-01,59,17.076,concluida,False
U0100,S005533,2026-05-30,2026-05-01,48,37.246,concluida,True
U0100,S005541,2026-06-04,2026-06-01,114,35.442,concluida,False
U0100,S005545,2026-06-17,2026-06-01,66,19.183,concluida,False
U0100,S005544,2026-06-17,2026-06-01,206,62.129,concluida,False
U0100,S005539,2026-06-18,2026-06-01,76,25.881,concluida,False
U0100,S005542,2026-06-20,2026-06-01,49,14.04,concluida,False
U0100,S005548,2026-06-20,2026-06-01,388,117.345,concluida,False
U0100,S005546,2026-06-20,2026-06-01,221,70.616,concluida,False
U0100,S005543,2026-06-21,2026-06-01,119,36.655,concluida,False
U0100,S005547,2026-06-22,2026-06-01,117,32.864,concluida,False
U0100,S005540,2026-06-28,2026-06-01,158,47.581,concluida,False
U0100,S005555,2026-07-06,2026-07-01,55,15.541,concluida,False
U0100,S005553,2026-07-08,2026-07-01,153,48.353,concluida,False
U0100,S005554,2026-07-08,2026-07-01,170,50.926,concluida,False
U0100,S005550,2026-07-13,2026-07-01,69,21.173,concluida,False
U0100,S005552,2026-07-16,2026-07-01,112,34.669,concluida,False
U0100,S005551,2026-07-21,2026-07-01,67,22.196,concluida,False
U0100,S005549,2026-07-25,2026-07-01,108,35.093,concluida,False
U0100,S005556,2026-07-30,2026-07-01,72,22.133,concluida,False
U0100,S005560,2026-08-05,2026-08-01,59,20.227,interrompida,False
U0100,S005563,2026-08-06,2026-08-01,43,12.47,concluida,False
U0100,S005559,2026-08-07,2026-08-01,70,21.662,concluida,False
U0100,S005558,2026-08-11,2026-08-01,201,66.243,concluida,False
U0100,S005562,2026-08-12,2026-08-01,85,25.809,concluida,False
U0100,S005557,2026-08-20,2026-08-01,41,14.032,concluida,False
U0100,S005564,2026-08-20,2026-08-01,75,22.968,concluida,False
U0100,S005561,2026-08-31,2026-08-01,82,24.836,concluida,False
U0101,S005569,2026-03-03,2026-03-01,121,42.075,concluida,False
U0101,S005575,2026-03-05,2026-03-01,30,10.499,interrompida,False
U0101,S005567,2026-03-10,2026-03-01,130,42.952,concluida,False
U0101,S005577,2026-03-15,2026-03-01,102,32.489,concluida,False
U0101,S005576,2026-03-18,2026-03-01,52,15.987,concluida,False
U0101,S005565,2026-03-20,2026-03-01,170,50.519,concluida,False
U0101,S005570,2026-03-20,2026-03-01,74,23.04,concluida,False
U0101,S005571,2026-03-21,2026-03-01,165,46.675,concluida,False
U0101,S005568,2026-03-22,2026-03-01,28,8.756,concluida,False
U0101,S005572,2026-03-23,2026-03-01,113,34.543,concluida,False
U0101,S005566,2026-03-24,2026-03-01,152,44.117,concluida,False
U0101,S005574,2026-03-25,2026-03-01,69,23.439,concluida,False
U0101,S005573,2026-03-30,2026-03-01,47,15.657,concluida,False
U0101,S005586,2026-04-01,2026-04-01,61,18.115,concluida,False
U0101,S005580,2026-04-02,2026-04-01,167,48.861,concluida,False
U0101,S005583,2026-04-06,2026-04-01,104,30.024,concluida,False
U0101,S005585,2026-04-07,2026-04-01,27,9.143,concluida,False
U0101,S005587,2026-04-09,2026-04-01,165,48.717,concluida,False
U0101,S005581,2026-04-09,2026-04-01,275,91.803,concluida,False
U0101,S005578,2026-04-09,2026-04-01,202,67.627,concluida,False
U0101,S005582,2026-04-10,2026-04-01,75,25.437,concluida,False
U0101,S005579,2026-04-17,2026-04-01,186,59.593,concluida,False
U0101,S005588,2026-04-22,2026-04-01,107,36.341,concluida,False
U0101,S005584,2026-04-27,2026-04-01,51,15.911,concluida,False
U0101,S005589,2026-05-02,2026-05-01,175,51.176,concluida,False
U0101,S005592,2026-05-04,2026-05-01,76,23.804,concluida,False
U0101,S005590,2026-05-12,2026-05-01,123,40.939,concluida,False
U0101,S005595,2026-05-19,2026-05-01,97,32.262,concluida,False
U0101,S005591,2026-05-21,2026-05-01,140,47.77,concluida,False
U0101,S005594,2026-05-27,2026-05-01,95,112.744,concluida,True
U0101,S005593,2026-05-28,2026-05-01,122,37.272,concluida,False
U0101,S005596,2026-07-03,2026-07-01,78,26.344,concluida,False
U0101,S005602,2026-07-16,2026-07-01,146,45.892,concluida,False
U0101,S005601,2026-07-18,2026-07-01,40,11.239,concluida,False
U0101,S005598,2026-07-20,2026-07-01,123,39.305,concluida,False
U0101,S005599,2026-07-21,2026-07-01,19,6.382,interrompida,False
U0101,S005600,2026-07-22,2026-07-01,63,20.742,concluida,False
U0101,S005597,2026-07-31,2026-07-01,92,25.925,concluida,False
U0101,S005604,2026-08-01,2026-08-01,66,22.595,concluida,False
U0101,S005607,2026-08-02,2026-08-01,106,29.555,concluida,False
U0101,S005610,2026-08-03,2026-08-01,80,27.386,concluida,False
U0101,S005605,2026-08-05,2026-08-01,45,13.101,concluida,False
U0101,S005609,2026-08-05,2026-08-01,95,29.253,concluida,False
U0101,S005606,2026-08-09,2026-08-01,100,30.089,concluida,False
U0101,S005612,2026-08-19,2026-08-01,172,51.974,concluida,False
U0101,S005603,2026-08-23,2026-08-01,77,25.417,concluida,False
U0101,S005611,2026-08-26,2026-08-01,33,9.473,interrompida,False
U0101,S005608,2026-08-30,2026-08-01,159,49.219,concluida,False
U0102,S005618,2026-03-04,2026-03-01,123,12.241,concluida,False
U0102,S005613,2026-03-04,2026-03-01,47,4.99,concluida,False
U0102,S005616,2026-03-06,2026-03-01,126,12.765,concluida,False
U0102,S005617,2026-03-19,2026-03-01,96,11.047,concluida,False
U0102,S005615,2026-03-28,2026-03-01,109,11.735,concluida,False
U0102,S005619,2026-03-28,2026-03-01,55,6.283,concluida,False
U0102,S005620,2026-03-28,2026-03-01,67,6.277,concluida,False
U0102,S005614,2026-03-29,2026-03-01,66,7.191,concluida,False
U0102,S005626,2026-04-01,2026-04-01,78,7.992,concluida,False
U0102,S005621,2026-04-05,2026-04-01,24,2.249,concluida,False
U0102,S005625,2026-04-09,2026-04-01,197,20.963,concluida,False
U0102,S005623,2026-04-09,2026-04-01,86,9.54,concluida,False
U0102,S005622,2026-04-13,2026-04-01,120,11.911,concluida,False
U0102,S005624,2026-04-23,2026-04-01,68,7.128,concluida,False
U0102,S005634,2026-05-02,2026-05-01,98,10.01,concluida,False
U0102,S005630,2026-05-03,2026-05-01,105,34.589,concluida,True
U0102,S005637,2026-05-05,2026-05-01,176,19.782,concluida,False
U0102,S005628,2026-05-14,2026-05-01,74,7.863,concluida,False
U0102,S005627,2026-05-14,2026-05-01,91,8.713,concluida,False
U0102,S005635,2026-05-17,2026-05-01,72,7.372,concluida,False
U0102,S005629,2026-05-19,2026-05-01,63,5.891,concluida,False
U0102,S005633,2026-05-25,2026-05-01,70,7.519,concluida,False
U0102,S005632,2026-05-28,2026-05-01,53,5.784,concluida,False
U0102,S005636,2026-05-29,2026-05-01,64,6.425,concluida,False
U0102,S005631,2026-05-30,2026-05-01,120,14.051,concluida,False
U0102,S005650,2026-06-01,2026-06-01,99,9.366,concluida,False
U0102,S005638,2026-06-05,2026-06-01,85,26.091,concluida,True
U0102,S005639,2026-06-09,2026-06-01,187,21.639,concluida,False
U0102,S005649,2026-06-10,2026-06-01,250,24.046,concluida,False
U0102,S005646,2026-06-11,2026-06-01,93,8.947,concluida,False
U0102,S005643,2026-06-11,2026-06-01,52,5.161,concluida,False
U0102,S005647,2026-06-11,2026-06-01,109,12.146,concluida,False
U0102,S005648,2026-06-12,2026-06-01,76,7.806,concluida,False
U0102,S005640,2026-06-16,2026-06-01,69,6.461,concluida,False
U0102,S005645,2026-06-20,2026-06-01,54,6.165,concluida,False
U0102,S005641,2026-06-24,2026-06-01,103,11.615,concluida,False
U0102,S005644,2026-06-27,2026-06-01,46,4.719,interrompida,False
U0102,S005642,2026-06-27,2026-06-01,168,17.601,concluida,False
U0102,S005655,2026-07-02,2026-07-01,55,5.289,concluida,False
U0102,S005658,2026-07-05,2026-07-01,115,11.519,concluida,False
U0102,S005662,2026-07-07,2026-07-01,58,6.448,concluida,False
U0102,S005656,2026-07-08,2026-07-01,65,6.36,concluida,False
U0102,S005652,2026-07-09,2026-07-01,32,2.984,concluida,False
U0102,S005660,2026-07-12,2026-07-01,23,2.396,concluida,False
U0102,S005657,2026-07-17,2026-07-01,237,25.741,concluida,False
U0102,S005653,2026-07-17,2026-07-01,107,10.598,concluida,False
U0102,S005659,2026-07-17,2026-07-01,71,7.647,concluida,False
U0102,S005661,2026-07-28,2026-07-01,85,8.737,concluida,False
U0102,S005651,2026-07-29,2026-07-01,40,3.923,concluida,False
U0102,S005654,2026-07-29,2026-07-01,42,4.384,concluida,False
U0102,S005669,2026-08-02,2026-08-01,124,12.916,concluida,False
U0102,S005668,2026-08-10,2026-08-01,177,19.458,concluida,False
U0102,S005665,2026-08-11,2026-08-01,251,29.315,concluida,False
U0102,S005667,2026-08-14,2026-08-01,167,19.217,concluida,False
U0102,S005666,2026-08-17,2026-08-01,176,16.97,concluida,False
U0102,S005670,2026-08-23,2026-08-01,43,4.391,concluida,False
U0102,S005663,2026-08-24,2026-08-01,136,13.01,concluida,False
U0102,S005664,2026-08-29,2026-08-01,140,16.3,concluida,False
U0103,S005673,2026-03-01,2026-03-01,12,4.346,interrompida,False
U0103,S005678,2026-03-06,2026-03-01,61,18.708,concluida,False
U0103,S005677,2026-03-08,2026-03-01,191,63.992,concluida,False
U0103,S005675,2026-03-12,2026-03-01,39,12.044,concluida,False
U0103,S005674,2026-03-12,2026-03-01,19,6.048,concluida,False
U0103,S005671,2026-03-13,2026-03-01,78,21.995,concluida,False
U0103,S005676,2026-03-20,2026-03-01,58,18.554,concluida,False
U0103,S005672,2026-03-23,2026-03-01,76,26.142,concluida,False
U0103,S005679,2026-03-25,2026-03-01,281,92.654,concluida,False
U0103,S005683,2026-04-04,2026-04-01,156,49.452,concluida,False
U0103,S005686,2026-04-06,2026-04-01,49,14.298,concluida,False
U0103,S005692,2026-04-06,2026-04-01,62,21.562,concluida,False
U0103,S005690,2026-04-09,2026-04-01,64,19.754,concluida,False
U0103,S005688,2026-04-10,2026-04-01,38,13.074,concluida,False
U0103,S005680,2026-04-12,2026-04-01,72,23.556,concluida,False
U0103,S005691,2026-04-13,2026-04-01,227,62.487,concluida,False
U0103,S005684,2026-04-15,2026-04-01,52,18.028,concluida,False
U0103,S005682,2026-04-17,2026-04-01,72,20.083,concluida,False
U0103,S005685,2026-04-19,2026-04-01,96,26.717,concluida,False
U0103,S005681,2026-04-21,2026-04-01,87,28.606,concluida,False
U0103,S005693,2026-04-26,2026-04-01,139,44.8,concluida,False
U0103,S005689,2026-04-26,2026-04-01,97,30.627,concluida,False
U0103,S005687,2026-04-30,2026-04-01,151,46.386,concluida,False
U0103,S005698,2026-05-02,2026-05-01,145,42.78,concluida,False
U0103,S005702,2026-05-04,2026-05-01,19,6.441,concluida,False
U0103,S005695,2026-05-05,2026-05-01,29,8.531,concluida,False
U0103,S005699,2026-05-07,2026-05-01,71,22.927,concluida,False
U0103,S005697,2026-05-19,2026-05-01,53,17.452,interrompida,False
U0103,S005700,2026-05-19,2026-05-01,35,12.191,concluida,False
U0103,S005696,2026-05-28,2026-05-01,47,16.049,concluida,False
U0103,S005701,2026-05-28,2026-05-01,16,4.908,concluida,False
U0103,S005694,2026-05-28,2026-05-01,245,70.34,concluida,False
U0103,S005714,2026-06-02,2026-06-01,85,23.842,concluida,False
U0103,S005710,2026-06-03,2026-06-01,46,15.462,concluida,False
U0103,S005712,2026-06-06,2026-06-01,77,25.617,concluida,False
U0103,S005708,2026-06-11,2026-06-01,117,36.435,concluida,False
U0103,S005716,2026-06-16,2026-06-01,23,6.589,concluida,False
U0103,S005709,2026-06-16,2026-06-01,60,18.111,concluida,False
U0103,S005715,2026-06-17,2026-06-01,98,29.162,concluida,False
U0103,S005706,2026-06-19,2026-06-01,230,67.602,concluida,False
U0103,S005711,2026-06-19,2026-06-01,123,35.81,concluida,False
U0103,S005713,2026-06-22,2026-06-01,136,42.287,concluida,False
U0103,S005705,2026-06-24,2026-06-01,72,22.859,concluida,False
U0103,S005703,2026-06-25,2026-06-01,112,30.956,concluida,False
U0103,S005704,2026-06-26,2026-06-01,195,57.235,concluida,False
U0103,S005707,2026-06-30,2026-06-01,200,58.059,concluida,False
U0103,S005717,2026-07-01,2026-07-01,39,12.802,concluida,False
U0103,S005725,2026-07-06,2026-07-01,29,8.543,concluida,False
U0103,S005719,2026-07-10,2026-07-01,98,31.469,concluida,False
U0103,S005720,2026-07-11,2026-07-01,144,44.682,concluida,False
U0103,S005721,2026-07-15,2026-07-01,29,9.971,concluida,False
U0103,S005722,2026-07-15,2026-07-01,127,44.032,concluida,False
U0103,S005727,2026-07-20,2026-07-01,40,11.46,concluida,False
U0103,S005724,2026-07-22,2026-07-01,405,113.072,concluida,False
U0103,S005726,2026-07-22,2026-07-01,100,33.021,concluida,False
U0103,S005718,2026-07-25,2026-07-01,21,7.172,concluida,False
U0103,S005723,2026-07-26,2026-07-01,223,73.781,concluida,False
U0103,S005732,2026-08-07,2026-08-01,57,17.769,concluida,False
U0103,S005729,2026-08-07,2026-08-01,104,34.765,concluida,False
U0103,S005739,2026-08-09,2026-08-01,82,25.216,concluida,False
U0103,S005734,2026-08-09,2026-08-01,78,26.505,concluida,False
U0103,S005728,2026-08-10,2026-08-01,84,26.91,concluida,False
U0103,S005738,2026-08-15,2026-08-01,19,5.334,concluida,False
U0103,S005735,2026-08-16,2026-08-01,50,16.829,concluida,False
U0103,S005741,2026-08-20,2026-08-01,52,14.321,concluida,False
U0103,S005736,2026-08-20,2026-08-01,66,22.063,concluida,False
U0103,S005737,2026-08-21,2026-08-01,104,31.553,concluida,False
U0103,S005740,2026-08-23,2026-08-01,47,13.602,interrompida,False
U0103,S005731,2026-08-25,2026-08-01,154,42.745,concluida,False
U0103,S005730,2026-08-27,2026-08-01,76,23.263,concluida,False
U0103,S005733,2026-08-27,2026-08-01,64,22.053,concluida,False
U0104,S005748,2026-03-07,2026-03-01,112,38.747,concluida,False
U0104,S005746,2026-03-08,2026-03-01,148,47.221,concluida,False
U0104,S005743,2026-03-08,2026-03-01,116,38.746,concluida,False
U0104,S005742,2026-03-11,2026-03-01,116,33.831,concluida,False
U0104,S005751,2026-03-14,2026-03-01,109,34.104,concluida,False
U0104,S005747,2026-03-23,2026-03-01,183,54.038,concluida,False
U0104,S005745,2026-03-24,2026-03-01,63,19.043,concluida,False
U0104,S005749,2026-03-24,2026-03-01,211,64.003,concluida,False
U0104,S005744,2026-03-25,2026-03-01,47,14.734,concluida,False
U0104,S005750,2026-03-27,2026-03-01,155,46.197,concluida,False
U0104,S005759,2026-04-04,2026-04-01,115,34.147,concluida,False
U0104,S005752,2026-04-07,2026-04-01,72,21.338,concluida,False
U0104,S005755,2026-04-07,2026-04-01,134,44.552,concluida,False
U0104,S005753,2026-04-09,2026-04-01,170,59.01,concluida,False
U0104,S005764,2026-04-14,2026-04-01,72,20.781,concluida,False
U0104,S005758,2026-04-14,2026-04-01,227,70.464,concluida,False
U0104,S005762,2026-04-15,2026-04-01,93,30.044,concluida,False
U0104,S005760,2026-04-16,2026-04-01,114,36.649,concluida,False
U0104,S005756,2026-04-20,2026-04-01,103,34.236,concluida,False
U0104,S005754,2026-04-24,2026-04-01,126,36.938,concluida,False
U0104,S005757,2026-04-27,2026-04-01,52,14.566,concluida,False
U0104,S005761,2026-04-28,2026-04-01,44,12.17,concluida,False
U0104,S005763,2026-04-28,2026-04-01,122,33.755,concluida,False
U0104,S005773,2026-05-02,2026-05-01,34,9.439,concluida,False
U0104,S005778,2026-05-07,2026-05-01,111,37.581,concluida,False
U0104,S005775,2026-05-08,2026-05-01,83,25.975,concluida,False
U0104,S005765,2026-05-11,2026-05-01,95,31.393,concluida,False
U0104,S005768,2026-05-12,2026-05-01,226,72.833,concluida,False
U0104,S005774,2026-05-15,2026-05-01,28,9.2,concluida,False
U0104,S005771,2026-05-16,2026-05-01,72,20.149,concluida,False
U0104,S005769,2026-05-23,2026-05-01,126,43.576,concluida,False
U0104,S005772,2026-05-28,2026-05-01,118,35.594,concluida,False
U0104,S005767,2026-05-28,2026-05-01,67,21.226,concluida,False
U0104,S005777,2026-05-29,2026-05-01,67,21.472,concluida,False
U0104,S005776,2026-05-30,2026-05-01,43,12.861,concluida,False
U0104,S005770,2026-05-30,2026-05-01,41,12.616,concluida,False
U0104,S005766,2026-05-31,2026-05-01,101,32.217,concluida,False
U0104,S005788,2026-06-01,2026-06-01,143,45.588,concluida,False
U0104,S005782,2026-06-01,2026-06-01,163,56.729,concluida,False
U0104,S005784,2026-06-04,2026-06-01,113,34.071,concluida,False
U0104,S005786,2026-06-07,2026-06-01,28,7.744,concluida,False
U0104,S005787,2026-06-12,2026-06-01,40,13.829,concluida,False
U0104,S005783,2026-06-14,2026-06-01,110,37.064,concluida,False
U0104,S005780,2026-06-24,2026-06-01,106,33.057,concluida,False
U0104,S005779,2026-06-26,2026-06-01,100,29.302,concluida,False
U0104,S005785,2026-06-29,2026-06-01,14,4.473,concluida,False
U0104,S005781,2026-06-29,2026-06-01,100,31.539,concluida,False
U0104,S005791,2026-07-01,2026-07-01,116,34.386,concluida,False
U0104,S005790,2026-07-05,2026-07-01,45,15.591,concluida,False
U0104,S005797,2026-07-09,2026-07-01,94,30.79,concluida,False
U0104,S005798,2026-07-12,2026-07-01,101,28.402,concluida,False
U0104,S005795,2026-07-17,2026-07-01,99,32.371,concluida,False
U0104,S005800,2026-07-19,2026-07-01,72,24.383,concluida,False
U0104,S005794,2026-07-19,2026-07-01,131,44.768,concluida,False
U0104,S005792,2026-07-23,2026-07-01,142,46.944,concluida,False
U0104,S005799,2026-07-25,2026-07-01,65,22.024,concluida,False
U0104,S005796,2026-07-25,2026-07-01,70,21.742,concluida,False
U0104,S005793,2026-07-26,2026-07-01,38,10.605,concluida,False
U0104,S005789,2026-07-26,2026-07-01,84,27.305,concluida,False
U0104,S005808,2026-08-01,2026-08-01,122,41.895,concluida,False
U0104,S005805,2026-08-01,2026-08-01,161,52.641,concluida,False
U0104,S005804,2026-08-09,2026-08-01,53,16.525,concluida,False
U0104,S005802,2026-08-11,2026-08-01,120,35.978,concluida,False
U0104,S005803,2026-08-19,2026-08-01,108,35.465,concluida,False
U0104,S005807,2026-08-21,2026-08-01,133,39.385,concluida,False
U0104,S005801,2026-08-21,2026-08-01,94,30.576,concluida,False
U0104,S005809,2026-08-26,2026-08-01,122,38.93,concluida,False
U0104,S005810,2026-08-28,2026-08-01,88,27.48,concluida,False
U0104,S005806,2026-08-29,2026-08-01,28,9.436,concluida,False
U0105,S005819,2026-03-04,2026-03-01,54,5.434,concluida,False
U0105,S005814,2026-03-05,2026-03-01,47,4.682,concluida,False
U0105,S005813,2026-03-12,2026-03-01,129,14.731,concluida,False
U0105,S005821,2026-03-13,2026-03-01,210,20.067,concluida,False
U0105,S005818,2026-03-14,2026-03-01,72,7.011,concluida,False
U0105,S005817,2026-03-15,2026-03-01,139,13.767,concluida,False
U0105,S005815,2026-03-20,2026-03-01,17,1.848,interrompida,False
U0105,S005812,2026-03-21,2026-03-01,117,13.517,concluida,False
U0105,S005811,2026-03-22,2026-03-01,181,18.737,concluida,False
U0105,S005816,2026-03-29,2026-03-01,103,11.052,concluida,False
U0105,S005820,2026-03-30,2026-03-01,23,2.568,concluida,False
U0105,S005825,2026-04-12,2026-04-01,80,8.497,concluida,False
U0105,S005827,2026-04-14,2026-04-01,106,12.305,concluida,False
U0105,S005824,2026-04-16,2026-04-01,185,21.351,concluida,False
U0105,S005822,2026-04-22,2026-04-01,172,17.596,concluida,False
U0105,S005828,2026-04-23,2026-04-01,64,7.127,concluida,False
U0105,S005823,2026-04-27,2026-04-01,89,10.315,concluida,False
U0105,S005826,2026-04-29,2026-04-01,210,21.308,concluida,False
U0105,S005832,2026-05-03,2026-05-01,31,3.417,concluida,False
U0105,S005831,2026-05-03,2026-05-01,80,9.197,concluida,False
U0105,S005830,2026-05-17,2026-05-01,209,23.246,concluida,False
U0105,S005833,2026-05-18,2026-05-01,260,29.74,concluida,False
U0105,S005829,2026-05-25,2026-05-01,210,20.987,concluida,False
U0105,S005834,2026-05-28,2026-05-01,59,6.43,concluida,False
U0105,S005845,2026-06-05,2026-06-01,25,2.816,concluida,False
U0105,S005837,2026-06-06,2026-06-01,62,6.269,interrompida,False
U0105,S005839,2026-06-06,2026-06-01,74,6.849,concluida,False
U0105,S005844,2026-06-10,2026-06-01,50,5.541,concluida,False
U0105,S005846,2026-06-15,2026-06-01,30,3.189,concluida,False
U0105,S005840,2026-06-17,2026-06-01,49,5.673,concluida,False
U0105,S005841,2026-06-17,2026-06-01,41,4.079,concluida,False
U0105,S005836,2026-06-20,2026-06-01,260,24.645,concluida,False
U0105,S005835,2026-06-21,2026-06-01,47,4.376,concluida,False
U0105,S005838,2026-06-23,2026-06-01,234,27.073,concluida,False
U0105,S005843,2026-06-24,2026-06-01,124,13.133,concluida,False
U0105,S005842,2026-06-25,2026-06-01,200,20.633,concluida,False
U0105,S005851,2026-07-08,2026-07-01,117,13.161,concluida,False
U0105,S005857,2026-07-09,2026-07-01,174,18.499,concluida,False
U0105,S005854,2026-07-09,2026-07-01,126,14.624,concluida,False
U0105,S005850,2026-07-10,2026-07-01,36,4.173,concluida,False
U0105,S005859,2026-07-13,2026-07-01,26,2.862,concluida,False
U0105,S005847,2026-07-14,2026-07-01,90,9.307,concluida,False
U0105,S005858,2026-07-15,2026-07-01,41,4.026,concluida,False
U0105,S005856,2026-07-19,2026-07-01,34,3.808,concluida,False
U0105,S005849,2026-07-20,2026-07-01,57,5.51,concluida,False
U0105,S005852,2026-07-21,2026-07-01,28,2.725,concluida,False
U0105,S005848,2026-07-22,2026-07-01,155,16.439,concluida,False
U0105,S005853,2026-07-26,2026-07-01,41,4.4,interrompida,False
U0105,S005855,2026-07-31,2026-07-01,83,7.927,concluida,False
U0105,S005860,2026-08-16,2026-08-01,56,5.518,concluida,False
U0105,S005861,2026-08-19,2026-08-01,249,27.249,concluida,False
U0105,S005862,2026-08-22,2026-08-01,74,8.035,concluida,False
U0105,S005863,2026-08-27,2026-08-01,104,10.801,concluida,False
U0105,S005864,2026-08-29,2026-08-01,93,9.376,concluida,False
U0106,S005867,2026-03-04,2026-03-01,78,26.953,concluida,False
U0106,S005868,2026-03-06,2026-03-01,10,2.795,concluida,False
U0106,S005872,2026-03-08,2026-03-01,39,11.63,concluida,False
U0106,S005870,2026-03-08,2026-03-01,141,39.631,concluida,False
U0106,S005869,2026-03-15,2026-03-01,65,20.048,concluida,False
U0106,S005865,2026-03-21,2026-03-01,68,20.002,concluida,False
U0106,S005871,2026-03-22,2026-03-01,87,24.063,concluida,False
U0106,S005866,2026-03-31,2026-03-01,46,15.738,concluida,False
U0106,S005882,2026-04-02,2026-04-01,49,17.194,interrompida,False
U0106,S005883,2026-04-04,2026-04-01,56,15.565,concluida,False
U0106,S005881,2026-04-04,2026-04-01,18,6.008,concluida,False
U0106,S005876,2026-04-07,2026-04-01,192,54.149,concluida,False
U0106,S005873,2026-04-07,2026-04-01,141,40.694,concluida,False
U0106,S005885,2026-04-10,2026-04-01,38,12.689,concluida,False
U0106,S005878,2026-04-12,2026-04-01,31,10.571,concluida,False
U0106,S005888,2026-04-14,2026-04-01,216,64.966,concluida,False
U0106,S005886,2026-04-15,2026-04-01,105,36.316,concluida,False
U0106,S005879,2026-04-19,2026-04-01,54,17.886,concluida,False
U0106,S005887,2026-04-20,2026-04-01,169,51.971,concluida,False
U0106,S005875,2026-04-22,2026-04-01,63,20.521,concluida,False
U0106,S005877,2026-04-24,2026-04-01,20,6.463,interrompida,False
U0106,S005880,2026-04-28,2026-04-01,52,16.104,concluida,False
U0106,S005884,2026-04-29,2026-04-01,71,24.619,concluida,False
U0106,S005874,2026-04-29,2026-04-01,83,25.325,concluida,False
U0106,S005892,2026-05-05,2026-05-01,104,134.449,concluida,True
U0106,S005890,2026-05-09,2026-05-01,98,29.292,concluida,False
U0106,S005896,2026-05-12,2026-05-01,77,25.668,concluida,False
U0106,S005895,2026-05-15,2026-05-01,91,29.617,concluida,False
U0106,S005893,2026-05-18,2026-05-01,14,3.893,concluida,False
U0106,S005894,2026-05-25,2026-05-01,212,73.403,concluida,False
U0106,S005889,2026-05-29,2026-05-01,100,34.599,concluida,False
U0106,S005891,2026-05-29,2026-05-01,114,36.988,concluida,False
U0106,S005897,2026-06-01,2026-06-01,68,23.014,concluida,False
U0106,S005900,2026-06-02,2026-06-01,97,28.606,concluida,False
U0106,S005904,2026-06-02,2026-06-01,11,3.204,concluida,False
U0106,S005898,2026-06-03,2026-06-01,63,21.347,concluida,False
U0106,S005905,2026-06-08,2026-06-01,21,6.088,concluida,False
U0106,S005903,2026-06-11,2026-06-01,43,12.786,concluida,False
U0106,S005899,2026-06-19,2026-06-01,216,62.383,concluida,False
U0106,S005901,2026-06-21,2026-06-01,198,64.383,concluida,False
U0106,S005902,2026-06-24,2026-06-01,46,13.677,concluida,False
U0106,S005908,2026-07-02,2026-07-01,69,22.248,concluida,False
U0106,S005911,2026-07-03,2026-07-01,109,35.106,concluida,False
U0106,S005907,2026-07-04,2026-07-01,224,74.266,concluida,False
U0106,S005916,2026-07-08,2026-07-01,28,9.036,concluida,False
U0106,S005912,2026-07-15,2026-07-01,113,36.09,concluida,False
U0106,S005909,2026-07-15,2026-07-01,134,37.944,concluida,False
U0106,S005913,2026-07-16,2026-07-01,158,46.193,concluida,False
U0106,S005910,2026-07-18,2026-07-01,59,19.167,concluida,False
U0106,S005906,2026-07-23,2026-07-01,148,42.8,concluida,False
U0106,S005914,2026-07-25,2026-07-01,73,20.445,concluida,False
U0106,S005915,2026-07-29,2026-07-01,37,11.775,concluida,False
U0106,S005921,2026-08-01,2026-08-01,110,106.997,concluida,True
U0106,S005918,2026-08-02,2026-08-01,67,20.147,concluida,False
U0106,S005928,2026-08-05,2026-08-01,163,53.076,concluida,False
U0106,S005926,2026-08-14,2026-08-01,105,28.9,concluida,False
U0106,S005922,2026-08-14,2026-08-01,169,54.562,concluida,False
U0106,S005923,2026-08-14,2026-08-01,156,51.595,concluida,False
U0106,S005920,2026-08-15,2026-08-01,183,59.235,concluida,False
U0106,S005917,2026-08-21,2026-08-01,182,50.423,concluida,False
U0106,S005925,2026-08-24,2026-08-01,257,71.172,concluida,False
U0106,S005924,2026-08-26,2026-08-01,102,34.177,concluida,False
U0106,S005927,2026-08-27,2026-08-01,73,20.435,concluida,False
U0106,S005919,2026-08-27,2026-08-01,48,16.646,concluida,False
U0107,S005929,2026-03-15,2026-03-01,112,34.832,concluida,False
U0107,S005930,2026-03-22,2026-03-01,55,16.997,concluida,False
U0107,S005931,2026-04-04,2026-04-01,227,68.016,concluida,False
U0107,S005934,2026-04-05,2026-04-01,127,38.223,concluida,False
U0107,S005932,2026-04-10,2026-04-01,53,14.684,concluida,False
U0107,S005935,2026-04-12,2026-04-01,39,11.412,concluida,False
U0107,S005933,2026-04-20,2026-04-01,146,44.329,concluida,False
U0107,S005936,2026-04-26,2026-04-01,80,26.286,concluida,False
U0107,S005937,2026-05-16,2026-05-01,25,7.069,concluida,False
U0107,S005939,2026-05-16,2026-05-01,115,35.813,concluida,False
U0107,S005940,2026-05-16,2026-05-01,159,50.805,concluida,False
U0107,S005943,2026-05-20,2026-05-01,78,21.802,concluida,False
U0107,S005941,2026-05-21,2026-05-01,273,81.219,concluida,False
U0107,S005938,2026-05-21,2026-05-01,51,14.732,concluida,False
U0107,S005942,2026-05-25,2026-05-01,125,36.002,concluida,False
U0107,S005944,2026-06-05,2026-06-01,85,28.423,concluida,False
U0107,S005947,2026-06-11,2026-06-01,159,48.311,concluida,False
U0107,S005948,2026-06-12,2026-06-01,46,13.444,concluida,False
U0107,S005945,2026-06-19,2026-06-01,158,45.642,concluida,False
U0107,S005946,2026-06-21,2026-06-01,13,3.809,concluida,False
U0107,S005949,2026-07-05,2026-07-01,181,58.742,concluida,False
U0107,S005951,2026-07-10,2026-07-01,60,18.121,concluida,False
U0107,S005950,2026-07-16,2026-07-01,73,20.738,concluida,False
U0107,S005952,2026-07-26,2026-07-01,80,22.806,concluida,False
U0107,S005955,2026-08-11,2026-08-01,67,23.169,concluida,False
U0107,S005953,2026-08-11,2026-08-01,86,29.532,concluida,False
U0107,S005958,2026-08-17,2026-08-01,149,48.576,concluida,False
U0107,S005954,2026-08-22,2026-08-01,143,47.831,concluida,False
U0107,S005957,2026-08-22,2026-08-01,187,54.328,concluida,False
U0107,S005956,2026-08-25,2026-08-01,120,37.95,concluida,False
U0108,S005972,2026-03-02,2026-03-01,119,11.279,concluida,False
U0108,S005971,2026-03-03,2026-03-01,27,3.03,interrompida,False
U0108,S005967,2026-03-04,2026-03-01,104,10.966,concluida,False
U0108,S005976,2026-03-05,2026-03-01,178,17.562,concluida,False
U0108,S005965,2026-03-05,2026-03-01,181,18.916,concluida,False
U0108,S005961,2026-03-06,2026-03-01,69,7.424,concluida,False
U0108,S005970,2026-03-07,2026-03-01,19,1.901,concluida,False
U0108,S005964,2026-03-09,2026-03-01,101,9.607,concluida,False
U0108,S005975,2026-03-11,2026-03-01,236,23.289,concluida,False
U0108,S005963,2026-03-11,2026-03-01,102,10.441,concluida,False
U0108,S005966,2026-03-12,2026-03-01,99,11.212,concluida,False
U0108,S005973,2026-03-13,2026-03-01,52,5.197,concluida,False
U0108,S005960,2026-03-13,2026-03-01,58,6.369,concluida,False
U0108,S005974,2026-03-14,2026-03-01,95,8.795,concluida,False
U0108,S005962,2026-03-18,2026-03-01,53,6.066,concluida,False
U0108,S005968,2026-03-20,2026-03-01,142,16.421,concluida,False
U0108,S005969,2026-03-25,2026-03-01,79,8.989,concluida,False
U0108,S005959,2026-03-29,2026-03-01,62,5.977,concluida,False
U0108,S005981,2026-04-04,2026-04-01,240,23.324,concluida,False
U0108,S005977,2026-04-08,2026-04-01,21,2.095,concluida,False
U0108,S005985,2026-04-09,2026-04-01,75,7.292,concluida,False
U0108,S005987,2026-04-11,2026-04-01,54,5.569,concluida,False
U0108,S005984,2026-04-14,2026-04-01,51,5.553,concluida,False
U0108,S005988,2026-04-15,2026-04-01,43,4.627,concluida,False
U0108,S005983,2026-04-16,2026-04-01,43,4.401,concluida,False
U0108,S005989,2026-04-19,2026-04-01,68,7.471,concluida,False
U0108,S005979,2026-04-22,2026-04-01,73,8.05,concluida,False
U0108,S005986,2026-04-24,2026-04-01,97,9.002,concluida,False
U0108,S005982,2026-04-24,2026-04-01,75,6.938,concluida,False
U0108,S005978,2026-04-30,2026-04-01,91,9.819,concluida,False
U0108,S005980,2026-04-30,2026-04-01,72,7.593,concluida,False
U0108,S005996,2026-05-02,2026-05-01,214,24.557,concluida,False
U0108,S005990,2026-05-03,2026-05-01,63,6.736,concluida,False
U0108,S005992,2026-05-04,2026-05-01,75,6.95,concluida,False
U0108,S005991,2026-05-06,2026-05-01,72,7.695,concluida,False
U0108,S005994,2026-05-10,2026-05-01,32,8.292,concluida,True
U0108,S005998,2026-05-18,2026-05-01,187,20.485,concluida,False
U0108,S005997,2026-05-20,2026-05-01,10,1.052,concluida,False
U0108,S005993,2026-05-23,2026-05-01,172,17.593,concluida,False
U0108,S005995,2026-05-27,2026-05-01,117,10.911,concluida,False
U0108,S006008,2026-06-06,2026-06-01,124,13.112,concluida,False
U0108,S006003,2026-06-07,2026-06-01,79,8.008,concluida,False
U0108,S005999,2026-06-08,2026-06-01,148,15.098,concluida,False
U0108,S006006,2026-06-13,2026-06-01,58,6.714,concluida,False
U0108,S006009,2026-06-16,2026-06-01,190,17.714,concluida,False
U0108,S006011,2026-06-21,2026-06-01,84,9.655,concluida,False
U0108,S006010,2026-06-21,2026-06-01,52,6.008,concluida,False
U0108,S006005,2026-06-24,2026-06-01,104,9.999,concluida,False
U0108,S006007,2026-06-25,2026-06-01,58,5.379,concluida,False
U0108,S006004,2026-06-29,2026-06-01,226,22.521,concluida,False
U0108,S006002,2026-06-29,2026-06-01,141,13.385,concluida,False
U0108,S006001,2026-06-30,2026-06-01,149,14.486,concluida,False
U0108,S006000,2026-06-30,2026-06-01,108,10.822,concluida,False
U0108,S006014,2026-07-01,2026-07-01,61,6.895,concluida,False
U0108,S006026,2026-07-03,2026-07-01,133,12.567,concluida,False
U0108,S006013,2026-07-03,2026-07-01,70,7.25,concluida,False
U0108,S006024,2026-07-09,2026-07-01,93,10.095,concluida,False
U0108,S006017,2026-07-12,2026-07-01,85,8.246,concluida,False
U0108,S006019,2026-07-16,2026-07-01,38,3.922,concluida,False
U0108,S006029,2026-07-16,2026-07-01,66,6.715,concluida,False
U0108,S006023,2026-07-18,2026-07-01,79,8.188,interrompida,False
U0108,S006012,2026-07-18,2026-07-01,113,12.896,concluida,False
U0108,S006020,2026-07-19,2026-07-01,115,11.543,concluida,False
U0108,S006022,2026-07-21,2026-07-01,75,8.732,concluida,False
U0108,S006027,2026-07-22,2026-07-01,117,12.701,concluida,False
U0108,S006028,2026-07-24,2026-07-01,51,5.153,concluida,False
U0108,S006018,2026-07-24,2026-07-01,82,8.933,concluida,False
U0108,S006025,2026-07-25,2026-07-01,78,7.659,concluida,False
U0108,S006021,2026-07-26,2026-07-01,233,22.525,concluida,False
U0108,S006015,2026-07-28,2026-07-01,82,7.623,concluida,False
U0108,S006016,2026-07-31,2026-07-01,288,27.668,concluida,False
U0108,S006033,2026-08-03,2026-08-01,165,18.442,concluida,False
U0108,S006037,2026-08-04,2026-08-01,80,8.875,concluida,False
U0108,S006035,2026-08-04,2026-08-01,80,9.012,concluida,False
U0108,S006032,2026-08-05,2026-08-01,111,31.258,concluida,True
U0108,S006031,2026-08-07,2026-08-01,196,19.805,concluida,False
U0108,S006039,2026-08-08,2026-08-01,80,33.616,concluida,True
U0108,S006034,2026-08-09,2026-08-01,115,11.123,concluida,False
U0108,S006040,2026-08-09,2026-08-01,48,5.022,concluida,False
U0108,S006038,2026-08-16,2026-08-01,289,29.175,concluida,False
U0108,S006030,2026-08-19,2026-08-01,113,12.288,concluida,False
U0108,S006036,2026-08-20,2026-08-01,167,16.893,concluida,False
U0109,S006044,2026-03-03,2026-03-01,53,17.655,concluida,False
U0109,S006043,2026-03-07,2026-03-01,120,40.265,concluida,False
U0109,S006041,2026-03-09,2026-03-01,172,52.595,concluida,False
U0109,S006045,2026-03-12,2026-03-01,41,12.199,concluida,False
U0109,S006042,2026-03-28,2026-03-01,189,65.739,concluida,False
U0109,S006046,2026-03-29,2026-03-01,242,83.484,concluida,False
U0109,S006050,2026-04-02,2026-04-01,24,7.36,concluida,False
U0109,S006048,2026-04-03,2026-04-01,108,32.122,concluida,False
U0109,S006052,2026-04-17,2026-04-01,191,52.787,concluida,False
U0109,S006047,2026-04-19,2026-04-01,103,30.169,concluida,False
U0109,S006051,2026-04-22,2026-04-01,110,30.463,concluida,False
U0109,S006053,2026-04-23,2026-04-01,130,42.209,concluida,False
U0109,S006049,2026-04-29,2026-04-01,143,49.773,concluida,False
U0109,S006054,2026-05-03,2026-05-01,51,14.971,concluida,False
U0109,S006057,2026-05-10,2026-05-01,121,38.657,concluida,False
U0109,S006055,2026-05-17,2026-05-01,92,31.861,concluida,False
U0109,S006056,2026-05-18,2026-05-01,112,36.069,concluida,False
U0109,S006061,2026-07-04,2026-07-01,71,20.16,concluida,False
U0109,S006058,2026-07-09,2026-07-01,127,40.925,concluida,False
U0109,S006059,2026-07-10,2026-07-01,29,8.251,concluida,False
U0109,S006060,2026-07-26,2026-07-01,99,29.361,concluida,False
U0109,S006069,2026-08-02,2026-08-01,133,41.517,concluida,False
U0109,S006062,2026-08-05,2026-08-01,49,16.065,concluida,False
U0109,S006064,2026-08-05,2026-08-01,97,27.28,concluida,False
U0109,S006067,2026-08-15,2026-08-01,105,29.464,concluida,False
U0109,S006068,2026-08-18,2026-08-01,97,28.263,concluida,False
U0109,S006063,2026-08-22,2026-08-01,47,14.982,concluida,False
U0109,S006065,2026-08-23,2026-08-01,86,29.365,concluida,False
U0109,S006066,2026-08-24,2026-08-01,59,20.196,concluida,False
U0110,S006088,2026-03-04,2026-03-01,65,18.703,concluida,False
U0110,S006078,2026-03-09,2026-03-01,231,79.502,concluida,False
U0110,S006070,2026-03-11,2026-03-01,181,59.587,concluida,False
U0110,S006074,2026-03-12,2026-03-01,76,23.6,concluida,False
U0110,S006084,2026-03-15,2026-03-01,207,67.529,concluida,False
U0110,S006083,2026-03-15,2026-03-01,91,31.292,concluida,False
U0110,S006094,2026-03-17,2026-03-01,13,4.172,interrompida,False
U0110,S006091,2026-03-17,2026-03-01,157,46.135,concluida,False
U0110,S006072,2026-03-18,2026-03-01,42,14.543,interrompida,False
U0110,S006093,2026-03-19,2026-03-01,59,18.018,concluida,False
U0110,S006085,2026-03-21,2026-03-01,86,29.31,concluida,False
U0110,S006071,2026-03-21,2026-03-01,45,14.983,concluida,False
U0110,S006076,2026-03-22,2026-03-01,46,15.113,interrompida,False
U0110,S006081,2026-03-22,2026-03-01,54,16.222,concluida,False
U0110,S006089,2026-03-22,2026-03-01,45,14.242,interrompida,False
U0110,S006080,2026-03-25,2026-03-01,190,54.998,concluida,False
U0110,S006086,2026-03-25,2026-03-01,73,20.467,interrompida,False
U0110,S006073,2026-03-25,2026-03-01,63,20.688,concluida,False
U0110,S006082,2026-03-25,2026-03-01,110,35.685,concluida,False
U0110,S006092,2026-03-25,2026-03-01,323,95.946,concluida,False
U0110,S006077,2026-03-25,2026-03-01,145,46.08,concluida,False
U0110,S006079,2026-03-29,2026-03-01,215,59.258,concluida,False
U0110,S006075,2026-03-30,2026-03-01,27,7.635,concluida,False
U0110,S006087,2026-03-30,2026-03-01,239,66.105,concluida,False
U0110,S006090,2026-03-31,2026-03-01,89,30.907,concluida,False
U0110,S006112,2026-04-02,2026-04-01,90,24.968,concluida,False
U0110,S006102,2026-04-03,2026-04-01,216,66.148,concluida,False
U0110,S006103,2026-04-03,2026-04-01,48,14.13,concluida,False
U0110,S006104,2026-04-04,2026-04-01,140,46.581,concluida,False
U0110,S006110,2026-04-04,2026-04-01,45,15.134,concluida,False
U0110,S006109,2026-04-07,2026-04-01,51,14.298,concluida,False
U0110,S006108,2026-04-07,2026-04-01,92,26.232,concluida,False
U0110,S006120,2026-04-09,2026-04-01,81,25.911,concluida,False
U0110,S006100,2026-04-09,2026-04-01,75,25.253,concluida,False
U0110,S006106,2026-04-09,2026-04-01,50,16.422,concluida,False
U0110,S006113,2026-04-09,2026-04-01,89,28.696,concluida,False
U0110,S006096,2026-04-10,2026-04-01,178,53.861,concluida,False
U0110,S006107,2026-04-10,2026-04-01,95,32.9,concluida,False
U0110,S006115,2026-04-11,2026-04-01,92,28.163,concluida,False
U0110,S006118,2026-04-11,2026-04-01,17,5.222,concluida,False
U0110,S006119,2026-04-13,2026-04-01,17,4.834,concluida,False
U0110,S006111,2026-04-13,2026-04-01,187,58.128,concluida,False
U0110,S006117,2026-04-14,2026-04-01,201,65.619,concluida,False
U0110,S006098,2026-04-21,2026-04-01,102,28.477,concluida,False
U0110,S006097,2026-04-22,2026-04-01,83,24.385,concluida,False
U0110,S006095,2026-04-22,2026-04-01,56,16.32,concluida,False
U0110,S006116,2026-04-22,2026-04-01,188,60.264,concluida,False
U0110,S006114,2026-04-24,2026-04-01,134,40.442,concluida,False
U0110,S006099,2026-04-26,2026-04-01,277,85.16,concluida,False
U0110,S006101,2026-04-28,2026-04-01,166,47.126,concluida,False
U0110,S006105,2026-04-29,2026-04-01,23,7.244,interrompida,False
U0110,S006128,2026-05-02,2026-05-01,83,25.425,concluida,False
U0110,S006135,2026-05-02,2026-05-01,10,3.304,concluida,False
U0110,S006133,2026-05-05,2026-05-01,112,30.982,concluida,False
U0110,S006136,2026-05-05,2026-05-01,117,37.6,concluida,False
U0110,S006127,2026-05-09,2026-05-01,143,47.49,concluida,False
U0110,S006138,2026-05-10,2026-05-01,160,45.459,concluida,False
U0110,S006124,2026-05-11,2026-05-01,74,25.087,concluida,False
U0110,S006126,2026-05-12,2026-05-01,176,52.02,concluida,False
U0110,S006139,2026-05-12,2026-05-01,99,31.937,concluida,False
U0110,S006137,2026-05-13,2026-05-01,26,7.837,concluida,False
U0110,S006129,2026-05-13,2026-05-01,36,11.305,concluida,False
U0110,S006130,2026-05-18,2026-05-01,184,52.299,concluida,False
U0110,S006131,2026-05-26,2026-05-01,66,20.555,concluida,False
U0110,S006125,2026-05-26,2026-05-01,76,22.91,concluida,False
U0110,S006121,2026-05-26,2026-05-01,63,17.942,concluida,False
U0110,S006122,2026-05-27,2026-05-01,133,41.561,concluida,False
U0110,S006134,2026-05-28,2026-05-01,87,25.541,concluida,False
U0110,S006123,2026-05-29,2026-05-01,96,27.607,concluida,False
U0110,S006132,2026-05-29,2026-05-01,97,32.83,concluida,False
U0110,S006141,2026-06-05,2026-06-01,141,44.532,concluida,False
U0110,S006145,2026-06-06,2026-06-01,102,33.474,concluida,False
U0110,S006148,2026-06-06,2026-06-01,138,44.019,concluida,False
U0110,S006155,2026-06-06,2026-06-01,23,7.921,concluida,False
U0110,S006140,2026-06-08,2026-06-01,82,26.366,concluida,False
U0110,S006151,2026-06-11,2026-06-01,41,12.377,concluida,False
U0110,S006142,2026-06-14,2026-06-01,151,50.233,concluida,False
U0110,S006154,2026-06-16,2026-06-01,134,43.236,concluida,False
U0110,S006149,2026-06-16,2026-06-01,125,35.313,concluida,False
U0110,S006152,2026-06-17,2026-06-01,24,8.284,concluida,False
U0110,S006147,2026-06-17,2026-06-01,59,16.799,concluida,False
U0110,S006146,2026-06-22,2026-06-01,92,31.124,concluida,False
U0110,S006153,2026-06-23,2026-06-01,141,47.095,concluida,False
U0110,S006144,2026-06-23,2026-06-01,106,31.902,concluida,False
U0110,S006143,2026-06-24,2026-06-01,87,26.069,concluida,False
U0110,S006150,2026-06-25,2026-06-01,76,22.443,concluida,False
U0110,S006161,2026-07-03,2026-07-01,145,41.935,concluida,False
U0110,S006160,2026-07-04,2026-07-01,88,24.277,concluida,False
U0110,S006167,2026-07-04,2026-07-01,125,39.988,concluida,False
U0110,S006164,2026-07-04,2026-07-01,19,5.971,interrompida,False
U0110,S006171,2026-07-06,2026-07-01,124,39.199,concluida,False
U0110,S006163,2026-07-07,2026-07-01,63,19.62,concluida,False
U0110,S006158,2026-07-07,2026-07-01,139,46.253,concluida,False
U0110,S006165,2026-07-08,2026-07-01,47,15.218,concluida,False
U0110,S006156,2026-07-16,2026-07-01,97,32.327,concluida,False
U0110,S006170,2026-07-17,2026-07-01,39,30.808,concluida,True
U0110,S006159,2026-07-20,2026-07-01,82,27.179,concluida,False
U0110,S006166,2026-07-20,2026-07-01,190,63.972,concluida,False
U0110,S006169,2026-07-22,2026-07-01,100,30.828,concluida,False
U0110,S006157,2026-07-23,2026-07-01,101,29.382,concluida,False
U0110,S006168,2026-07-31,2026-07-01,145,47.766,concluida,False
U0110,S006162,2026-07-31,2026-07-01,44,13.937,concluida,False
U0110,S006189,2026-08-04,2026-08-01,66,21.945,concluida,False
U0110,S006176,2026-08-07,2026-08-01,58,16.786,concluida,False
U0110,S006174,2026-08-08,2026-08-01,27,7.574,concluida,False
U0110,S006185,2026-08-10,2026-08-01,65,21.189,interrompida,False
U0110,S006182,2026-08-10,2026-08-01,86,23.922,concluida,False
U0110,S006178,2026-08-15,2026-08-01,46,12.69,concluida,False
U0110,S006190,2026-08-15,2026-08-01,63,21.8,concluida,False
U0110,S006184,2026-08-15,2026-08-01,42,13.095,concluida,False
U0110,S006180,2026-08-16,2026-08-01,119,35.775,concluida,False
U0110,S006172,2026-08-17,2026-08-01,68,22.915,concluida,False
U0110,S006173,2026-08-20,2026-08-01,147,47.968,concluida,False
U0110,S006181,2026-08-22,2026-08-01,58,17.388,concluida,False
U0110,S006186,2026-08-25,2026-08-01,114,34.058,concluida,False
U0110,S006177,2026-08-26,2026-08-01,37,12.519,concluida,False
U0110,S006183,2026-08-29,2026-08-01,172,52.23,concluida,False
U0110,S006187,2026-08-30,2026-08-01,67,19.144,concluida,False
U0110,S006188,2026-08-30,2026-08-01,159,50.777,concluida,False
U0110,S006179,2026-08-31,2026-08-01,111,38.118,concluida,False
U0110,S006175,2026-08-31,2026-08-01,45,12.754,concluida,False
U0111,S006193,2026-03-02,2026-03-01,73,23.531,concluida,False
U0111,S006200,2026-03-03,2026-03-01,67,20.926,concluida,False
U0111,S006199,2026-03-09,2026-03-01,92,25.333,interrompida,False
U0111,S006194,2026-03-14,2026-03-01,185,63.758,concluida,False
U0111,S006195,2026-03-18,2026-03-01,51,17.364,concluida,False
U0111,S006192,2026-03-18,2026-03-01,163,50.162,concluida,False
U0111,S006191,2026-03-19,2026-03-01,64,21.053,concluida,False
U0111,S006197,2026-03-24,2026-03-01,77,23.187,concluida,False
U0111,S006198,2026-03-30,2026-03-01,26,7.643,concluida,False
U0111,S006196,2026-03-31,2026-03-01,160,47.271,concluida,False
U0111,S006209,2026-04-03,2026-04-01,110,37.592,concluida,False
U0111,S006203,2026-04-04,2026-04-01,71,21.421,concluida,False
U0111,S006204,2026-04-05,2026-04-01,42,12.499,interrompida,False
U0111,S006214,2026-04-08,2026-04-01,75,23.073,concluida,False
U0111,S006206,2026-04-11,2026-04-01,63,19.315,interrompida,False
U0111,S006213,2026-04-16,2026-04-01,209,71.861,concluida,False
U0111,S006211,2026-04-20,2026-04-01,67,21.764,concluida,False
U0111,S006210,2026-04-21,2026-04-01,79,22.449,concluida,False
U0111,S006208,2026-04-21,2026-04-01,16,4.454,concluida,False
U0111,S006202,2026-04-22,2026-04-01,54,15.48,concluida,False
U0111,S006205,2026-04-26,2026-04-01,54,15.306,concluida,False
U0111,S006212,2026-04-27,2026-04-01,21,6.909,concluida,False
U0111,S006201,2026-04-29,2026-04-01,37,12.625,concluida,False
U0111,S006207,2026-04-29,2026-04-01,48,14.374,concluida,False
U0111,S006221,2026-05-03,2026-05-01,76,21.849,concluida,False
U0111,S006225,2026-05-04,2026-05-01,24,7.624,interrompida,False
U0111,S006220,2026-05-04,2026-05-01,33,9.436,concluida,False
U0111,S006224,2026-05-05,2026-05-01,147,48.119,concluida,False
U0111,S006216,2026-05-07,2026-05-01,107,33.818,concluida,False
U0111,S006217,2026-05-08,2026-05-01,112,38.278,concluida,False
U0111,S006222,2026-05-09,2026-05-01,44,14.442,concluida,False
U0111,S006228,2026-05-12,2026-05-01,138,46.326,concluida,False
U0111,S006223,2026-05-14,2026-05-01,136,44.469,concluida,False
U0111,S006229,2026-05-21,2026-05-01,9,2.805,interrompida,False
U0111,S006219,2026-05-24,2026-05-01,119,34.95,concluida,False
U0111,S006215,2026-05-24,2026-05-01,87,28.139,concluida,False
U0111,S006226,2026-05-28,2026-05-01,43,13.916,interrompida,False
U0111,S006227,2026-05-30,2026-05-01,63,18.947,concluida,False
U0111,S006218,2026-05-30,2026-05-01,40,13.617,concluida,False
U0111,S006234,2026-06-05,2026-06-01,190,59.219,concluida,False
U0111,S006238,2026-06-12,2026-06-01,111,95.602,concluida,True
U0111,S006233,2026-06-13,2026-06-01,114,38.551,concluida,False
U0111,S006236,2026-06-16,2026-06-01,128,35.782,concluida,False
U0111,S006237,2026-06-17,2026-06-01,61,19.429,concluida,False
U0111,S006235,2026-06-19,2026-06-01,83,24.717,concluida,False
U0111,S006231,2026-06-21,2026-06-01,42,13.064,concluida,False
U0111,S006239,2026-06-23,2026-06-01,157,47.943,concluida,False
U0111,S006232,2026-06-25,2026-06-01,90,27.387,concluida,False
U0111,S006240,2026-06-26,2026-06-01,80,23.362,concluida,False
U0111,S006230,2026-06-29,2026-06-01,20,6.089,concluida,False
U0111,S006249,2026-07-03,2026-07-01,149,45.926,concluida,False
U0111,S006242,2026-07-07,2026-07-01,48,13.332,concluida,False
U0111,S006244,2026-07-08,2026-07-01,69,19.075,concluida,False
U0111,S006243,2026-07-08,2026-07-01,39,11.28,concluida,False
U0111,S006241,2026-07-13,2026-07-01,43,13.335,concluida,False
U0111,S006246,2026-07-17,2026-07-01,57,17.012,concluida,False
U0111,S006247,2026-07-19,2026-07-01,97,27.417,concluida,False
U0111,S006253,2026-07-22,2026-07-01,105,29.401,concluida,False
U0111,S006245,2026-07-22,2026-07-01,98,29.828,concluida,False
U0111,S006250,2026-07-23,2026-07-01,93,26.182,concluida,False
U0111,S006252,2026-07-26,2026-07-01,59,18.573,concluida,False
U0111,S006248,2026-07-30,2026-07-01,188,56.476,concluida,False
U0111,S006254,2026-07-31,2026-07-01,87,26.395,concluida,False
U0111,S006251,2026-07-31,2026-07-01,139,47.54,concluida,False
U0111,S006260,2026-08-03,2026-08-01,100,33.937,concluida,False
U0111,S006258,2026-08-05,2026-08-01,145,45.46,concluida,False
U0111,S006259,2026-08-07,2026-08-01,94,29.168,concluida,False
U0111,S006257,2026-08-19,2026-08-01,33,10.027,concluida,False
U0111,S006255,2026-08-25,2026-08-01,70,23.953,concluida,False
U0111,S006261,2026-08-27,2026-08-01,66,21.087,concluida,False
U0111,S006256,2026-08-30,2026-08-01,83,24.691,concluida,False
U0112,S006266,2026-03-05,2026-03-01,227,31.994,concluida,False
U0112,S006265,2026-03-06,2026-03-01,190,28.248,concluida,False
U0112,S006268,2026-03-07,2026-03-01,94,13.378,concluida,False
U0112,S006264,2026-03-19,2026-03-01,33,5.305,concluida,False
U0112,S006267,2026-03-20,2026-03-01,109,18.926,concluida,False
U0112,S006273,2026-03-24,2026-03-01,31,4.543,concluida,False
U0112,S006272,2026-03-25,2026-03-01,104,56.968,concluida,True
U0112,S006262,2026-03-27,2026-03-01,141,20.359,concluida,False
U0112,S006271,2026-03-29,2026-03-01,146,20.403,concluida,False
U0112,S006263,2026-03-30,2026-03-01,110,15.626,concluida,False
U0112,S006270,2026-03-31,2026-03-01,64,10.197,concluida,False
U0112,S006269,2026-03-31,2026-03-01,75,10.352,concluida,False
U0112,S006274,2026-04-01,2026-04-01,81,11.988,interrompida,False
U0112,S006281,2026-04-04,2026-04-01,168,28.591,concluida,False
U0112,S006287,2026-04-08,2026-04-01,89,15.236,concluida,False
U0112,S006276,2026-04-08,2026-04-01,125,18.693,concluida,False
U0112,S006280,2026-04-10,2026-04-01,329,56.548,concluida,False
U0112,S006279,2026-04-12,2026-04-01,283,48.739,concluida,False
U0112,S006288,2026-04-12,2026-04-01,125,18.299,concluida,False
U0112,S006283,2026-04-12,2026-04-01,54,9.274,concluida,False
U0112,S006278,2026-04-12,2026-04-01,98,14.399,concluida,False
U0112,S006285,2026-04-17,2026-04-01,120,20.423,concluida,False
U0112,S006282,2026-04-20,2026-04-01,110,15.848,concluida,False
U0112,S006284,2026-04-21,2026-04-01,87,13.779,concluida,False
U0112,S006289,2026-04-22,2026-04-01,69,9.709,concluida,False
U0112,S006286,2026-04-23,2026-04-01,162,27.218,concluida,False
U0112,S006277,2026-04-25,2026-04-01,52,8.082,concluida,False
U0112,S006275,2026-04-30,2026-04-01,82,11.311,concluida,False
U0112,S006299,2026-05-07,2026-05-01,56,7.729,concluida,False
U0112,S006300,2026-05-07,2026-05-01,171,29.629,concluida,False
U0112,S006304,2026-05-08,2026-05-01,51,8.343,concluida,False
U0112,S006306,2026-05-10,2026-05-01,171,26.088,concluida,False
U0112,S006293,2026-05-13,2026-05-01,103,15.258,concluida,False
U0112,S006296,2026-05-13,2026-05-01,71,11.065,concluida,False
U0112,S006290,2026-05-14,2026-05-01,117,16.89,concluida,False
U0112,S006307,2026-05-16,2026-05-01,21,3.129,concluida,False
U0112,S006302,2026-05-18,2026-05-01,68,9.651,concluida,False
U0112,S006294,2026-05-19,2026-05-01,159,23.337,concluida,False
U0112,S006301,2026-05-21,2026-05-01,32,5.493,concluida,False
U0112,S006303,2026-05-21,2026-05-01,194,28.392,concluida,False
U0112,S006295,2026-05-21,2026-05-01,144,22.247,concluida,False
U0112,S006298,2026-05-22,2026-05-01,37,5.232,concluida,False
U0112,S006292,2026-05-23,2026-05-01,55,9.245,concluida,False
U0112,S006305,2026-05-28,2026-05-01,123,19.295,concluida,False
U0112,S006291,2026-05-28,2026-05-01,98,16.068,concluida,False
U0112,S006297,2026-05-28,2026-05-01,70,10.927,concluida,False
U0112,S006317,2026-06-02,2026-06-01,40,5.614,concluida,False
U0112,S006320,2026-06-02,2026-06-01,223,36.519,concluida,False
U0112,S006308,2026-06-04,2026-06-01,139,22.828,concluida,False
U0112,S006318,2026-06-04,2026-06-01,155,24.836,concluida,False
U0112,S006313,2026-06-06,2026-06-01,30,4.266,concluida,False
U0112,S006319,2026-06-10,2026-06-01,112,19.42,concluida,False
U0112,S006316,2026-06-10,2026-06-01,119,20.445,concluida,False
U0112,S006309,2026-06-12,2026-06-01,40,6.698,concluida,False
U0112,S006314,2026-06-16,2026-06-01,24,3.817,concluida,False
U0112,S006321,2026-06-19,2026-06-01,106,18.064,concluida,False
U0112,S006315,2026-06-21,2026-06-01,68,9.923,concluida,False
U0112,S006322,2026-06-22,2026-06-01,53,8.585,concluida,False
U0112,S006311,2026-06-23,2026-06-01,58,8.927,concluida,False
U0112,S006312,2026-06-24,2026-06-01,35,5.474,concluida,False
U0112,S006310,2026-06-26,2026-06-01,89,12.279,concluida,False
U0112,S006323,2026-06-30,2026-06-01,31,4.794,concluida,False
U0112,S006327,2026-07-07,2026-07-01,69,10.521,concluida,False
U0112,S006325,2026-07-10,2026-07-01,80,12.171,concluida,False
U0112,S006331,2026-07-11,2026-07-01,129,21.211,concluida,False
U0112,S006324,2026-07-13,2026-07-01,27,4.473,interrompida,False
U0112,S006330,2026-07-13,2026-07-01,180,29.705,concluida,False
U0112,S006326,2026-07-23,2026-07-01,103,15.001,concluida,False
U0112,S006332,2026-07-23,2026-07-01,134,22.758,concluida,False
U0112,S006329,2026-07-26,2026-07-01,216,33.083,concluida,False
U0112,S006328,2026-07-29,2026-07-01,179,24.72,concluida,False
U0112,S006348,2026-08-01,2026-08-01,124,17.747,concluida,False
U0112,S006349,2026-08-03,2026-08-01,126,18.225,concluida,False
U0112,S006336,2026-08-03,2026-08-01,180,25.068,concluida,False
U0112,S006340,2026-08-03,2026-08-01,131,22.61,concluida,False
U0112,S006346,2026-08-03,2026-08-01,42,6.812,concluida,False
U0112,S006347,2026-08-03,2026-08-01,82,11.922,concluida,False
U0112,S006343,2026-08-04,2026-08-01,175,27.78,concluida,False
U0112,S006335,2026-08-04,2026-08-01,72,10.833,concluida,False
U0112,S006341,2026-08-08,2026-08-01,223,33.113,concluida,False
U0112,S006334,2026-08-09,2026-08-01,73,10.71,concluida,False
U0112,S006333,2026-08-16,2026-08-01,89,14.612,concluida,False
U0112,S006337,2026-08-17,2026-08-01,100,15.763,concluida,False
U0112,S006345,2026-08-20,2026-08-01,185,27.118,concluida,False
U0112,S006342,2026-08-23,2026-08-01,87,12.713,concluida,False
U0112,S006344,2026-08-26,2026-08-01,162,26.109,concluida,False
U0112,S006339,2026-08-29,2026-08-01,109,18.001,concluida,False
U0112,S006338,2026-08-31,2026-08-01,176,30.44,concluida,False
U0113,S006351,2026-03-02,2026-03-01,151,22.116,concluida,False
U0113,S006352,2026-03-06,2026-03-01,138,23.194,concluida,False
U0113,S006354,2026-03-21,2026-03-01,138,20.993,concluida,False
U0113,S006350,2026-03-22,2026-03-01,28,4.161,interrompida,False
U0113,S006355,2026-03-23,2026-03-01,66,10.745,concluida,False
U0113,S006353,2026-03-29,2026-03-01,51,8.786,concluida,False
U0113,S006357,2026-04-10,2026-04-01,79,11.757,concluida,False
U0113,S006356,2026-04-15,2026-04-01,78,13.21,concluida,False
U0113,S006358,2026-05-04,2026-05-01,77,13.166,concluida,False
U0113,S006359,2026-05-14,2026-05-01,76,10.771,concluida,False
U0113,S006360,2026-06-01,2026-06-01,42,6.518,concluida,False
U0113,S006361,2026-06-28,2026-06-01,32,4.462,concluida,False
U0113,S006364,2026-07-01,2026-07-01,69,11.666,concluida,False
U0113,S006363,2026-07-06,2026-07-01,227,32.918,concluida,False
U0113,S006362,2026-07-28,2026-07-01,179,28.192,concluida,False
U0113,S006367,2026-08-03,2026-08-01,130,18.407,concluida,False
U0113,S006368,2026-08-06,2026-08-01,59,10.178,concluida,False
U0113,S006366,2026-08-13,2026-08-01,74,11.154,concluida,False
U0113,S006365,2026-08-18,2026-08-01,122,17.396,concluida,False
U0114,S006369,2026-03-04,2026-03-01,139,22.973,concluida,False
U0114,S006373,2026-03-06,2026-03-01,92,12.788,concluida,False
U0114,S006371,2026-03-24,2026-03-01,11,1.913,interrompida,False
U0114,S006370,2026-03-26,2026-03-01,200,34.74,concluida,False
U0114,S006372,2026-03-28,2026-03-01,132,21.799,concluida,False
U0114,S006379,2026-04-02,2026-04-01,164,22.592,concluida,False
U0114,S006378,2026-04-02,2026-04-01,41,6.813,concluida,False
U0114,S006374,2026-04-07,2026-04-01,90,15.204,concluida,False
U0114,S006377,2026-04-17,2026-04-01,29,4.162,concluida,False
U0114,S006376,2026-04-22,2026-04-01,72,9.973,concluida,False
U0114,S006375,2026-04-26,2026-04-01,126,17.684,concluida,False
U0114,S006381,2026-06-11,2026-06-01,158,26.915,concluida,False
U0114,S006380,2026-06-22,2026-06-01,35,5.879,concluida,False
U0114,S006384,2026-07-01,2026-07-01,93,13.156,concluida,False
U0114,S006386,2026-07-03,2026-07-01,5,0.848,interrompida,False
U0114,S006385,2026-07-09,2026-07-01,63,9.649,concluida,False
U0114,S006389,2026-07-09,2026-07-01,107,16.092,concluida,False
U0114,S006387,2026-07-11,2026-07-01,169,23.647,concluida,False
U0114,S006383,2026-07-19,2026-07-01,30,4.255,concluida,False
U0114,S006382,2026-07-21,2026-07-01,59,10.237,concluida,False
U0114,S006388,2026-07-28,2026-07-01,148,24.702,concluida,False
U0114,S006392,2026-08-18,2026-08-01,153,21.488,concluida,False
U0114,S006393,2026-08-19,2026-08-01,53,9.064,concluida,False
U0114,S006391,2026-08-27,2026-08-01,36,5.541,concluida,False
U0114,S006394,2026-08-27,2026-08-01,22,3.295,concluida,False
U0114,S006390,2026-08-31,2026-08-01,19,3.052,concluida,False
U0115,S006399,2026-03-09,2026-03-01,178,30.905,concluida,False
U0115,S006397,2026-03-10,2026-03-01,86,12.062,concluida,False
U0115,S006395,2026-03-14,2026-03-01,59,8.267,concluida,False
U0115,S006400,2026-03-15,2026-03-01,76,12.281,concluida,False
U0115,S006396,2026-03-24,2026-03-01,35,4.982,interrompida,False
U0115,S006398,2026-03-25,2026-03-01,25,3.474,concluida,False
U0115,S006405,2026-04-01,2026-04-01,10,1.674,concluida,False
U0115,S006403,2026-04-06,2026-04-01,133,21.251,concluida,False
U0115,S006406,2026-04-07,2026-04-01,167,26.676,concluida,False
U0115,S006407,2026-04-18,2026-04-01,69,10.162,concluida,False
U0115,S006401,2026-04-21,2026-04-01,67,10.795,concluida,False
U0115,S006404,2026-04-23,2026-04-01,126,21.445,concluida,False
U0115,S006402,2026-04-26,2026-04-01,88,13.264,concluida,False
U0115,S006412,2026-05-02,2026-05-01,65,9.186,concluida,False
U0115,S006413,2026-05-04,2026-05-01,102,16.61,concluida,False
U0115,S006410,2026-05-06,2026-05-01,69,11.945,concluida,False
U0115,S006415,2026-05-07,2026-05-01,104,14.953,concluida,False
U0115,S006414,2026-05-09,2026-05-01,46,7.487,concluida,False
U0115,S006417,2026-05-12,2026-05-01,138,23.019,concluida,False
U0115,S006409,2026-05-20,2026-05-01,115,18.145,concluida,False
U0115,S006408,2026-05-24,2026-05-01,137,20.811,concluida,False
U0115,S006411,2026-05-27,2026-05-01,218,36.824,concluida,False
U0115,S006416,2026-05-29,2026-05-01,194,28.062,concluida,False
U0115,S006421,2026-06-06,2026-06-01,155,24.867,concluida,False
U0115,S006418,2026-06-07,2026-06-01,84,14.233,concluida,False
U0115,S006425,2026-06-09,2026-06-01,69,11.33,concluida,False
U0115,S006423,2026-06-09,2026-06-01,26,4.043,concluida,False
U0115,S006424,2026-06-10,2026-06-01,142,22.579,concluida,False
U0115,S006419,2026-06-15,2026-06-01,96,14.133,concluida,False
U0115,S006420,2026-06-16,2026-06-01,102,15.105,concluida,False
U0115,S006422,2026-06-29,2026-06-01,214,30.01,concluida,False
U0115,S006427,2026-07-02,2026-07-01,97,14.462,concluida,False
U0115,S006435,2026-07-04,2026-07-01,150,20.771,concluida,False
U0115,S006431,2026-07-05,2026-07-01,207,31.533,concluida,False
U0115,S006433,2026-07-07,2026-07-01,81,11.278,concluida,False
U0115,S006436,2026-07-08,2026-07-01,117,18.0,concluida,False
U0115,S006430,2026-07-09,2026-07-01,228,37.538,concluida,False
U0115,S006426,2026-07-12,2026-07-01,71,11.442,concluida,False
U0115,S006432,2026-07-18,2026-07-01,77,12.509,concluida,False
U0115,S006434,2026-07-21,2026-07-01,231,31.875,concluida,False
U0115,S006428,2026-07-26,2026-07-01,85,12.374,concluida,False
U0115,S006429,2026-07-30,2026-07-01,186,31.697,concluida,False
U0115,S006443,2026-08-02,2026-08-01,117,17.765,concluida,False
U0115,S006444,2026-08-05,2026-08-01,50,6.942,concluida,False
U0115,S006440,2026-08-05,2026-08-01,49,8.518,concluida,False
U0115,S006446,2026-08-06,2026-08-01,73,12.531,concluida,False
U0115,S006438,2026-08-11,2026-08-01,168,25.716,concluida,False
U0115,S006439,2026-08-12,2026-08-01,99,13.645,concluida,False
U0115,S006437,2026-08-17,2026-08-01,111,17.261,concluida,False
U0115,S006445,2026-08-20,2026-08-01,126,21.088,concluida,False
U0115,S006441,2026-08-25,2026-08-01,70,10.106,concluida,False
U0115,S006442,2026-08-26,2026-08-01,93,14.532,concluida,False
U0116,S006454,2026-03-02,2026-03-01,94,29.894,concluida,False
U0116,S006447,2026-03-05,2026-03-01,161,48.906,concluida,False
U0116,S006461,2026-03-05,2026-03-01,108,31.008,concluida,False
U0116,S006448,2026-03-06,2026-03-01,54,17.644,concluida,False
U0116,S006456,2026-03-08,2026-03-01,107,37.06,concluida,False
U0116,S006452,2026-03-11,2026-03-01,128,39.686,concluida,False
U0116,S006464,2026-03-11,2026-03-01,110,33.263,concluida,False
U0116,S006455,2026-03-11,2026-03-01,74,24.539,concluida,False
U0116,S006463,2026-03-12,2026-03-01,51,15.122,concluida,False
U0116,S006453,2026-03-13,2026-03-01,86,26.391,concluida,False
U0116,S006458,2026-03-14,2026-03-01,189,52.184,concluida,False
U0116,S006450,2026-03-15,2026-03-01,130,42.039,concluida,False
U0116,S006465,2026-03-16,2026-03-01,156,48.084,concluida,False
U0116,S006457,2026-03-17,2026-03-01,154,51.018,concluida,False
U0116,S006449,2026-03-19,2026-03-01,109,31.331,concluida,False
U0116,S006459,2026-03-22,2026-03-01,227,77.527,concluida,False
U0116,S006451,2026-03-23,2026-03-01,149,47.627,concluida,False
U0116,S006460,2026-03-28,2026-03-01,259,86.366,concluida,False
U0116,S006462,2026-03-30,2026-03-01,115,36.064,concluida,False
U0116,S006480,2026-04-01,2026-04-01,58,16.203,concluida,False
U0116,S006470,2026-04-03,2026-04-01,32,9.954,concluida,False
U0116,S006476,2026-04-05,2026-04-01,141,40.259,concluida,False
U0116,S006474,2026-04-05,2026-04-01,48,16.086,concluida,False
U0116,S006473,2026-04-07,2026-04-01,61,19.567,concluida,False
U0116,S006481,2026-04-07,2026-04-01,95,32.292,concluida,False
U0116,S006477,2026-04-08,2026-04-01,215,70.079,concluida,False
U0116,S006475,2026-04-15,2026-04-01,209,58.377,concluida,False
U0116,S006467,2026-04-15,2026-04-01,95,27.682,concluida,False
U0116,S006485,2026-04-16,2026-04-01,115,38.409,concluida,False
U0116,S006482,2026-04-17,2026-04-01,274,79.145,concluida,False
U0116,S006472,2026-04-19,2026-04-01,95,31.425,concluida,False
U0116,S006479,2026-04-20,2026-04-01,99,30.254,concluida,False
U0116,S006478,2026-04-22,2026-04-01,47,15.926,concluida,False
U0116,S006484,2026-04-23,2026-04-01,104,28.913,concluida,False
U0116,S006466,2026-04-24,2026-04-01,110,33.617,concluida,False
U0116,S006468,2026-04-24,2026-04-01,20,6.6,concluida,False
U0116,S006469,2026-04-27,2026-04-01,57,17.977,concluida,False
U0116,S006471,2026-04-28,2026-04-01,123,39.138,concluida,False
U0116,S006483,2026-04-29,2026-04-01,31,10.791,concluida,False
U0116,S006499,2026-05-01,2026-05-01,18,5.487,interrompida,False
U0116,S006490,2026-05-02,2026-05-01,156,45.649,concluida,False
U0116,S006486,2026-05-02,2026-05-01,104,34.817,concluida,False
U0116,S006502,2026-05-04,2026-05-01,63,21.651,concluida,False
U0116,S006516,2026-05-04,2026-05-01,92,29.92,concluida,False
U0116,S006495,2026-05-05,2026-05-01,77,24.7,concluida,False
U0116,S006494,2026-05-07,2026-05-01,257,85.216,concluida,False
U0116,S006497,2026-05-07,2026-05-01,109,37.538,concluida,False
U0116,S006493,2026-05-07,2026-05-01,58,19.776,concluida,False
U0116,S006487,2026-05-08,2026-05-01,60,19.372,concluida,False
U0116,S006504,2026-05-08,2026-05-01,101,29.066,concluida,False
U0116,S006506,2026-05-08,2026-05-01,121,40.352,concluida,False
U0116,S006512,2026-05-09,2026-05-01,117,34.933,concluida,False
U0116,S006513,2026-05-09,2026-05-01,213,73.704,concluida,False
U0116,S006498,2026-05-10,2026-05-01,198,62.001,concluida,False
U0116,S006500,2026-05-13,2026-05-01,122,36.068,concluida,False
U0116,S006507,2026-05-15,2026-05-01,26,8.615,concluida,False
U0116,S006491,2026-05-16,2026-05-01,97,32.246,concluida,False
U0116,S006514,2026-05-16,2026-05-01,306,92.351,concluida,False
U0116,S006508,2026-05-17,2026-05-01,28,8.849,concluida,False
U0116,S006515,2026-05-17,2026-05-01,200,61.892,concluida,False
U0116,S006510,2026-05-20,2026-05-01,32,8.958,concluida,False
U0116,S006488,2026-05-22,2026-05-01,93,29.875,concluida,False
U0116,S006501,2026-05-24,2026-05-01,86,25.523,concluida,False
U0116,S006503,2026-05-24,2026-05-01,81,26.201,concluida,False
U0116,S006492,2026-05-25,2026-05-01,163,49.337,concluida,False
U0116,S006509,2026-05-27,2026-05-01,99,29.826,concluida,False
U0116,S006505,2026-05-27,2026-05-01,20,6.847,concluida,False
U0116,S006496,2026-05-27,2026-05-01,65,20.436,concluida,False
U0116,S006511,2026-05-27,2026-05-01,37,11.243,concluida,False
U0116,S006489,2026-05-30,2026-05-01,95,29.889,concluida,False
U0116,S006539,2026-06-06,2026-06-01,36,10.818,concluida,False
U0116,S006538,2026-06-06,2026-06-01,230,73.825,concluida,False
U0116,S006532,2026-06-06,2026-06-01,95,27.942,concluida,False
U0116,S006520,2026-06-08,2026-06-01,16,5.223,concluida,False
U0116,S006523,2026-06-11,2026-06-01,20,5.76,concluida,False
U0116,S006530,2026-06-11,2026-06-01,199,67.605,concluida,False
U0116,S006533,2026-06-12,2026-06-01,65,20.768,concluida,False
U0116,S006521,2026-06-14,2026-06-01,74,21.552,concluida,False
U0116,S006528,2026-06-14,2026-06-01,86,29.867,concluida,False
U0116,S006529,2026-06-14,2026-06-01,41,13.519,concluida,False
U0116,S006517,2026-06-14,2026-06-01,32,9.136,concluida,False
U0116,S006526,2026-06-17,2026-06-01,90,28.103,concluida,False
U0116,S006536,2026-06-17,2026-06-01,50,15.844,concluida,False
U0116,S006535,2026-06-18,2026-06-01,111,36.71,concluida,False
U0116,S006534,2026-06-21,2026-06-01,102,31.264,concluida,False
U0116,S006519,2026-06-22,2026-06-01,76,23.472,concluida,False
U0116,S006527,2026-06-23,2026-06-01,49,14.786,concluida,False
U0116,S006537,2026-06-24,2026-06-01,223,62.72,concluida,False
U0116,S006518,2026-06-24,2026-06-01,98,33.473,concluida,False
U0116,S006522,2026-06-26,2026-06-01,95,31.32,concluida,False
U0116,S006524,2026-06-28,2026-06-01,97,32.083,concluida,False
U0116,S006531,2026-06-28,2026-06-01,222,62.218,concluida,False
U0116,S006525,2026-06-30,2026-06-01,169,58.366,concluida,False
U0116,S006552,2026-07-01,2026-07-01,137,46.062,concluida,False
U0116,S006540,2026-07-01,2026-07-01,205,58.392,concluida,False
U0116,S006541,2026-07-04,2026-07-01,83,25.202,concluida,False
U0116,S006548,2026-07-07,2026-07-01,92,110.029,concluida,True
U0116,S006550,2026-07-07,2026-07-01,61,20.326,concluida,False
U0116,S006557,2026-07-13,2026-07-01,74,21.59,concluida,False
U0116,S006546,2026-07-13,2026-07-01,91,29.906,concluida,False
U0116,S006545,2026-07-14,2026-07-01,46,13.345,concluida,False
U0116,S006544,2026-07-14,2026-07-01,130,37.179,concluida,False
U0116,S006556,2026-07-15,2026-07-01,42,14.155,interrompida,False
U0116,S006558,2026-07-16,2026-07-01,48,14.985,concluida,False
U0116,S006559,2026-07-19,2026-07-01,24,7.368,interrompida,False
U0116,S006542,2026-07-19,2026-07-01,52,16.216,concluida,False
U0116,S006555,2026-07-23,2026-07-01,121,34.108,concluida,False
U0116,S006560,2026-07-23,2026-07-01,52,16.847,concluida,False
U0116,S006549,2026-07-25,2026-07-01,77,22.158,concluida,False
U0116,S006547,2026-07-26,2026-07-01,202,220.172,concluida,True
U0116,S006543,2026-07-27,2026-07-01,192,57.909,concluida,False
U0116,S006551,2026-07-27,2026-07-01,105,29.498,concluida,False
U0116,S006553,2026-07-28,2026-07-01,92,29.838,concluida,False
U0116,S006554,2026-07-31,2026-07-01,92,29.762,concluida,False
U0116,S006564,2026-08-02,2026-08-01,137,45.775,concluida,False
U0116,S006569,2026-08-11,2026-08-01,52,15.355,concluida,False
U0116,S006565,2026-08-13,2026-08-01,311,95.897,concluida,False
U0116,S006571,2026-08-15,2026-08-01,152,51.154,concluida,False
U0116,S006561,2026-08-16,2026-08-01,83,24.156,concluida,False
U0116,S006576,2026-08-16,2026-08-01,61,20.393,concluida,False
U0116,S006568,2026-08-17,2026-08-01,19,6.478,concluida,False
U0116,S006574,2026-08-19,2026-08-01,143,45.217,concluida,False
U0116,S006570,2026-08-19,2026-08-01,51,14.945,concluida,False
U0116,S006575,2026-08-22,2026-08-01,58,19.117,concluida,False
U0116,S006573,2026-08-22,2026-08-01,47,15.367,concluida,False
U0116,S006562,2026-08-22,2026-08-01,89,25.489,concluida,False
U0116,S006579,2026-08-23,2026-08-01,53,16.885,concluida,False
U0116,S006566,2026-08-23,2026-08-01,97,32.173,concluida,False
U0116,S006578,2026-08-25,2026-08-01,140,48.321,concluida,False
U0116,S006567,2026-08-26,2026-08-01,68,21.71,concluida,False
U0116,S006577,2026-08-30,2026-08-01,43,13.515,concluida,False
U0116,S006572,2026-08-31,2026-08-01,138,45.066,concluida,False
U0116,S006563,2026-08-31,2026-08-01,104,31.117,concluida,False
U0117,S006583,2026-03-01,2026-03-01,76,7.748,concluida,False
U0117,S006585,2026-03-05,2026-03-01,39,4.356,interrompida,False
U0117,S006597,2026-03-05,2026-03-01,159,17.848,concluida,False
U0117,S006588,2026-03-07,2026-03-01,78,8.069,concluida,False
U0117,S006594,2026-03-09,2026-03-01,186,21.308,concluida,False
U0117,S006598,2026-03-11,2026-03-01,35,4.087,concluida,False
U0117,S006587,2026-03-13,2026-03-01,205,21.373,concluida,False
U0117,S006584,2026-03-14,2026-03-01,31,3.407,concluida,False
U0117,S006591,2026-03-16,2026-03-01,60,5.975,concluida,False
U0117,S006592,2026-03-16,2026-03-01,58,5.414,concluida,False
U0117,S006586,2026-03-18,2026-03-01,88,32.339,concluida,True
U0117,S006596,2026-03-18,2026-03-01,31,2.912,concluida,False
U0117,S006599,2026-03-19,2026-03-01,62,6.524,concluida,False
U0117,S006590,2026-03-19,2026-03-01,179,19.633,concluida,False
U0117,S006593,2026-03-20,2026-03-01,103,9.72,concluida,False
U0117,S006595,2026-03-23,2026-03-01,83,7.78,concluida,False
U0117,S006589,2026-03-29,2026-03-01,69,6.998,concluida,False
U0117,S006582,2026-03-30,2026-03-01,82,8.756,concluida,False
U0117,S006581,2026-03-31,2026-03-01,80,8.893,concluida,False
U0117,S006580,2026-03-31,2026-03-01,75,7.981,concluida,False
U0117,S006607,2026-04-01,2026-04-01,67,6.683,concluida,False
U0117,S006617,2026-04-01,2026-04-01,59,5.603,concluida,False
U0117,S006601,2026-04-02,2026-04-01,119,11.214,concluida,False
U0117,S006611,2026-04-03,2026-04-01,205,19.88,concluida,False
U0117,S006600,2026-04-04,2026-04-01,100,10.028,concluida,False
U0117,S006604,2026-04-08,2026-04-01,118,12.085,concluida,False
U0117,S006602,2026-04-15,2026-04-01,27,2.843,concluida,False
U0117,S006616,2026-04-18,2026-04-01,74,7.819,concluida,False
U0117,S006605,2026-04-18,2026-04-01,211,20.956,concluida,False
U0117,S006606,2026-04-19,2026-04-01,40,4.191,concluida,False
U0117,S006608,2026-04-21,2026-04-01,103,11.331,concluida,False
U0117,S006613,2026-04-22,2026-04-01,84,9.816,concluida,False
U0117,S006612,2026-04-24,2026-04-01,28,2.748,concluida,False
U0117,S006614,2026-04-27,2026-04-01,68,7.702,concluida,False
U0117,S006610,2026-04-28,2026-04-01,148,13.743,concluida,False
U0117,S006615,2026-04-29,2026-04-01,214,67.418,concluida,True
U0117,S006609,2026-04-29,2026-04-01,85,9.238,concluida,False
U0117,S006603,2026-04-30,2026-04-01,75,8.249,concluida,False
U0117,S006622,2026-05-02,2026-05-01,148,15.288,concluida,False
U0117,S006629,2026-05-03,2026-05-01,69,7.954,concluida,False
U0117,S006623,2026-05-03,2026-05-01,210,20.133,concluida,False
U0117,S006627,2026-05-04,2026-05-01,46,5.244,concluida,False
U0117,S006620,2026-05-04,2026-05-01,225,25.993,concluida,False
U0117,S006631,2026-05-08,2026-05-01,278,28.159,concluida,False
U0117,S006621,2026-05-08,2026-05-01,138,15.573,concluida,False
U0117,S006626,2026-05-08,2026-05-01,23,8.213,concluida,True
U0117,S006625,2026-05-11,2026-05-01,22,2.368,interrompida,False
U0117,S006619,2026-05-13,2026-05-01,51,5.198,concluida,False
U0117,S006618,2026-05-21,2026-05-01,310,35.347,concluida,False
U0117,S006628,2026-05-22,2026-05-01,137,13.264,concluida,False
U0117,S006624,2026-05-25,2026-05-01,115,13.118,concluida,False
U0117,S006630,2026-05-31,2026-05-01,245,26.881,concluida,False
U0117,S006647,2026-06-04,2026-06-01,100,10.546,concluida,False
U0117,S006633,2026-06-05,2026-06-01,129,13.267,concluida,False
U0117,S006645,2026-06-07,2026-06-01,168,17.794,concluida,False
U0117,S006642,2026-06-08,2026-06-01,129,13.917,concluida,False
U0117,S006639,2026-06-09,2026-06-01,165,16.58,concluida,False
U0117,S006646,2026-06-09,2026-06-01,189,20.928,concluida,False
U0117,S006641,2026-06-13,2026-06-01,38,4.16,concluida,False
U0117,S006643,2026-06-15,2026-06-01,175,17.651,concluida,False
U0117,S006650,2026-06-16,2026-06-01,198,22.014,concluida,False
U0117,S006637,2026-06-16,2026-06-01,25,2.713,concluida,False
U0117,S006640,2026-06-17,2026-06-01,77,7.221,concluida,False
U0117,S006651,2026-06-17,2026-06-01,81,8.633,concluida,False
U0117,S006636,2026-06-18,2026-06-01,190,19.189,concluida,False
U0117,S006648,2026-06-19,2026-06-01,105,10.911,concluida,False
U0117,S006638,2026-06-20,2026-06-01,200,19.498,concluida,False
U0117,S006632,2026-06-22,2026-06-01,120,13.909,concluida,False
U0117,S006634,2026-06-23,2026-06-01,27,3.041,concluida,False
U0117,S006644,2026-06-24,2026-06-01,176,19.984,concluida,False
U0117,S006635,2026-06-27,2026-06-01,78,7.82,concluida,False
U0117,S006649,2026-06-29,2026-06-01,40,4.362,interrompida,False
U0117,S006665,2026-07-01,2026-07-01,198,19.145,concluida,False
U0117,S006658,2026-07-01,2026-07-01,97,11.137,concluida,False
U0117,S006662,2026-07-02,2026-07-01,98,10.075,concluida,False
U0117,S006654,2026-07-06,2026-07-01,207,20.376,concluida,False
U0117,S006652,2026-07-06,2026-07-01,67,7.143,concluida,False
U0117,S006659,2026-07-07,2026-07-01,63,27.294,concluida,True
U0117,S006657,2026-07-09,2026-07-01,88,8.148,concluida,False
U0117,S006656,2026-07-11,2026-07-01,66,7.566,concluida,False
U0117,S006660,2026-07-12,2026-07-01,78,7.408,concluida,False
U0117,S006663,2026-07-13,2026-07-01,210,24.4,concluida,False
U0117,S006661,2026-07-21,2026-07-01,164,15.544,concluida,False
U0117,S006664,2026-07-22,2026-07-01,213,22.455,concluida,False
U0117,S006655,2026-07-30,2026-07-01,76,7.706,concluida,False
U0117,S006653,2026-07-30,2026-07-01,136,13.328,concluida,False
U0117,S006668,2026-08-04,2026-08-01,89,8.579,concluida,False
U0117,S006676,2026-08-05,2026-08-01,89,10.197,concluida,False
U0117,S006669,2026-08-08,2026-08-01,32,3.513,concluida,False
U0117,S006673,2026-08-13,2026-08-01,188,18.479,concluida,False
U0117,S006666,2026-08-13,2026-08-01,119,13.746,concluida,False
U0117,S006667,2026-08-13,2026-08-01,47,4.63,concluida,False
U0117,S006671,2026-08-14,2026-08-01,203,23.779,concluida,False
U0117,S006674,2026-08-17,2026-08-01,81,8.217,concluida,False
U0117,S006675,2026-08-18,2026-08-01,73,7.349,concluida,False
U0117,S006677,2026-08-21,2026-08-01,178,18.711,concluida,False
U0117,S006678,2026-08-24,2026-08-01,146,14.998,concluida,False
U0117,S006670,2026-08-26,2026-08-01,339,36.939,concluida,False
U0117,S006672,2026-08-28,2026-08-01,83,7.748,concluida,False
U0118,S006680,2026-04-07,2026-04-01,76,8.585,concluida,False
U0118,S006679,2026-04-10,2026-04-01,59,6.318,concluida,False
U0118,S006684,2026-04-12,2026-04-01,258,29.433,concluida,False
U0118,S006688,2026-04-12,2026-04-01,54,6.236,interrompida,False
U0118,S006682,2026-04-14,2026-04-01,37,3.994,concluida,False
U0118,S006686,2026-04-15,2026-04-01,74,26.546,concluida,True
U0118,S006689,2026-04-18,2026-04-01,93,9.139,concluida,False
U0118,S006687,2026-04-20,2026-04-01,37,3.765,concluida,False
U0118,S006685,2026-04-25,2026-04-01,27,2.879,concluida,False
U0118,S006683,2026-04-28,2026-04-01,85,8.326,concluida,False
U0118,S006681,2026-04-29,2026-04-01,87,8.335,concluida,False
U0118,S006694,2026-05-02,2026-05-01,50,5.348,concluida,False
U0118,S006691,2026-05-06,2026-05-01,102,11.747,concluida,False
U0118,S006690,2026-05-09,2026-05-01,127,13.549,concluida,False
U0118,S006696,2026-05-14,2026-05-01,78,8.043,concluida,False
U0118,S006693,2026-05-17,2026-05-01,23,2.638,concluida,False
U0118,S006697,2026-05-25,2026-05-01,43,4.484,concluida,False
U0118,S006692,2026-05-25,2026-05-01,198,21.143,concluida,False
U0118,S006695,2026-05-28,2026-05-01,148,16.877,concluida,False
U0118,S006703,2026-06-05,2026-06-01,172,19.013,concluida,False
U0118,S006704,2026-06-07,2026-06-01,140,16.353,concluida,False
U0118,S006698,2026-06-08,2026-06-01,106,11.376,concluida,False
U0118,S006701,2026-06-10,2026-06-01,165,18.35,concluida,False
U0118,S006699,2026-06-12,2026-06-01,133,14.736,concluida,False
U0118,S006702,2026-06-16,2026-06-01,114,11.65,concluida,False
U0118,S006700,2026-06-27,2026-06-01,20,2.239,concluida,False
U0118,S006711,2026-07-04,2026-07-01,108,34.989,concluida,True
U0118,S006709,2026-07-06,2026-07-01,79,7.423,concluida,False
U0118,S006716,2026-07-09,2026-07-01,14,1.346,concluida,False
U0118,S006713,2026-07-11,2026-07-01,47,5.43,concluida,False
U0118,S006712,2026-07-12,2026-07-01,233,24.586,concluida,False
U0118,S006715,2026-07-13,2026-07-01,117,12.928,concluida,False
U0118,S006717,2026-07-14,2026-07-01,91,9.751,concluida,False
U0118,S006710,2026-07-16,2026-07-01,83,9.092,concluida,False
U0118,S006706,2026-07-17,2026-07-01,124,13.954,concluida,False
U0118,S006705,2026-07-18,2026-07-01,98,10.649,concluida,False
U0118,S006714,2026-07-20,2026-07-01,72,7.379,concluida,False
U0118,S006718,2026-07-26,2026-07-01,47,5.134,concluida,False
U0118,S006708,2026-07-27,2026-07-01,60,5.725,concluida,False
U0118,S006707,2026-07-30,2026-07-01,68,7.147,concluida,False
U0118,S006727,2026-08-02,2026-08-01,106,11.514,concluida,False
U0118,S006731,2026-08-02,2026-08-01,69,7.677,concluida,False
U0118,S006722,2026-08-07,2026-08-01,139,14.469,concluida,False
U0118,S006726,2026-08-08,2026-08-01,31,3.148,concluida,False
U0118,S006730,2026-08-09,2026-08-01,237,24.784,concluida,False
U0118,S006732,2026-08-15,2026-08-01,94,8.852,concluida,False
U0118,S006720,2026-08-16,2026-08-01,110,11.188,concluida,False
U0118,S006729,2026-08-20,2026-08-01,105,11.273,concluida,False
U0118,S006719,2026-08-25,2026-08-01,20,1.964,interrompida,False
U0118,S006725,2026-08-25,2026-08-01,115,11.262,concluida,False
U0118,S006723,2026-08-27,2026-08-01,69,7.325,concluida,False
U0118,S006728,2026-08-29,2026-08-01,125,12.458,concluida,False
U0118,S006724,2026-08-29,2026-08-01,26,2.506,concluida,False
U0118,S006721,2026-08-31,2026-08-01,43,4.97,concluida,False
U0119,S006733,2026-03-19,2026-03-01,213,36.674,concluida,False
U0119,S006734,2026-03-22,2026-03-01,108,17.912,concluida,False
U0119,S006735,2026-03-30,2026-03-01,62,9.438,concluida,False
U0119,S006736,2026-03-30,2026-03-01,69,10.8,concluida,False
U0119,S006743,2026-04-13,2026-04-01,42,7.021,concluida,False
U0119,S006740,2026-04-13,2026-04-01,42,6.555,concluida,False
U0119,S006738,2026-04-16,2026-04-01,140,22.912,concluida,False
U0119,S006744,2026-04-18,2026-04-01,36,6.06,concluida,False
U0119,S006742,2026-04-18,2026-04-01,106,17.35,concluida,False
U0119,S006739,2026-04-22,2026-04-01,45,7.511,concluida,False
U0119,S006741,2026-04-25,2026-04-01,225,31.917,concluida,False
U0119,S006745,2026-04-25,2026-04-01,126,20.207,concluida,False
U0119,S006737,2026-04-29,2026-04-01,207,31.721,concluida,False
U0119,S006747,2026-05-01,2026-05-01,191,29.973,concluida,False
U0119,S006749,2026-05-07,2026-05-01,108,18.411,concluida,False
U0119,S006746,2026-05-09,2026-05-01,132,22.774,concluida,False
U0119,S006751,2026-05-09,2026-05-01,37,6.051,concluida,False
U0119,S006750,2026-05-19,2026-05-01,37,6.569,interrompida,False
U0119,S006748,2026-05-29,2026-05-01,56,8.097,concluida,False
U0119,S006752,2026-06-02,2026-06-01,44,7.357,interrompida,False
U0119,S006753,2026-06-08,2026-06-01,138,23.334,concluida,False
U0119,S006757,2026-06-09,2026-06-01,38,6.216,concluida,False
U0119,S006755,2026-06-17,2026-06-01,77,11.043,concluida,False
U0119,S006756,2026-06-24,2026-06-01,53,7.881,concluida,False
U0119,S006754,2026-06-25,2026-06-01,221,33.99,concluida,False
U0119,S006758,2026-07-04,2026-07-01,126,21.264,concluida,False
U0119,S006762,2026-07-07,2026-07-01,46,7.581,concluida,False
U0119,S006760,2026-07-15,2026-07-01,141,24.245,concluida,False
U0119,S006759,2026-07-26,2026-07-01,85,12.959,concluida,False
U0119,S006763,2026-07-26,2026-07-01,54,8.798,concluida,False
U0119,S006761,2026-07-31,2026-07-01,95,14.75,concluida,False
U0119,S006764,2026-08-01,2026-08-01,13,2.09,concluida,False
U0119,S006766,2026-08-02,2026-08-01,174,24.696,concluida,False
U0119,S006769,2026-08-04,2026-08-01,94,14.407,concluida,False
U0119,S006765,2026-08-09,2026-08-01,84,14.516,concluida,False
U0119,S006768,2026-08-15,2026-08-01,153,26.595,concluida,False
U0119,S006770,2026-08-28,2026-08-01,76,12.571,concluida,False
U0119,S006767,2026-08-28,2026-08-01,76,11.745,concluida,False
U0120,S006773,2026-03-02,2026-03-01,72,11.849,concluida,False
U0120,S006772,2026-03-15,2026-03-01,124,17.666,concluida,False
U0120,S006774,2026-03-21,2026-03-01,63,9.99,concluida,False
U0120,S006771,2026-03-23,2026-03-01,68,9.875,concluida,False
U0120,S006775,2026-04-05,2026-04-01,244,37.295,concluida,False
U0120,S006777,2026-04-20,2026-04-01,64,9.717,concluida,False
U0120,S006776,2026-04-29,2026-04-01,25,3.582,concluida,False
U0120,S006779,2026-05-01,2026-05-01,89,14.273,concluida,False
U0120,S006778,2026-05-02,2026-05-01,17,2.844,concluida,False
U0120,S006780,2026-05-05,2026-05-01,107,17.737,concluida,False
U0120,S006782,2026-05-11,2026-05-01,90,14.803,concluida,False
U0120,S006781,2026-05-13,2026-05-01,80,12.277,concluida,False
U0120,S006785,2026-05-15,2026-05-01,263,42.58,concluida,False
U0120,S006783,2026-05-23,2026-05-01,81,12.361,concluida,False
U0120,S006784,2026-05-23,2026-05-01,104,17.904,concluida,False
U0120,S006786,2026-06-11,2026-06-01,81,11.804,concluida,False
U0120,S006788,2026-06-12,2026-06-01,101,16.969,concluida,False
U0120,S006787,2026-06-28,2026-06-01,43,7.106,concluida,False
U0120,S006789,2026-07-01,2026-07-01,85,12.771,concluida,False
U0120,S006793,2026-07-21,2026-07-01,184,31.593,concluida,False
U0120,S006791,2026-07-29,2026-07-01,17,2.504,concluida,False
U0120,S006792,2026-07-30,2026-07-01,195,31.007,concluida,False
U0120,S006790,2026-07-31,2026-07-01,45,7.215,concluida,False
U0120,S006795,2026-08-03,2026-08-01,80,11.256,concluida,False
U0120,S006794,2026-08-08,2026-08-01,60,9.293,interrompida,False
U0120,S006796,2026-08-23,2026-08-01,99,13.887,concluida,False
U0121,S006801,2026-03-03,2026-03-01,45,12.866,concluida,False
U0121,S006800,2026-03-07,2026-03-01,196,59.892,concluida,False
U0121,S006797,2026-03-07,2026-03-01,136,45.729,concluida,False
U0121,S006802,2026-03-08,2026-03-01,66,22.082,concluida,False
U0121,S006799,2026-03-22,2026-03-01,58,18.606,concluida,False
U0121,S006798,2026-03-25,2026-03-01,131,38.438,concluida,False
U0121,S006808,2026-04-01,2026-04-01,59,16.286,concluida,False
U0121,S006803,2026-04-02,2026-04-01,25,8.115,concluida,False
U0121,S006806,2026-04-08,2026-04-01,134,44.397,concluida,False
U0121,S006804,2026-04-09,2026-04-01,207,67.414,concluida,False
U0121,S006809,2026-04-11,2026-04-01,121,39.082,concluida,False
U0121,S006805,2026-04-20,2026-04-01,133,41.795,concluida,False
U0121,S006807,2026-04-26,2026-04-01,68,23.159,concluida,False
U0121,S006814,2026-05-03,2026-05-01,184,56.145,concluida,False
U0121,S006810,2026-05-07,2026-05-01,78,23.067,concluida,False
U0121,S006818,2026-05-13,2026-05-01,143,40.989,concluida,False
U0121,S006812,2026-05-13,2026-05-01,34,9.902,concluida,False
U0121,S006817,2026-05-17,2026-05-01,103,29.451,concluida,False
U0121,S006811,2026-05-18,2026-05-01,202,66.528,concluida,False
U0121,S006819,2026-05-19,2026-05-01,30,9.769,concluida,False
U0121,S006813,2026-05-26,2026-05-01,8,2.682,interrompida,False
U0121,S006815,2026-05-29,2026-05-01,156,53.892,concluida,False
U0121,S006816,2026-05-29,2026-05-01,67,23.156,concluida,False
U0121,S006823,2026-06-07,2026-06-01,186,55.043,concluida,False
U0121,S006824,2026-06-10,2026-06-01,25,8.575,concluida,False
U0121,S006821,2026-06-24,2026-06-01,105,31.72,concluida,False
U0121,S006822,2026-06-25,2026-06-01,18,5.466,concluida,False
U0121,S006820,2026-06-28,2026-06-01,97,27.732,concluida,False
U0121,S006826,2026-07-07,2026-07-01,58,19.726,concluida,False
U0121,S006825,2026-07-13,2026-07-01,117,35.193,concluida,False
U0121,S006828,2026-07-13,2026-07-01,128,36.083,concluida,False
U0121,S006827,2026-07-16,2026-07-01,128,44.523,concluida,False
U0121,S006829,2026-07-22,2026-07-01,76,24.068,concluida,False
U0121,S006834,2026-08-01,2026-08-01,41,13.115,concluida,False
U0121,S006840,2026-08-06,2026-08-01,138,47.684,concluida,False
U0121,S006832,2026-08-09,2026-08-01,26,8.705,concluida,False
U0121,S006830,2026-08-11,2026-08-01,153,138.856,concluida,True
U0121,S006835,2026-08-12,2026-08-01,48,16.422,concluida,False
U0121,S006836,2026-08-14,2026-08-01,59,16.931,concluida,False
U0121,S006833,2026-08-17,2026-08-01,145,43.627,concluida,False
U0121,S006831,2026-08-19,2026-08-01,39,11.618,concluida,False
U0121,S006838,2026-08-20,2026-08-01,193,61.671,concluida,False
U0121,S006839,2026-08-21,2026-08-01,98,32.951,concluida,False
U0121,S006837,2026-08-26,2026-08-01,57,17.64,concluida,False
U0122,S006841,2026-03-03,2026-03-01,18,5.55,concluida,False
U0122,S006842,2026-03-05,2026-03-01,178,191.372,concluida,True
U0122,S006843,2026-03-09,2026-03-01,88,25.64,concluida,False
U0122,S006845,2026-03-24,2026-03-01,28,8.082,concluida,False
U0122,S006846,2026-03-27,2026-03-01,46,15.175,concluida,False
U0122,S006844,2026-03-29,2026-03-01,76,24.481,concluida,False
U0122,S006849,2026-04-10,2026-04-01,19,5.993,concluida,False
U0122,S006847,2026-04-14,2026-04-01,135,41.94,concluida,False
U0122,S006851,2026-04-23,2026-04-01,215,71.515,concluida,False
U0122,S006848,2026-04-25,2026-04-01,123,40.251,concluida,False
U0122,S006850,2026-04-28,2026-04-01,18,5.299,interrompida,False
U0122,S006852,2026-04-28,2026-04-01,67,22.095,concluida,False
U0122,S006862,2026-05-02,2026-05-01,182,55.166,concluida,False
U0122,S006857,2026-05-02,2026-05-01,52,17.011,concluida,False
U0122,S006864,2026-05-05,2026-05-01,35,10.439,concluida,False
U0122,S006859,2026-05-06,2026-05-01,82,27.263,concluida,False
U0122,S006856,2026-05-06,2026-05-01,150,42.348,concluida,False
U0122,S006861,2026-05-12,2026-05-01,193,60.194,concluida,False
U0122,S006860,2026-05-15,2026-05-01,98,33.42,concluida,False
U0122,S006854,2026-05-16,2026-05-01,71,23.534,concluida,False
U0122,S006866,2026-05-17,2026-05-01,79,25.024,concluida,False
U0122,S006865,2026-05-19,2026-05-01,77,23.499,concluida,False
U0122,S006855,2026-05-22,2026-05-01,61,16.989,concluida,False
U0122,S006863,2026-05-22,2026-05-01,47,13.537,concluida,False
U0122,S006858,2026-05-23,2026-05-01,52,16.337,concluida,False
U0122,S006853,2026-05-31,2026-05-01,88,25.037,concluida,False
U0122,S006870,2026-06-03,2026-06-01,54,15.962,concluida,False
U0122,S006871,2026-06-05,2026-06-01,142,46.076,concluida,False
U0122,S006869,2026-06-24,2026-06-01,27,7.767,concluida,False
U0122,S006868,2026-06-26,2026-06-01,56,15.955,concluida,False
U0122,S006867,2026-06-28,2026-06-01,60,20.327,concluida,False
U0122,S006874,2026-07-01,2026-07-01,85,26.804,concluida,False
U0122,S006875,2026-07-04,2026-07-01,131,38.48,concluida,False
U0122,S006872,2026-07-10,2026-07-01,164,56.645,concluida,False
U0122,S006882,2026-07-14,2026-07-01,68,22.209,concluida,False
U0122,S006881,2026-07-16,2026-07-01,223,72.337,concluida,False
U0122,S006880,2026-07-17,2026-07-01,171,53.091,concluida,False
U0122,S006878,2026-07-19,2026-07-01,28,8.516,concluida,False
U0122,S006877,2026-07-19,2026-07-01,52,14.711,concluida,False
U0122,S006873,2026-07-19,2026-07-01,109,35.634,concluida,False
U0122,S006876,2026-07-20,2026-07-01,96,29.182,concluida,False
U0122,S006879,2026-07-22,2026-07-01,138,38.03,concluida,False
U0122,S006883,2026-07-28,2026-07-01,86,29.64,concluida,False
U0122,S006885,2026-08-07,2026-08-01,124,42.675,concluida,False
U0122,S006889,2026-08-10,2026-08-01,131,42.241,concluida,False
U0122,S006886,2026-08-12,2026-08-01,103,31.705,concluida,False
U0122,S006894,2026-08-15,2026-08-01,173,57.099,concluida,False
U0122,S006890,2026-08-16,2026-08-01,129,39.991,concluida,False
U0122,S006892,2026-08-16,2026-08-01,108,31.792,concluida,False
U0122,S006888,2026-08-18,2026-08-01,47,14.587,concluida,False
U0122,S006893,2026-08-20,2026-08-01,116,36.132,concluida,False
U0122,S006884,2026-08-24,2026-08-01,133,37.199,concluida,False
U0122,S006891,2026-08-28,2026-08-01,133,36.866,concluida,False
U0122,S006887,2026-08-29,2026-08-01,71,23.623,concluida,False
U0123,S006896,2026-03-05,2026-03-01,54,17.848,concluida,False
U0123,S006898,2026-03-16,2026-03-01,57,17.297,interrompida,False
U0123,S006895,2026-03-17,2026-03-01,134,44.806,concluida,False
U0123,S006899,2026-03-22,2026-03-01,142,40.881,concluida,False
U0123,S006897,2026-03-23,2026-03-01,145,49.27,concluida,False
U0123,S006903,2026-04-06,2026-04-01,129,44.576,concluida,False
U0123,S006901,2026-04-06,2026-04-01,243,73.577,concluida,False
U0123,S006904,2026-04-09,2026-04-01,68,21.593,concluida,False
U0123,S006902,2026-04-22,2026-04-01,93,30.146,concluida,False
U0123,S006900,2026-04-27,2026-04-01,127,37.421,concluida,False
U0123,S006905,2026-06-13,2026-06-01,115,139.089,concluida,True
U0123,S006906,2026-06-13,2026-06-01,47,15.376,concluida,False
U0123,S006907,2026-06-22,2026-06-01,80,24.281,concluida,False
U0123,S006913,2026-07-11,2026-07-01,43,12.765,concluida,False
U0123,S006914,2026-07-16,2026-07-01,92,31.95,concluida,False
U0123,S006912,2026-07-19,2026-07-01,168,52.904,concluida,False
U0123,S006915,2026-07-20,2026-07-01,79,25.209,concluida,False
U0123,S006910,2026-07-24,2026-07-01,125,43.483,concluida,False
U0123,S006909,2026-07-25,2026-07-01,49,16.68,concluida,False
U0123,S006908,2026-07-28,2026-07-01,523,176.014,concluida,False
U0123,S006911,2026-07-30,2026-07-01,225,69.84,concluida,False
U0123,S006916,2026-08-01,2026-08-01,99,31.994,concluida,False
U0123,S006919,2026-08-03,2026-08-01,28,8.726,concluida,False
U0123,S006917,2026-08-07,2026-08-01,114,34.62,concluida,False
U0123,S006918,2026-08-14,2026-08-01,190,54.432,concluida,False
U0123,S006920,2026-08-17,2026-08-01,73,21.0,concluida,False
U0123,S006921,2026-08-26,2026-08-01,25,8.255,concluida,False
U0124,S006930,2026-03-04,2026-03-01,81,22.333,concluida,False
U0124,S006924,2026-03-07,2026-03-01,171,56.854,concluida,False
U0124,S006929,2026-03-09,2026-03-01,114,34.63,interrompida,False
U0124,S006928,2026-03-14,2026-03-01,113,36.579,concluida,False
U0124,S006926,2026-03-17,2026-03-01,311,96.879,concluida,False
U0124,S006922,2026-03-18,2026-03-01,134,38.388,concluida,False
U0124,S006925,2026-03-20,2026-03-01,47,13.693,concluida,False
U0124,S006923,2026-03-23,2026-03-01,107,31.961,concluida,False
U0124,S006927,2026-03-26,2026-03-01,98,31.252,concluida,False
U0124,S006935,2026-04-03,2026-04-01,159,46.199,concluida,False
U0124,S006936,2026-04-13,2026-04-01,19,6.382,concluida,False
U0124,S006934,2026-04-16,2026-04-01,85,26.441,concluida,False
U0124,S006931,2026-04-17,2026-04-01,205,57.113,concluida,False
U0124,S006933,2026-04-18,2026-04-01,168,135.658,concluida,True
U0124,S006932,2026-04-27,2026-04-01,34,11.699,concluida,False
U0124,S006943,2026-05-01,2026-05-01,92,28.526,concluida,False
U0124,S006938,2026-05-08,2026-05-01,103,35.521,concluida,False
U0124,S006941,2026-05-08,2026-05-01,47,16.327,concluida,False
U0124,S006945,2026-05-14,2026-05-01,102,28.17,concluida,False
U0124,S006946,2026-05-19,2026-05-01,63,20.127,concluida,False
U0124,S006944,2026-05-20,2026-05-01,96,28.299,concluida,False
U0124,S006940,2026-05-20,2026-05-01,44,12.381,interrompida,False
U0124,S006942,2026-05-20,2026-05-01,87,76.973,concluida,True
U0124,S006939,2026-05-26,2026-05-01,161,55.271,concluida,False
U0124,S006937,2026-05-30,2026-05-01,46,13.439,concluida,False
U0124,S006947,2026-06-13,2026-06-01,85,25.649,concluida,False
U0124,S006948,2026-06-17,2026-06-01,79,26.396,concluida,False
U0124,S006951,2026-07-03,2026-07-01,140,42.967,concluida,False
U0124,S006949,2026-07-15,2026-07-01,211,61.812,concluida,False
U0124,S006952,2026-07-16,2026-07-01,138,42.782,concluida,False
U0124,S006950,2026-07-31,2026-07-01,35,10.302,concluida,False
U0124,S006953,2026-08-05,2026-08-01,21,6.557,concluida,False
U0124,S006956,2026-08-05,2026-08-01,180,51.974,concluida,False
U0124,S006955,2026-08-11,2026-08-01,132,41.07,concluida,False
U0124,S006954,2026-08-29,2026-08-01,83,23.268,concluida,False
U0124,S006957,2026-08-30,2026-08-01,33,10.157,interrompida,False
U0125,S006960,2026-03-04,2026-03-01,179,51.699,concluida,False
U0125,S006959,2026-03-09,2026-03-01,69,23.658,concluida,False
U0125,S006958,2026-03-11,2026-03-01,20,6.164,interrompida,False
U0125,S006961,2026-03-25,2026-03-01,224,68.276,concluida,False
U0125,S006962,2026-03-29,2026-03-01,84,25.37,concluida,False
U0125,S006966,2026-04-07,2026-04-01,39,13.162,concluida,False
U0125,S006974,2026-04-10,2026-04-01,49,14.329,concluida,False
U0125,S006967,2026-04-15,2026-04-01,60,19.057,concluida,False
U0125,S006969,2026-04-17,2026-04-01,24,27.397,concluida,True
U0125,S006963,2026-04-19,2026-04-01,95,33.074,concluida,False
U0125,S006964,2026-04-20,2026-04-01,153,52.355,concluida,False
U0125,S006965,2026-04-21,2026-04-01,88,27.454,concluida,False
U0125,S006970,2026-04-22,2026-04-01,105,31.126,concluida,False
U0125,S006972,2026-04-22,2026-04-01,47,12.984,concluida,False
U0125,S006971,2026-04-23,2026-04-01,104,33.181,concluida,False
U0125,S006973,2026-04-23,2026-04-01,100,30.468,concluida,False
U0125,S006975,2026-04-24,2026-04-01,45,13.779,concluida,False
U0125,S006968,2026-04-28,2026-04-01,154,47.002,concluida,False
U0125,S006976,2026-05-06,2026-05-01,67,22.363,concluida,False
U0125,S006978,2026-05-11,2026-05-01,174,51.875,concluida,False
U0125,S006979,2026-05-12,2026-05-01,88,28.986,concluida,False
U0125,S006982,2026-05-14,2026-05-01,33,10.08,concluida,False
U0125,S006980,2026-05-14,2026-05-01,64,18.618,concluida,False
U0125,S006977,2026-05-22,2026-05-01,97,33.662,concluida,False
U0125,S006981,2026-05-24,2026-05-01,69,23.902,concluida,False
U0125,S006996,2026-06-01,2026-06-01,79,24.857,concluida,False
U0125,S006988,2026-06-02,2026-06-01,189,59.726,concluida,False
U0125,S006985,2026-06-04,2026-06-01,121,41.958,concluida,False
U0125,S006990,2026-06-07,2026-06-01,101,30.698,concluida,False
U0125,S006986,2026-06-08,2026-06-01,64,18.085,concluida,False
U0125,S006983,2026-06-13,2026-06-01,111,32.498,concluida,False
U0125,S006991,2026-06-16,2026-06-01,71,21.459,concluida,False
U0125,S006984,2026-06-16,2026-06-01,96,33.048,concluida,False
U0125,S006994,2026-06-16,2026-06-01,30,24.818,concluida,True
U0125,S006995,2026-06-23,2026-06-01,44,14.691,concluida,False
U0125,S006987,2026-06-23,2026-06-01,42,13.294,concluida,False
U0125,S006989,2026-06-25,2026-06-01,160,52.952,concluida,False
U0125,S006993,2026-06-26,2026-06-01,119,35.504,concluida,False
U0125,S006992,2026-06-26,2026-06-01,140,46.046,concluida,False
U0125,S006998,2026-07-02,2026-07-01,64,17.7,concluida,False
U0125,S006999,2026-07-03,2026-07-01,49,13.688,concluida,False
U0125,S006997,2026-07-11,2026-07-01,128,39.929,concluida,False
U0125,S007001,2026-07-14,2026-07-01,65,21.119,concluida,False
U0125,S007000,2026-07-19,2026-07-01,217,61.536,concluida,False
U0125,S007002,2026-07-21,2026-07-01,217,75.098,concluida,False
U0125,S007003,2026-07-23,2026-07-01,45,13.828,concluida,False
U0126,S007007,2026-03-11,2026-03-01,75,24.195,concluida,False
U0126,S007009,2026-03-13,2026-03-01,145,45.056,concluida,False
U0126,S007004,2026-03-18,2026-03-01,47,13.042,concluida,False
U0126,S007005,2026-03-21,2026-03-01,64,17.708,concluida,False
U0126,S007010,2026-03-25,2026-03-01,16,5.475,concluida,False
U0126,S007008,2026-03-30,2026-03-01,37,10.786,concluida,False
U0126,S007006,2026-03-30,2026-03-01,100,30.319,concluida,False
U0126,S007017,2026-04-04,2026-04-01,154,47.291,concluida,False
U0126,S007018,2026-04-07,2026-04-01,30,9.475,interrompida,False
U0126,S007012,2026-04-09,2026-04-01,98,31.599,concluida,False
U0126,S007014,2026-04-09,2026-04-01,57,16.56,concluida,False
U0126,S007015,2026-04-09,2026-04-01,121,41.908,concluida,False
U0126,S007011,2026-04-12,2026-04-01,119,39.552,concluida,False
U0126,S007013,2026-04-13,2026-04-01,144,42.217,concluida,False
U0126,S007019,2026-04-14,2026-04-01,112,38.283,concluida,False
U0126,S007016,2026-04-16,2026-04-01,114,32.735,concluida,False
U0126,S007020,2026-04-28,2026-04-01,147,46.306,concluida,False
U0126,S007030,2026-05-03,2026-05-01,27,8.309,interrompida,False
U0126,S007027,2026-05-04,2026-05-01,133,45.39,concluida,False
U0126,S007031,2026-05-06,2026-05-01,198,58.243,concluida,False
U0126,S007023,2026-05-08,2026-05-01,66,18.673,concluida,False
U0126,S007026,2026-05-09,2026-05-01,63,17.497,concluida,False
U0126,S007033,2026-05-09,2026-05-01,168,54.329,concluida,False
U0126,S007021,2026-05-12,2026-05-01,261,73.711,concluida,False
U0126,S007022,2026-05-13,2026-05-01,185,55.89,concluida,False
U0126,S007029,2026-05-13,2026-05-01,156,43.844,concluida,False
U0126,S007024,2026-05-13,2026-05-01,141,46.74,concluida,False
U0126,S007035,2026-05-20,2026-05-01,171,53.108,concluida,False
U0126,S007032,2026-05-20,2026-05-01,38,12.656,concluida,False
U0126,S007028,2026-05-25,2026-05-01,268,75.548,concluida,False
U0126,S007036,2026-05-26,2026-05-01,107,35.765,concluida,False
U0126,S007034,2026-05-27,2026-05-01,10,3.433,concluida,False
U0126,S007025,2026-05-30,2026-05-01,14,4.663,concluida,False
U0126,S007039,2026-06-01,2026-06-01,80,22.999,concluida,False
U0126,S007041,2026-06-05,2026-06-01,190,65.412,concluida,False
U0126,S007037,2026-06-10,2026-06-01,115,33.089,concluida,False
U0126,S007038,2026-06-10,2026-06-01,120,38.948,concluida,False
U0126,S007040,2026-06-10,2026-06-01,22,6.575,concluida,False
U0126,S007042,2026-06-18,2026-06-01,61,20.975,concluida,False
U0127,S007047,2026-03-02,2026-03-01,66,21.364,concluida,False
U0127,S007049,2026-03-08,2026-03-01,48,16.292,concluida,False
U0127,S007044,2026-03-11,2026-03-01,83,25.064,concluida,False
U0127,S007046,2026-03-15,2026-03-01,94,29.095,concluida,False
U0127,S007045,2026-03-17,2026-03-01,127,37.476,concluida,False
U0127,S007048,2026-03-24,2026-03-01,81,23.749,concluida,False
U0127,S007043,2026-03-30,2026-03-01,203,68.787,concluida,False
U0127,S007050,2026-04-10,2026-04-01,28,9.511,concluida,False
U0127,S007051,2026-04-19,2026-04-01,110,37.062,concluida,False
U0127,S007052,2026-04-21,2026-04-01,47,14.503,concluida,False
U0127,S007053,2026-05-09,2026-05-01,24,7.675,concluida,False
U0127,S007054,2026-05-12,2026-05-01,163,55.402,concluida,False
U0127,S007055,2026-05-14,2026-05-01,44,12.941,concluida,False
U0127,S007057,2026-05-21,2026-05-01,137,39.777,concluida,False
U0127,S007056,2026-05-30,2026-05-01,70,20.946,concluida,False
U0127,S007059,2026-06-02,2026-06-01,67,19.444,concluida,False
U0127,S007060,2026-06-04,2026-06-01,194,57.887,concluida,False
U0127,S007058,2026-06-28,2026-06-01,45,13.971,concluida,False
U0127,S007072,2026-07-02,2026-07-01,63,18.818,concluida,False
U0127,S007061,2026-07-04,2026-07-01,120,105.04,concluida,True
U0127,S007069,2026-07-05,2026-07-01,150,51.41,concluida,False
U0127,S007071,2026-07-11,2026-07-01,92,31.746,concluida,False
U0127,S007067,2026-07-12,2026-07-01,34,10.177,interrompida,False
U0127,S007062,2026-07-18,2026-07-01,101,34.209,concluida,False
U0127,S007064,2026-07-19,2026-07-01,156,49.125,concluida,False
U0127,S007066,2026-07-25,2026-07-01,171,47.179,concluida,False
U0127,S007068,2026-07-26,2026-07-01,45,13.401,concluida,False
U0127,S007065,2026-07-26,2026-07-01,38,12.847,concluida,False
U0127,S007070,2026-07-28,2026-07-01,97,29.707,concluida,False
U0127,S007063,2026-07-31,2026-07-01,129,36.156,concluida,False
U0127,S007083,2026-08-03,2026-08-01,50,14.367,concluida,False
U0127,S007082,2026-08-10,2026-08-01,208,69.789,concluida,False
U0127,S007077,2026-08-10,2026-08-01,77,23.674,concluida,False
U0127,S007080,2026-08-11,2026-08-01,168,55.939,concluida,False
U0127,S007073,2026-08-13,2026-08-01,103,33.681,concluida,False
U0127,S007081,2026-08-16,2026-08-01,160,51.421,concluida,False
U0127,S007078,2026-08-17,2026-08-01,44,15.242,concluida,False
U0127,S007079,2026-08-19,2026-08-01,46,13.436,interrompida,False
U0127,S007074,2026-08-21,2026-08-01,66,19.04,concluida,False
U0127,S007076,2026-08-25,2026-08-01,95,30.006,concluida,False
U0127,S007075,2026-08-30,2026-08-01,139,38.731,concluida,False
U0127,S007084,2026-08-31,2026-08-01,29,8.3,concluida,False
U0128,S007093,2026-03-02,2026-03-01,99,33.574,concluida,False
U0128,S007095,2026-03-04,2026-03-01,36,12.22,concluida,False
U0128,S007092,2026-03-09,2026-03-01,52,17.801,concluida,False
U0128,S007096,2026-03-10,2026-03-01,120,34.843,concluida,False
U0128,S007086,2026-03-10,2026-03-01,28,9.077,concluida,False
U0128,S007087,2026-03-16,2026-03-01,117,39.754,concluida,False
U0128,S007089,2026-03-16,2026-03-01,307,98.59,concluida,False
U0128,S007091,2026-03-16,2026-03-01,87,26.16,concluida,False
U0128,S007097,2026-03-19,2026-03-01,128,37.684,concluida,False
U0128,S007094,2026-03-20,2026-03-01,161,44.915,concluida,False
U0128,S007085,2026-03-22,2026-03-01,82,23.6,concluida,False
U0128,S007090,2026-03-25,2026-03-01,115,33.452,concluida,False
U0128,S007088,2026-03-26,2026-03-01,125,37.684,concluida,False
U0128,S007106,2026-04-01,2026-04-01,115,38.625,concluida,False
U0128,S007100,2026-04-02,2026-04-01,123,38.94,concluida,False
U0128,S007111,2026-04-02,2026-04-01,200,61.075,concluida,False
U0128,S007103,2026-04-04,2026-04-01,74,20.696,concluida,False
U0128,S007101,2026-04-05,2026-04-01,166,50.353,concluida,False
U0128,S007099,2026-04-06,2026-04-01,129,43.509,concluida,False
U0128,S007109,2026-04-06,2026-04-01,131,37.076,concluida,False
U0128,S007104,2026-04-11,2026-04-01,44,15.073,concluida,False
U0128,S007108,2026-04-12,2026-04-01,141,42.591,concluida,False
U0128,S007102,2026-04-13,2026-04-01,157,46.547,concluida,False
U0128,S007112,2026-04-19,2026-04-01,166,57.42,concluida,False
U0128,S007105,2026-04-20,2026-04-01,127,40.856,concluida,False
U0128,S007107,2026-04-26,2026-04-01,35,10.222,concluida,False
U0128,S007110,2026-04-26,2026-04-01,106,36.711,concluida,False
U0128,S007098,2026-04-29,2026-04-01,77,24.999,concluida,False
U0128,S007122,2026-05-03,2026-05-01,79,27.198,interrompida,False
U0128,S007119,2026-05-04,2026-05-01,62,18.381,concluida,False
U0128,S007114,2026-05-07,2026-05-01,76,21.616,concluida,False
U0128,S007116,2026-05-11,2026-05-01,190,58.723,concluida,False
U0128,S007118,2026-05-11,2026-05-01,89,30.722,concluida,False
U0128,S007117,2026-05-13,2026-05-01,102,33.501,concluida,False
U0128,S007121,2026-05-15,2026-05-01,81,27.758,concluida,False
U0128,S007113,2026-05-22,2026-05-01,95,30.166,concluida,False
U0128,S007115,2026-05-23,2026-05-01,141,45.782,concluida,False
U0128,S007120,2026-05-29,2026-05-01,156,53.953,concluida,False
U0128,S007124,2026-06-09,2026-06-01,83,28.259,concluida,False
U0128,S007130,2026-06-10,2026-06-01,65,18.494,concluida,False
U0128,S007129,2026-06-12,2026-06-01,17,5.242,interrompida,False
U0128,S007125,2026-06-13,2026-06-01,127,43.366,concluida,False
U0128,S007128,2026-06-15,2026-06-01,234,64.858,concluida,False
U0128,S007131,2026-06-18,2026-06-01,111,38.333,concluida,False
U0128,S007127,2026-06-18,2026-06-01,15,5.068,concluida,False
U0128,S007123,2026-06-21,2026-06-01,187,58.868,concluida,False
U0128,S007126,2026-06-21,2026-06-01,322,89.418,concluida,False
U0128,S007133,2026-06-27,2026-06-01,115,33.763,concluida,False
U0128,S007132,2026-06-28,2026-06-01,167,48.445,concluida,False
U0128,S007147,2026-07-02,2026-07-01,76,24.007,concluida,False
U0128,S007138,2026-07-04,2026-07-01,175,57.13,concluida,False
U0128,S007136,2026-07-05,2026-07-01,73,20.467,concluida,False
U0128,S007135,2026-07-08,2026-07-01,94,26.28,concluida,False
U0128,S007140,2026-07-09,2026-07-01,161,46.498,concluida,False
U0128,S007139,2026-07-13,2026-07-01,43,12.288,concluida,False
U0128,S007137,2026-07-13,2026-07-01,94,27.396,concluida,False
U0128,S007146,2026-07-18,2026-07-01,220,69.803,concluida,False
U0128,S007142,2026-07-21,2026-07-01,87,25.762,concluida,False
U0128,S007144,2026-07-24,2026-07-01,242,80.566,concluida,False
U0128,S007141,2026-07-25,2026-07-01,33,24.815,concluida,True
U0128,S007143,2026-07-30,2026-07-01,123,34.765,concluida,False
U0128,S007145,2026-07-31,2026-07-01,124,39.041,concluida,False
U0128,S007134,2026-07-31,2026-07-01,65,18.564,concluida,False
U0129,S007153,2026-03-02,2026-03-01,75,26.034,concluida,False
U0129,S007154,2026-03-03,2026-03-01,66,21.769,concluida,False
U0129,S007152,2026-03-03,2026-03-01,103,34.433,concluida,False
U0129,S007149,2026-03-08,2026-03-01,86,25.337,concluida,False
U0129,S007150,2026-03-08,2026-03-01,120,39.68,concluida,False
U0129,S007151,2026-03-17,2026-03-01,104,31.348,concluida,False
U0129,S007148,2026-03-21,2026-03-01,87,30.094,concluida,False
U0129,S007155,2026-04-09,2026-04-01,27,7.46,concluida,False
U0129,S007156,2026-04-11,2026-04-01,134,44.592,concluida,False
U0129,S007160,2026-04-14,2026-04-01,149,42.011,concluida,False
U0129,S007157,2026-04-16,2026-04-01,68,21.545,concluida,False
U0129,S007158,2026-04-24,2026-04-01,102,30.971,concluida,False
U0129,S007159,2026-04-24,2026-04-01,128,40.892,concluida,False
U0129,S007163,2026-06-03,2026-06-01,178,50.552,concluida,False
U0129,S007161,2026-06-06,2026-06-01,83,25.795,concluida,False
U0129,S007165,2026-06-07,2026-06-01,80,27.606,concluida,False
U0129,S007162,2026-06-17,2026-06-01,138,48.039,concluida,False
U0129,S007164,2026-06-30,2026-06-01,49,14.669,concluida,False
U0129,S007166,2026-07-01,2026-07-01,97,31.584,concluida,False
U0129,S007172,2026-07-02,2026-07-01,76,24.21,concluida,False
U0129,S007170,2026-07-08,2026-07-01,46,14.303,concluida,False
U0129,S007174,2026-07-11,2026-07-01,64,22.188,concluida,False
U0129,S007169,2026-07-16,2026-07-01,97,31.714,concluida,False
U0129,S007173,2026-07-21,2026-07-01,145,44.717,concluida,False
U0129,S007171,2026-07-22,2026-07-01,84,25.007,concluida,False
U0129,S007168,2026-07-23,2026-07-01,23,7.941,concluida,False
U0129,S007167,2026-07-31,2026-07-01,164,55.827,concluida,False
U0129,S007179,2026-08-05,2026-08-01,40,11.436,concluida,False
U0129,S007175,2026-08-08,2026-08-01,107,133.255,concluida,True
U0129,S007180,2026-08-08,2026-08-01,60,17.413,concluida,False
U0129,S007181,2026-08-12,2026-08-01,110,35.706,concluida,False
U0129,S007176,2026-08-12,2026-08-01,79,26.64,concluida,False
U0129,S007177,2026-08-13,2026-08-01,88,28.533,concluida,False
U0129,S007178,2026-08-15,2026-08-01,91,26.51,concluida,False
U0129,S007182,2026-08-31,2026-08-01,301,101.146,concluida,False
U0130,S007188,2026-03-04,2026-03-01,102,35.155,concluida,False
U0130,S007189,2026-03-05,2026-03-01,79,25.488,concluida,False
U0130,S007183,2026-03-07,2026-03-01,73,24.48,concluida,False
U0130,S007186,2026-03-07,2026-03-01,156,52.406,concluida,False
U0130,S007187,2026-03-18,2026-03-01,128,39.326,concluida,False
U0130,S007185,2026-03-29,2026-03-01,221,74.714,concluida,False
U0130,S007184,2026-03-30,2026-03-01,92,29.063,concluida,False
U0130,S007190,2026-04-15,2026-04-01,214,64.694,concluida,False
U0130,S007192,2026-04-18,2026-04-01,81,23.447,concluida,False
U0130,S007191,2026-04-27,2026-04-01,84,24.958,concluida,False
U0130,S007195,2026-05-01,2026-05-01,28,28.198,concluida,True
U0130,S007199,2026-05-02,2026-05-01,121,41.531,concluida,False
U0130,S007200,2026-05-16,2026-05-01,155,53.711,concluida,False
U0130,S007193,2026-05-18,2026-05-01,87,24.536,concluida,False
U0130,S007194,2026-05-19,2026-05-01,79,24.017,concluida,False
U0130,S007198,2026-05-22,2026-05-01,55,18.397,concluida,False
U0130,S007196,2026-05-30,2026-05-01,187,55.839,concluida,False
U0130,S007197,2026-05-30,2026-05-01,42,13.249,concluida,False
U0130,S007204,2026-06-02,2026-06-01,96,32.667,concluida,False
U0130,S007205,2026-06-03,2026-06-01,47,14.9,concluida,False
U0130,S007206,2026-06-04,2026-06-01,93,27.842,concluida,False
U0130,S007201,2026-06-08,2026-06-01,195,54.628,concluida,False
U0130,S007208,2026-06-08,2026-06-01,49,15.246,concluida,False
U0130,S007202,2026-06-11,2026-06-01,71,23.95,concluida,False
U0130,S007203,2026-06-15,2026-06-01,90,24.857,concluida,False
U0130,S007207,2026-06-16,2026-06-01,95,31.186,concluida,False
U0130,S007211,2026-07-02,2026-07-01,48,13.706,concluida,False
U0130,S007213,2026-07-08,2026-07-01,71,21.4,concluida,False
U0130,S007212,2026-07-15,2026-07-01,74,21.97,concluida,False
U0130,S007209,2026-07-16,2026-07-01,45,14.457,concluida,False
U0130,S007210,2026-07-29,2026-07-01,33,11.244,concluida,False
U0130,S007216,2026-08-01,2026-08-01,135,41.583,concluida,False
U0130,S007220,2026-08-09,2026-08-01,57,17.495,concluida,False
U0130,S007222,2026-08-09,2026-08-01,108,37.038,concluida,False
U0130,S007215,2026-08-13,2026-08-01,121,41.396,concluida,False
U0130,S007219,2026-08-19,2026-08-01,146,48.218,concluida,False
U0130,S007217,2026-08-20,2026-08-01,83,25.726,concluida,False
U0130,S007214,2026-08-27,2026-08-01,150,47.581,concluida,False
U0130,S007221,2026-08-27,2026-08-01,65,20.007,concluida,False
U0130,S007218,2026-08-28,2026-08-01,70,20.861,concluida,False
U0130,S007223,2026-08-30,2026-08-01,120,38.861,concluida,False
U0131,S007224,2026-03-02,2026-03-01,17,5.584,concluida,False
U0131,S007225,2026-03-02,2026-03-01,66,22.898,concluida,False
U0131,S007233,2026-03-03,2026-03-01,50,15.695,concluida,False
U0131,S007234,2026-03-03,2026-03-01,65,18.409,concluida,False
U0131,S007230,2026-03-09,2026-03-01,133,41.081,concluida,False
U0131,S007226,2026-03-10,2026-03-01,27,7.491,concluida,False
U0131,S007231,2026-03-12,2026-03-01,19,5.876,interrompida,False
U0131,S007227,2026-03-21,2026-03-01,91,25.152,concluida,False
U0131,S007232,2026-03-28,2026-03-01,50,15.203,concluida,False
U0131,S007229,2026-03-29,2026-03-01,95,26.386,concluida,False
U0131,S007228,2026-03-31,2026-03-01,68,52.737,concluida,True
U0131,S007238,2026-04-03,2026-04-01,68,20.858,concluida,False
U0131,S007235,2026-04-06,2026-04-01,34,10.99,concluida,False
U0131,S007244,2026-04-09,2026-04-01,76,22.618,concluida,False
U0131,S007243,2026-04-09,2026-04-01,77,24.528,concluida,False
U0131,S007242,2026-04-12,2026-04-01,221,76.389,concluida,False
U0131,S007237,2026-04-15,2026-04-01,111,37.348,concluida,False
U0131,S007236,2026-04-19,2026-04-01,115,36.699,concluida,False
U0131,S007240,2026-04-21,2026-04-01,201,65.457,concluida,False
U0131,S007241,2026-04-23,2026-04-01,42,11.925,concluida,False
U0131,S007239,2026-04-28,2026-04-01,61,21.117,concluida,False
U0131,S007249,2026-05-01,2026-05-01,91,25.058,concluida,False
U0131,S007246,2026-05-09,2026-05-01,78,25.356,concluida,False
U0131,S007256,2026-05-10,2026-05-01,96,29.464,concluida,False
U0131,S007253,2026-05-14,2026-05-01,30,8.81,concluida,False
U0131,S007254,2026-05-17,2026-05-01,109,32.546,concluida,False
U0131,S007251,2026-05-18,2026-05-01,63,21.22,concluida,False
U0131,S007255,2026-05-19,2026-05-01,66,22.288,concluida,False
U0131,S007248,2026-05-23,2026-05-01,138,40.643,concluida,False
U0131,S007247,2026-05-25,2026-05-01,92,28.387,concluida,False
U0131,S007252,2026-05-25,2026-05-01,123,38.14,concluida,False
U0131,S007257,2026-05-25,2026-05-01,49,15.962,concluida,False
U0131,S007245,2026-05-28,2026-05-01,15,5.067,concluida,False
U0131,S007250,2026-05-29,2026-05-01,51,14.903,concluida,False
U0131,S007258,2026-05-29,2026-05-01,93,26.691,concluida,False
U0131,S007261,2026-06-01,2026-06-01,38,11.494,concluida,False
U0131,S007259,2026-06-04,2026-06-01,133,40.82,concluida,False
U0131,S007268,2026-06-15,2026-06-01,18,5.377,concluida,False
U0131,S007269,2026-06-16,2026-06-01,35,12.063,concluida,False
U0131,S007264,2026-06-16,2026-06-01,102,34.22,concluida,False
U0131,S007263,2026-06-16,2026-06-01,155,50.145,concluida,False
U0131,S007260,2026-06-17,2026-06-01,134,40.339,concluida,False
U0131,S007267,2026-06-20,2026-06-01,42,11.66,concluida,False
U0131,S007266,2026-06-24,2026-06-01,99,32.287,concluida,False
U0131,S007262,2026-06-26,2026-06-01,123,40.443,concluida,False
U0131,S007265,2026-06-28,2026-06-01,40,12.373,concluida,False
U0131,S007277,2026-07-01,2026-07-01,74,22.574,concluida,False
U0131,S007274,2026-07-05,2026-07-01,94,30.159,concluida,False
U0131,S007271,2026-07-07,2026-07-01,186,62.445,concluida,False
U0131,S007275,2026-07-19,2026-07-01,44,14.269,concluida,False
U0131,S007272,2026-07-23,2026-07-01,77,26.827,interrompida,False
U0131,S007270,2026-07-24,2026-07-01,19,6.214,concluida,False
U0131,S007273,2026-07-25,2026-07-01,79,25.698,concluida,False
U0131,S007278,2026-07-26,2026-07-01,90,25.987,concluida,False
U0131,S007276,2026-07-27,2026-07-01,39,11.176,concluida,False
U0131,S007287,2026-08-02,2026-08-01,9,3.175,interrompida,False
U0131,S007280,2026-08-07,2026-08-01,162,48.831,concluida,False
U0131,S007289,2026-08-10,2026-08-01,131,37.734,concluida,False
U0131,S007285,2026-08-11,2026-08-01,35,10.256,interrompida,False
U0131,S007284,2026-08-19,2026-08-01,79,21.851,concluida,False
U0131,S007283,2026-08-19,2026-08-01,72,22.896,concluida,False
U0131,S007286,2026-08-20,2026-08-01,53,16.636,concluida,False
U0131,S007279,2026-08-21,2026-08-01,73,24.199,concluida,False
U0131,S007282,2026-08-22,2026-08-01,65,19.095,concluida,False
U0131,S007290,2026-08-25,2026-08-01,71,20.976,concluida,False
U0131,S007281,2026-08-26,2026-08-01,49,15.029,concluida,False
U0131,S007288,2026-08-27,2026-08-01,69,21.907,concluida,False
U0132,S007292,2026-04-14,2026-04-01,103,30.31,concluida,False
U0132,S007293,2026-04-18,2026-04-01,115,40.003,concluida,False
U0132,S007291,2026-04-30,2026-04-01,21,6.719,concluida,False
U0132,S007294,2026-05-04,2026-05-01,12,3.992,interrompida,False
U0132,S007296,2026-05-05,2026-05-01,99,31.392,concluida,False
U0132,S007295,2026-05-12,2026-05-01,76,26.206,concluida,False
U0132,S007297,2026-05-24,2026-05-01,31,9.337,concluida,False
U0132,S007299,2026-06-10,2026-06-01,231,72.84,concluida,False
U0132,S007298,2026-06-17,2026-06-01,205,60.884,concluida,False
U0132,S007302,2026-07-12,2026-07-01,132,37.829,concluida,False
U0132,S007301,2026-07-19,2026-07-01,72,24.098,concluida,False
U0132,S007300,2026-07-28,2026-07-01,110,34.081,concluida,False
U0132,S007303,2026-08-22,2026-08-01,285,93.067,concluida,False
U0132,S007305,2026-08-24,2026-08-01,19,6.451,concluida,False
U0132,S007304,2026-08-31,2026-08-01,65,21.301,concluida,False
U0133,S007308,2026-03-02,2026-03-01,262,24.351,concluida,False
U0133,S007313,2026-03-08,2026-03-01,46,5.036,concluida,False
U0133,S007315,2026-03-08,2026-03-01,59,6.057,interrompida,False
U0133,S007314,2026-03-14,2026-03-01,75,7.747,concluida,False
U0133,S007312,2026-03-15,2026-03-01,50,4.751,concluida,False
U0133,S007307,2026-03-16,2026-03-01,57,5.972,concluida,False
U0133,S007309,2026-03-20,2026-03-01,99,11.273,concluida,False
U0133,S007316,2026-03-22,2026-03-01,67,6.248,concluida,False
U0133,S007311,2026-03-22,2026-03-01,17,1.671,interrompida,False
U0133,S007306,2026-03-26,2026-03-01,104,11.813,concluida,False
U0133,S007310,2026-03-27,2026-03-01,112,11.138,concluida,False
U0133,S007326,2026-04-01,2026-04-01,79,7.458,concluida,False
U0133,S007320,2026-04-01,2026-04-01,73,7.652,concluida,False
U0133,S007318,2026-04-02,2026-04-01,83,7.772,concluida,False
U0133,S007323,2026-04-03,2026-04-01,47,5.448,interrompida,False
U0133,S007319,2026-04-09,2026-04-01,51,4.957,concluida,False
U0133,S007324,2026-04-14,2026-04-01,79,7.457,concluida,False
U0133,S007317,2026-04-15,2026-04-01,62,6.079,concluida,False
U0133,S007322,2026-04-15,2026-04-01,46,4.523,concluida,False
U0133,S007321,2026-04-23,2026-04-01,107,11.746,concluida,False
U0133,S007325,2026-04-30,2026-04-01,120,11.572,concluida,False
U0133,S007332,2026-05-20,2026-05-01,42,4.811,concluida,False
U0133,S007331,2026-05-24,2026-05-01,59,6.8,concluida,False
U0133,S007330,2026-05-26,2026-05-01,176,20.434,concluida,False
U0133,S007329,2026-05-27,2026-05-01,10,0.946,concluida,False
U0133,S007333,2026-05-27,2026-05-01,113,11.796,concluida,False
U0133,S007327,2026-05-30,2026-05-01,224,21.013,concluida,False
U0133,S007328,2026-05-31,2026-05-01,182,17.955,concluida,False
U0133,S007337,2026-06-06,2026-06-01,45,4.607,concluida,False
U0133,S007339,2026-06-11,2026-06-01,138,13.643,concluida,False
U0133,S007341,2026-06-13,2026-06-01,75,7.62,concluida,False
U0133,S007336,2026-06-13,2026-06-01,94,9.43,concluida,False
U0133,S007335,2026-06-14,2026-06-01,103,11.68,concluida,False
U0133,S007342,2026-06-22,2026-06-01,25,2.845,concluida,False
U0133,S007338,2026-06-22,2026-06-01,44,4.821,concluida,False
U0133,S007340,2026-06-25,2026-06-01,63,5.997,concluida,False
U0133,S007334,2026-06-26,2026-06-01,96,11.203,concluida,False
U0133,S007349,2026-07-02,2026-07-01,44,4.225,concluida,False
U0133,S007344,2026-07-09,2026-07-01,83,9.18,concluida,False
U0133,S007350,2026-07-10,2026-07-01,73,8.326,concluida,False
U0133,S007346,2026-07-16,2026-07-01,32,3.457,concluida,False
U0133,S007343,2026-07-16,2026-07-01,158,16.752,concluida,False
U0133,S007353,2026-07-20,2026-07-01,83,9.009,concluida,False
U0133,S007351,2026-07-22,2026-07-01,27,2.55,concluida,False
U0133,S007345,2026-07-24,2026-07-01,239,25.787,concluida,False
U0133,S007348,2026-07-25,2026-07-01,127,12.301,concluida,False
U0133,S007347,2026-07-28,2026-07-01,85,7.998,concluida,False
U0133,S007352,2026-07-29,2026-07-01,164,16.06,concluida,False
U0133,S007355,2026-08-01,2026-08-01,83,8.695,interrompida,False
U0133,S007361,2026-08-09,2026-08-01,57,5.288,concluida,False
U0133,S007354,2026-08-11,2026-08-01,108,10.314,concluida,False
U0133,S007362,2026-08-12,2026-08-01,113,11.714,concluida,False
U0133,S007358,2026-08-14,2026-08-01,88,9.289,concluida,False
U0133,S007359,2026-08-14,2026-08-01,53,5.541,concluida,False
U0133,S007363,2026-08-18,2026-08-01,92,8.955,concluida,False
U0133,S007357,2026-08-18,2026-08-01,148,14.344,concluida,False
U0133,S007365,2026-08-22,2026-08-01,49,4.587,concluida,False
U0133,S007356,2026-08-25,2026-08-01,56,23.713,concluida,True
U0133,S007360,2026-08-26,2026-08-01,142,13.755,concluida,False
U0133,S007364,2026-08-26,2026-08-01,202,18.956,concluida,False
U0134,S007368,2026-03-02,2026-03-01,94,91.29,concluida,True
U0134,S007367,2026-03-03,2026-03-01,112,36.313,concluida,False
U0134,S007369,2026-03-05,2026-03-01,58,18.038,concluida,False
U0134,S007371,2026-03-15,2026-03-01,54,15.747,concluida,False
U0134,S007366,2026-03-21,2026-03-01,18,5.971,concluida,False
U0134,S007370,2026-03-28,2026-03-01,34,9.77,concluida,False
U0134,S007375,2026-04-05,2026-04-01,133,40.084,concluida,False
U0134,S007376,2026-04-07,2026-04-01,236,67.397,concluida,False
U0134,S007372,2026-04-11,2026-04-01,153,46.467,concluida,False
U0134,S007378,2026-04-13,2026-04-01,36,10.608,concluida,False
U0134,S007374,2026-04-18,2026-04-01,52,15.812,concluida,False
U0134,S007373,2026-04-23,2026-04-01,18,5.15,concluida,False
U0134,S007379,2026-04-27,2026-04-01,89,29.842,concluida,False
U0134,S007377,2026-04-28,2026-04-01,36,10.849,concluida,False
U0134,S007382,2026-05-18,2026-05-01,152,47.544,concluida,False
U0134,S007381,2026-05-25,2026-05-01,186,64.548,concluida,False
U0134,S007380,2026-05-27,2026-05-01,111,34.887,concluida,False
U0134,S007383,2026-06-01,2026-06-01,67,18.454,concluida,False
U0134,S007386,2026-06-16,2026-06-01,39,12.538,interrompida,False
U0134,S007384,2026-06-27,2026-06-01,21,6.879,interrompida,False
U0134,S007385,2026-06-29,2026-06-01,117,35.468,concluida,False
U0134,S007389,2026-07-04,2026-07-01,73,20.098,concluida,False
U0134,S007388,2026-07-16,2026-07-01,116,36.713,interrompida,False
U0134,S007387,2026-07-24,2026-07-01,55,18.438,concluida,False
U0134,S007390,2026-07-29,2026-07-01,198,56.167,concluida,False
U0134,S007391,2026-07-30,2026-07-01,158,47.255,concluida,False
U0134,S007394,2026-08-06,2026-08-01,72,21.756,concluida,False
U0134,S007393,2026-08-17,2026-08-01,197,65.502,concluida,False
U0134,S007392,2026-08-18,2026-08-01,60,17.292,concluida,False
U0135,S007397,2026-03-01,2026-03-01,131,19.749,concluida,False
U0135,S007401,2026-03-03,2026-03-01,115,17.616,concluida,False
U0135,S007396,2026-03-03,2026-03-01,97,14.894,concluida,False
U0135,S007405,2026-03-06,2026-03-01,13,1.885,concluida,False
U0135,S007400,2026-03-09,2026-03-01,120,20.57,concluida,False
U0135,S007406,2026-03-14,2026-03-01,150,22.888,concluida,False
U0135,S007403,2026-03-18,2026-03-01,93,15.834,concluida,False
U0135,S007402,2026-03-26,2026-03-01,35,5.01,concluida,False
U0135,S007404,2026-03-27,2026-03-01,114,16.524,concluida,False
U0135,S007399,2026-03-27,2026-03-01,61,8.649,interrompida,False
U0135,S007407,2026-03-27,2026-03-01,205,34.559,concluida,False
U0135,S007395,2026-03-29,2026-03-01,86,12.194,concluida,False
U0135,S007398,2026-03-29,2026-03-01,67,10.773,concluida,False
U0135,S007413,2026-04-04,2026-04-01,65,9.637,concluida,False
U0135,S007417,2026-04-04,2026-04-01,9,1.512,interrompida,False
U0135,S007408,2026-04-05,2026-04-01,93,13.855,concluida,False
U0135,S007410,2026-04-07,2026-04-01,97,14.582,concluida,False
U0135,S007416,2026-04-08,2026-04-01,46,6.699,concluida,False
U0135,S007415,2026-04-08,2026-04-01,83,37.515,concluida,True
U0135,S007412,2026-04-12,2026-04-01,33,5.205,concluida,False
U0135,S007414,2026-04-18,2026-04-01,133,21.298,concluida,False
U0135,S007411,2026-04-29,2026-04-01,106,18.34,concluida,False
U0135,S007409,2026-04-29,2026-04-01,55,8.348,concluida,False
U0135,S007425,2026-05-02,2026-05-01,62,10.088,concluida,False
U0135,S007426,2026-05-05,2026-05-01,135,18.578,concluida,False
U0135,S007423,2026-05-07,2026-05-01,128,21.744,concluida,False
U0135,S007422,2026-05-12,2026-05-01,219,37.909,concluida,False
U0135,S007418,2026-05-16,2026-05-01,56,8.245,interrompida,False
U0135,S007424,2026-05-20,2026-05-01,38,6.609,concluida,False
U0135,S007420,2026-05-21,2026-05-01,35,5.311,concluida,False
U0135,S007421,2026-05-24,2026-05-01,35,5.59,concluida,False
U0135,S007427,2026-05-27,2026-05-01,49,7.463,concluida,False
U0135,S007419,2026-05-30,2026-05-01,109,16.701,concluida,False
U0135,S007434,2026-06-01,2026-06-01,103,14.628,concluida,False
U0135,S007433,2026-06-04,2026-06-01,143,22.867,concluida,False
U0135,S007430,2026-06-16,2026-06-01,129,17.96,concluida,False
U0135,S007435,2026-06-18,2026-06-01,39,5.369,concluida,False
U0135,S007431,2026-06-18,2026-06-01,94,13.843,concluida,False
U0135,S007432,2026-06-18,2026-06-01,307,43.058,concluida,False
U0135,S007429,2026-06-28,2026-06-01,35,5.46,concluida,False
U0135,S007428,2026-06-29,2026-06-01,39,18.838,concluida,True
U0135,S007445,2026-07-01,2026-07-01,82,14.26,concluida,False
U0135,S007459,2026-07-04,2026-07-01,110,19.114,concluida,False
U0135,S007456,2026-07-05,2026-07-01,38,5.691,concluida,False
U0135,S007462,2026-07-05,2026-07-01,97,14.611,concluida,False
U0135,S007463,2026-07-06,2026-07-01,80,12.209,concluida,False
U0135,S007447,2026-07-07,2026-07-01,73,10.246,concluida,False
U0135,S007442,2026-07-08,2026-07-01,35,4.844,concluida,False
U0135,S007461,2026-07-08,2026-07-01,254,36.182,concluida,False
U0135,S007436,2026-07-09,2026-07-01,134,21.033,concluida,False
U0135,S007453,2026-07-09,2026-07-01,44,6.072,concluida,False
U0135,S007439,2026-07-13,2026-07-01,57,8.22,concluida,False
U0135,S007454,2026-07-14,2026-07-01,26,3.707,concluida,False
U0135,S007440,2026-07-14,2026-07-01,120,18.359,concluida,False
U0135,S007460,2026-07-15,2026-07-01,157,26.908,concluida,False
U0135,S007444,2026-07-15,2026-07-01,31,4.407,concluida,False
U0135,S007443,2026-07-15,2026-07-01,120,17.261,concluida,False
U0135,S007446,2026-07-16,2026-07-01,78,13.443,concluida,False
U0135,S007450,2026-07-16,2026-07-01,34,4.873,concluida,False
U0135,S007438,2026-07-18,2026-07-01,148,25.331,concluida,False
U0135,S007449,2026-07-20,2026-07-01,152,22.436,concluida,False
U0135,S007457,2026-07-20,2026-07-01,208,32.967,concluida,False
U0135,S007451,2026-07-21,2026-07-01,82,13.129,concluida,False
U0135,S007458,2026-07-23,2026-07-01,109,16.875,concluida,False
U0135,S007455,2026-07-27,2026-07-01,26,3.902,concluida,False
U0135,S007452,2026-07-27,2026-07-01,143,24.495,concluida,False
U0135,S007448,2026-07-27,2026-07-01,100,16.202,concluida,False
U0135,S007437,2026-07-29,2026-07-01,139,20.37,concluida,False
U0135,S007441,2026-07-30,2026-07-01,152,24.277,concluida,False
U0135,S007465,2026-08-07,2026-08-01,126,20.336,concluida,False
U0135,S007464,2026-08-12,2026-08-01,120,17.682,concluida,False
U0135,S007466,2026-08-14,2026-08-01,251,120.642,concluida,True
U0135,S007469,2026-08-19,2026-08-01,38,6.427,interrompida,False
U0135,S007468,2026-08-21,2026-08-01,89,12.356,concluida,False
U0135,S007467,2026-08-24,2026-08-01,93,13.294,concluida,False
U0135,S007470,2026-08-27,2026-08-01,240,38.217,concluida,False
U0135,S007472,2026-08-28,2026-08-01,14,1.992,concluida,False
U0135,S007473,2026-08-28,2026-08-01,278,44.859,concluida,False
U0135,S007471,2026-08-30,2026-08-01,56,8.21,concluida,False
U0136,S007474,2026-03-06,2026-03-01,243,39.775,concluida,False
U0136,S007476,2026-03-06,2026-03-01,137,20.905,concluida,False
U0136,S007477,2026-03-19,2026-03-01,10,1.414,concluida,False
U0136,S007475,2026-03-22,2026-03-01,36,6.038,concluida,False
U0136,S007479,2026-03-22,2026-03-01,328,48.141,concluida,False
U0136,S007478,2026-03-25,2026-03-01,64,8.954,concluida,False
U0136,S007484,2026-04-03,2026-04-01,54,9.515,interrompida,False
U0136,S007485,2026-04-07,2026-04-01,188,31.63,concluida,False
U0136,S007481,2026-04-08,2026-04-01,71,11.929,concluida,False
U0136,S007480,2026-04-09,2026-04-01,55,7.86,concluida,False
U0136,S007482,2026-04-11,2026-04-01,80,13.692,concluida,False
U0136,S007486,2026-04-11,2026-04-01,226,36.043,concluida,False
U0136,S007483,2026-04-28,2026-04-01,136,23.553,concluida,False
U0136,S007487,2026-05-02,2026-05-01,209,34.283,concluida,False
U0136,S007488,2026-05-31,2026-05-01,124,21.435,concluida,False
U0136,S007490,2026-06-01,2026-06-01,44,7.113,concluida,False
U0136,S007489,2026-06-02,2026-06-01,98,16.573,concluida,False
U0136,S007491,2026-06-15,2026-06-01,65,9.603,concluida,False
U0136,S007493,2026-06-17,2026-06-01,89,15.333,concluida,False
U0136,S007492,2026-06-25,2026-06-01,79,13.688,concluida,False
U0136,S007497,2026-07-01,2026-07-01,143,22.79,concluida,False
U0136,S007494,2026-07-10,2026-07-01,55,9.374,concluida,False
U0136,S007498,2026-07-20,2026-07-01,273,39.19,concluida,False
U0136,S007496,2026-07-22,2026-07-01,116,54.654,concluida,True
U0136,S007495,2026-07-24,2026-07-01,173,29.582,concluida,False
U0136,S007501,2026-08-01,2026-08-01,59,9.504,concluida,False
U0136,S007499,2026-08-04,2026-08-01,70,10.915,concluida,False
U0136,S007502,2026-08-12,2026-08-01,143,24.112,concluida,False
U0136,S007503,2026-08-22,2026-08-01,116,19.745,concluida,False
U0136,S007505,2026-08-23,2026-08-01,37,5.932,interrompida,False
U0136,S007500,2026-08-25,2026-08-01,40,6.919,concluida,False
U0136,S007504,2026-08-25,2026-08-01,160,23.683,concluida,False
U0137,S007511,2026-03-09,2026-03-01,179,19.949,concluida,False
U0137,S007510,2026-03-10,2026-03-01,71,6.834,concluida,False
U0137,S007509,2026-03-17,2026-03-01,51,4.81,concluida,False
U0137,S007507,2026-03-18,2026-03-01,223,24.937,concluida,False
U0137,S007506,2026-03-19,2026-03-01,38,4.087,concluida,False
U0137,S007508,2026-03-24,2026-03-01,72,7.032,concluida,False
U0137,S007512,2026-03-25,2026-03-01,86,9.303,concluida,False
U0137,S007513,2026-03-28,2026-03-01,35,3.621,concluida,False
U0137,S007516,2026-04-05,2026-04-01,152,15.315,concluida,False
U0137,S007525,2026-04-06,2026-04-01,93,10.733,concluida,False
U0137,S007521,2026-04-09,2026-04-01,115,13.095,concluida,False
U0137,S007520,2026-04-13,2026-04-01,157,17.642,concluida,False
U0137,S007524,2026-04-14,2026-04-01,114,13.126,concluida,False
U0137,S007518,2026-04-15,2026-04-01,84,9.686,concluida,False
U0137,S007522,2026-04-17,2026-04-01,149,15.114,concluida,False
U0137,S007523,2026-04-17,2026-04-01,283,28.968,concluida,False
U0137,S007517,2026-04-20,2026-04-01,132,12.381,concluida,False
U0137,S007519,2026-04-23,2026-04-01,120,11.665,concluida,False
U0137,S007515,2026-04-30,2026-04-01,52,5.726,concluida,False
U0137,S007514,2026-04-30,2026-04-01,95,9.689,concluida,False
U0137,S007533,2026-05-02,2026-05-01,198,18.339,concluida,False
U0137,S007527,2026-05-03,2026-05-01,65,6.728,concluida,False
U0137,S007531,2026-05-06,2026-05-01,265,27.966,concluida,False
U0137,S007534,2026-05-08,2026-05-01,84,9.63,concluida,False
U0137,S007529,2026-05-20,2026-05-01,39,4.014,concluida,False
U0137,S007528,2026-05-21,2026-05-01,16,1.803,concluida,False
U0137,S007530,2026-05-21,2026-05-01,119,11.426,concluida,False
U0137,S007532,2026-05-29,2026-05-01,74,8.345,concluida,False
U0137,S007526,2026-05-31,2026-05-01,72,7.301,concluida,False
U0137,S007539,2026-06-11,2026-06-01,91,8.617,concluida,False
U0137,S007541,2026-06-15,2026-06-01,221,22.874,concluida,False
U0137,S007535,2026-06-20,2026-06-01,164,15.181,concluida,False
U0137,S007536,2026-06-20,2026-06-01,42,4.062,concluida,False
U0137,S007537,2026-06-23,2026-06-01,64,7.381,concluida,False
U0137,S007538,2026-06-25,2026-06-01,87,8.432,concluida,False
U0137,S007540,2026-06-25,2026-06-01,59,5.758,concluida,False
U0137,S007544,2026-07-06,2026-07-01,93,9.205,concluida,False
U0137,S007542,2026-07-09,2026-07-01,108,11.612,concluida,False
U0137,S007548,2026-07-12,2026-07-01,47,5.097,concluida,False
U0137,S007547,2026-07-21,2026-07-01,140,13.153,concluida,False
U0137,S007543,2026-07-22,2026-07-01,40,4.011,concluida,False
U0137,S007545,2026-07-25,2026-07-01,30,3.106,concluida,False
U0137,S007546,2026-07-28,2026-07-01,160,15.702,concluida,False
U0137,S007550,2026-08-09,2026-08-01,21,2.327,concluida,False
U0137,S007549,2026-08-15,2026-08-01,89,10.422,concluida,False
U0138,S007555,2026-03-12,2026-03-01,119,36.722,concluida,False
U0138,S007554,2026-03-15,2026-03-01,179,58.34,concluida,False
U0138,S007556,2026-03-16,2026-03-01,177,163.187,concluida,True
U0138,S007552,2026-03-24,2026-03-01,32,8.928,concluida,False
U0138,S007553,2026-03-25,2026-03-01,141,38.785,concluida,False
U0138,S007551,2026-03-26,2026-03-01,80,26.272,concluida,False
U0138,S007557,2026-04-08,2026-04-01,121,33.759,concluida,False
U0138,S007560,2026-04-08,2026-04-01,161,54.163,concluida,False
U0138,S007561,2026-04-11,2026-04-01,116,38.501,concluida,False
U0138,S007564,2026-04-12,2026-04-01,279,77.874,concluida,False
U0138,S007565,2026-04-13,2026-04-01,99,30.109,concluida,False
U0138,S007562,2026-04-16,2026-04-01,199,62.433,concluida,False
U0138,S007563,2026-04-19,2026-04-01,36,10.065,concluida,False
U0138,S007558,2026-04-25,2026-04-01,55,15.874,concluida,False
U0138,S007559,2026-04-28,2026-04-01,36,12.112,concluida,False
U0138,S007576,2026-05-01,2026-05-01,51,17.063,concluida,False
U0138,S007575,2026-05-03,2026-05-01,244,72.906,concluida,False
U0138,S007570,2026-05-05,2026-05-01,53,62.827,concluida,True
U0138,S007572,2026-05-09,2026-05-01,166,48.289,concluida,False
U0138,S007566,2026-05-11,2026-05-01,161,44.967,concluida,False
U0138,S007568,2026-05-14,2026-05-01,163,45.211,concluida,False
U0138,S007567,2026-05-15,2026-05-01,104,31.885,concluida,False
U0138,S007569,2026-05-18,2026-05-01,45,13.27,concluida,False
U0138,S007571,2026-05-18,2026-05-01,181,53.903,concluida,False
U0138,S007573,2026-05-18,2026-05-01,224,68.677,concluida,False
U0138,S007574,2026-05-31,2026-05-01,181,52.885,concluida,False
U0138,S007580,2026-06-10,2026-06-01,47,15.14,concluida,False
U0138,S007578,2026-06-13,2026-06-01,120,39.73,concluida,False
U0138,S007577,2026-06-15,2026-06-01,161,46.062,concluida,False
U0138,S007579,2026-06-18,2026-06-01,109,37.219,concluida,False
U0138,S007581,2026-06-21,2026-06-01,56,17.245,concluida,False
U0138,S007591,2026-07-01,2026-07-01,92,28.677,concluida,False
U0138,S007593,2026-07-10,2026-07-01,129,36.239,concluida,False
U0138,S007588,2026-07-11,2026-07-01,94,30.019,concluida,False
U0138,S007589,2026-07-16,2026-07-01,118,37.336,concluida,False
U0138,S007587,2026-07-20,2026-07-01,57,15.926,concluida,False
U0138,S007590,2026-07-20,2026-07-01,89,25.523,concluida,False
U0138,S007583,2026-07-21,2026-07-01,137,42.389,concluida,False
U0138,S007592,2026-07-21,2026-07-01,26,8.727,concluida,False
U0138,S007582,2026-07-22,2026-07-01,97,32.242,concluida,False
U0138,S007585,2026-07-23,2026-07-01,41,12.421,concluida,False
U0138,S007584,2026-07-29,2026-07-01,43,14.441,concluida,False
U0138,S007586,2026-07-29,2026-07-01,84,26.76,concluida,False
U0138,S007600,2026-08-03,2026-08-01,90,27.044,concluida,False
U0138,S007594,2026-08-04,2026-08-01,37,12.235,concluida,False
U0138,S007595,2026-08-06,2026-08-01,77,23.486,concluida,False
U0138,S007599,2026-08-07,2026-08-01,29,8.752,concluida,False
U0138,S007596,2026-08-11,2026-08-01,105,32.87,concluida,False
U0138,S007597,2026-08-22,2026-08-01,128,37.593,concluida,False
U0138,S007598,2026-08-23,2026-08-01,18,5.183,concluida,False
U0139,S007609,2026-03-04,2026-03-01,46,4.611,concluida,False
U0139,S007605,2026-03-05,2026-03-01,48,5.529,concluida,False
U0139,S007603,2026-03-06,2026-03-01,89,8.398,concluida,False
U0139,S007607,2026-03-08,2026-03-01,111,12.071,concluida,False
U0139,S007606,2026-03-18,2026-03-01,149,15.904,concluida,False
U0139,S007601,2026-03-20,2026-03-01,49,5.298,concluida,False
U0139,S007602,2026-03-20,2026-03-01,70,7.493,concluida,False
U0139,S007608,2026-03-23,2026-03-01,165,16.305,concluida,False
U0139,S007604,2026-03-28,2026-03-01,16,1.8,concluida,False
U0139,S007617,2026-04-01,2026-04-01,163,17.93,concluida,False
U0139,S007614,2026-04-05,2026-04-01,155,15.235,concluida,False
U0139,S007616,2026-04-11,2026-04-01,25,2.426,interrompida,False
U0139,S007612,2026-04-12,2026-04-01,121,12.697,concluida,False
U0139,S007611,2026-04-12,2026-04-01,210,24.482,concluida,False
U0139,S007613,2026-04-15,2026-04-01,240,27.512,concluida,False
U0139,S007615,2026-04-19,2026-04-01,95,10.657,concluida,False
U0139,S007610,2026-04-22,2026-04-01,62,7.066,concluida,False
U0139,S007621,2026-05-01,2026-05-01,127,13.088,concluida,False
U0139,S007623,2026-05-12,2026-05-01,150,15.867,concluida,False
U0139,S007625,2026-05-12,2026-05-01,51,4.743,concluida,False
U0139,S007619,2026-05-16,2026-05-01,65,7.101,concluida,False
U0139,S007626,2026-05-21,2026-05-01,76,8.431,concluida,False
U0139,S007620,2026-05-24,2026-05-01,134,14.119,concluida,False
U0139,S007624,2026-05-25,2026-05-01,58,6.706,concluida,False
U0139,S007627,2026-05-25,2026-05-01,65,7.342,concluida,False
U0139,S007622,2026-05-28,2026-05-01,135,15.657,concluida,False
U0139,S007618,2026-05-29,2026-05-01,34,3.801,concluida,False
U0139,S007630,2026-06-01,2026-06-01,87,8.114,concluida,False
U0139,S007629,2026-06-07,2026-06-01,117,12.23,concluida,False
U0139,S007631,2026-06-08,2026-06-01,63,6.114,concluida,False
U0139,S007635,2026-06-11,2026-06-01,201,19.379,concluida,False
U0139,S007634,2026-06-25,2026-06-01,34,3.553,concluida,False
U0139,S007628,2026-06-25,2026-06-01,294,33.368,concluida,False
U0139,S007632,2026-06-26,2026-06-01,119,13.075,concluida,False
U0139,S007633,2026-06-26,2026-06-01,235,23.651,concluida,False
U0139,S007636,2026-07-01,2026-07-01,156,18.142,concluida,False
U0139,S007642,2026-07-01,2026-07-01,31,3.398,concluida,False
U0139,S007639,2026-07-02,2026-07-01,128,14.141,concluida,False
U0139,S007638,2026-07-04,2026-07-01,74,7.79,concluida,False
U0139,S007641,2026-07-17,2026-07-01,147,14.149,concluida,False
U0139,S007640,2026-07-20,2026-07-01,192,19.006,concluida,False
U0139,S007637,2026-07-27,2026-07-01,192,20.964,concluida,False
U0139,S007649,2026-08-04,2026-08-01,141,15.115,concluida,False
U0139,S007646,2026-08-05,2026-08-01,36,3.613,concluida,False
U0139,S007645,2026-08-11,2026-08-01,208,19.417,concluida,False
U0139,S007644,2026-08-13,2026-08-01,88,8.863,concluida,False
U0139,S007647,2026-08-22,2026-08-01,47,5.379,concluida,False
U0139,S007648,2026-08-25,2026-08-01,50,5.273,concluida,False
U0139,S007643,2026-08-25,2026-08-01,64,6.308,concluida,False
U0140,S007654,2026-03-07,2026-03-01,175,18.601,concluida,False
U0140,S007650,2026-03-08,2026-03-01,223,25.981,concluida,False
U0140,S007653,2026-03-14,2026-03-01,107,11.983,concluida,False
U0140,S007651,2026-03-18,2026-03-01,237,24.878,concluida,False
U0140,S007655,2026-03-23,2026-03-01,110,10.381,concluida,False
U0140,S007652,2026-03-26,2026-03-01,121,12.649,concluida,False
U0140,S007665,2026-04-01,2026-04-01,72,7.048,concluida,False
U0140,S007660,2026-04-04,2026-04-01,129,12.44,concluida,False
U0140,S007666,2026-04-05,2026-04-01,165,17.108,concluida,False
U0140,S007662,2026-04-05,2026-04-01,38,3.974,concluida,False
U0140,S007659,2026-04-09,2026-04-01,97,9.37,concluida,False
U0140,S007661,2026-04-10,2026-04-01,133,12.327,concluida,False
U0140,S007663,2026-04-10,2026-04-01,37,4.064,concluida,False
U0140,S007657,2026-04-11,2026-04-01,101,10.279,concluida,False
U0140,S007664,2026-04-17,2026-04-01,264,28.011,concluida,False
U0140,S007658,2026-04-18,2026-04-01,37,3.93,concluida,False
U0140,S007656,2026-04-23,2026-04-01,135,12.643,concluida,False
U0140,S007667,2026-05-01,2026-05-01,114,11.513,concluida,False
U0140,S007670,2026-05-03,2026-05-01,143,15.564,concluida,False
U0140,S007669,2026-05-13,2026-05-01,52,5.627,concluida,False
U0140,S007668,2026-05-15,2026-05-01,56,6.09,concluida,False
U0140,S007671,2026-05-27,2026-05-01,116,11.622,concluida,False
U0140,S007672,2026-06-03,2026-06-01,122,13.405,concluida,False
U0140,S007674,2026-06-12,2026-06-01,116,12.722,concluida,False
U0140,S007673,2026-06-16,2026-06-01,100,11.456,concluida,False
U0140,S007675,2026-06-24,2026-06-01,98,11.231,concluida,False
U0140,S007679,2026-07-04,2026-07-01,105,10.286,concluida,False
U0140,S007680,2026-07-07,2026-07-01,121,13.774,concluida,False
U0140,S007683,2026-07-08,2026-07-01,32,3.263,concluida,False
U0140,S007681,2026-07-10,2026-07-01,74,7.717,concluida,False
U0140,S007678,2026-07-13,2026-07-01,66,6.983,interrompida,False
U0140,S007677,2026-07-14,2026-07-01,152,15.28,concluida,False
U0140,S007684,2026-07-16,2026-07-01,116,11.304,concluida,False
U0140,S007687,2026-07-17,2026-07-01,97,10.524,concluida,False
U0140,S007682,2026-07-19,2026-07-01,31,3.388,concluida,False
U0140,S007686,2026-07-22,2026-07-01,90,9.409,concluida,False
U0140,S007685,2026-07-23,2026-07-01,16,1.491,concluida,False
U0140,S007676,2026-07-31,2026-07-01,153,15.52,concluida,False
U0140,S007691,2026-08-05,2026-08-01,72,6.96,concluida,False
U0140,S007688,2026-08-08,2026-08-01,58,5.731,concluida,False
U0140,S007694,2026-08-11,2026-08-01,94,10.826,concluida,False
U0140,S007689,2026-08-17,2026-08-01,92,10.043,concluida,False
U0140,S007692,2026-08-20,2026-08-01,52,5.512,concluida,False
U0140,S007690,2026-08-21,2026-08-01,77,7.234,concluida,False
U0140,S007693,2026-08-27,2026-08-01,210,20.006,concluida,False
U0140,S007695,2026-08-27,2026-08-01,87,9.038,concluida,False
U0141,S007704,2026-03-02,2026-03-01,45,7.224,concluida,False
U0141,S007699,2026-03-03,2026-03-01,105,14.553,concluida,False
U0141,S007703,2026-03-03,2026-03-01,68,10.09,concluida,False
U0141,S007706,2026-03-05,2026-03-01,238,36.644,concluida,False
U0141,S007697,2026-03-07,2026-03-01,63,10.058,concluida,False
U0141,S007700,2026-03-08,2026-03-01,77,11.965,concluida,False
U0141,S007705,2026-03-10,2026-03-01,151,21.847,concluida,False
U0141,S007702,2026-03-22,2026-03-01,160,25.415,concluida,False
U0141,S007701,2026-03-26,2026-03-01,243,39.851,concluida,False
U0141,S007698,2026-03-26,2026-03-01,171,23.576,concluida,False
U0141,S007696,2026-03-29,2026-03-01,44,7.095,concluida,False
U0141,S007710,2026-04-02,2026-04-01,39,5.974,concluida,False
U0141,S007707,2026-04-02,2026-04-01,137,21.903,concluida,False
U0141,S007708,2026-04-11,2026-04-01,87,14.02,concluida,False
U0141,S007711,2026-04-11,2026-04-01,90,15.397,concluida,False
U0141,S007715,2026-04-12,2026-04-01,94,14.818,concluida,False
U0141,S007709,2026-04-15,2026-04-01,72,30.312,concluida,True
U0141,S007714,2026-04-22,2026-04-01,171,24.116,concluida,False
U0141,S007712,2026-04-24,2026-04-01,142,21.869,concluida,False
U0141,S007713,2026-04-30,2026-04-01,153,22.981,concluida,False
U0141,S007717,2026-05-01,2026-05-01,39,6.674,concluida,False
U0141,S007719,2026-05-05,2026-05-01,65,9.083,concluida,False
U0141,S007716,2026-05-07,2026-05-01,82,13.824,concluida,False
U0141,S007720,2026-05-09,2026-05-01,36,5.49,concluida,False
U0141,S007718,2026-05-26,2026-05-01,29,4.438,concluida,False
U0141,S007722,2026-06-02,2026-06-01,78,12.671,concluida,False
U0141,S007723,2026-06-08,2026-06-01,120,20.83,concluida,False
U0141,S007727,2026-06-11,2026-06-01,23,3.513,interrompida,False
U0141,S007728,2026-06-11,2026-06-01,57,9.017,concluida,False
U0141,S007724,2026-06-12,2026-06-01,34,5.776,concluida,False
U0141,S007721,2026-06-13,2026-06-01,90,13.467,concluida,False
U0141,S007725,2026-06-17,2026-06-01,63,8.939,concluida,False
U0141,S007726,2026-06-25,2026-06-01,23,3.253,concluida,False
U0141,S007732,2026-07-01,2026-07-01,52,8.556,concluida,False
U0141,S007735,2026-07-02,2026-07-01,147,22.121,concluida,False
U0141,S007736,2026-07-12,2026-07-01,47,7.688,interrompida,False
U0141,S007733,2026-07-19,2026-07-01,121,19.726,concluida,False
U0141,S007734,2026-07-24,2026-07-01,204,30.506,concluida,False
U0141,S007731,2026-07-24,2026-07-01,94,14.791,concluida,False
U0141,S007729,2026-07-25,2026-07-01,100,14.431,concluida,False
U0141,S007730,2026-07-28,2026-07-01,32,4.909,interrompida,False
U0141,S007737,2026-07-29,2026-07-01,103,15.096,concluida,False
U0141,S007741,2026-08-07,2026-08-01,74,12.789,concluida,False
U0141,S007742,2026-08-07,2026-08-01,212,35.848,concluida,False
U0141,S007738,2026-08-08,2026-08-01,72,11.937,concluida,False
U0141,S007743,2026-08-11,2026-08-01,145,22.093,concluida,False
U0141,S007739,2026-08-14,2026-08-01,19,2.908,concluida,False
U0141,S007740,2026-08-19,2026-08-01,74,10.664,concluida,False
U0142,S007761,2026-03-01,2026-03-01,51,8.003,concluida,False
U0142,S007747,2026-03-02,2026-03-01,144,21.67,concluida,False
U0142,S007757,2026-03-03,2026-03-01,148,20.88,concluida,False
U0142,S007744,2026-03-03,2026-03-01,115,16.797,concluida,False
U0142,S007754,2026-03-07,2026-03-01,84,12.971,concluida,False
U0142,S007751,2026-03-07,2026-03-01,40,5.61,concluida,False
U0142,S007759,2026-03-08,2026-03-01,168,24.297,concluida,False
U0142,S007750,2026-03-08,2026-03-01,36,5.01,concluida,False
U0142,S007763,2026-03-10,2026-03-01,92,15.848,concluida,False
U0142,S007758,2026-03-13,2026-03-01,48,23.251,concluida,True
U0142,S007746,2026-03-13,2026-03-01,54,8.801,concluida,False
U0142,S007749,2026-03-14,2026-03-01,107,15.655,concluida,False
U0142,S007760,2026-03-16,2026-03-01,46,7.566,concluida,False
U0142,S007748,2026-03-16,2026-03-01,64,8.817,concluida,False
U0142,S007745,2026-03-17,2026-03-01,150,25.333,concluida,False
U0142,S007753,2026-03-24,2026-03-01,167,25.787,concluida,False
U0142,S007755,2026-03-24,2026-03-01,116,17.277,concluida,False
U0142,S007756,2026-03-26,2026-03-01,92,14.059,concluida,False
U0142,S007752,2026-03-26,2026-03-01,56,9.239,concluida,False
U0142,S007762,2026-03-29,2026-03-01,28,4.372,concluida,False
U0142,S007768,2026-04-01,2026-04-01,35,5.965,concluida,False
U0142,S007765,2026-04-07,2026-04-01,156,26.074,concluida,False
U0142,S007764,2026-04-14,2026-04-01,65,10.051,concluida,False
U0142,S007771,2026-04-18,2026-04-01,67,9.448,concluida,False
U0142,S007767,2026-04-19,2026-04-01,50,21.798,concluida,True
U0142,S007769,2026-04-19,2026-04-01,223,36.014,concluida,False
U0142,S007770,2026-04-19,2026-04-01,41,6.728,concluida,False
U0142,S007772,2026-04-21,2026-04-01,239,40.645,concluida,False
U0142,S007766,2026-04-23,2026-04-01,24,3.754,concluida,False
U0142,S007779,2026-05-01,2026-05-01,53,8.638,concluida,False
U0142,S007775,2026-05-07,2026-05-01,120,18.641,concluida,False
U0142,S007784,2026-05-08,2026-05-01,39,6.469,concluida,False
U0142,S007774,2026-05-12,2026-05-01,158,24.644,concluida,False
U0142,S007777,2026-05-13,2026-05-01,20,2.863,concluida,False
U0142,S007778,2026-05-16,2026-05-01,51,7.786,concluida,False
U0142,S007776,2026-05-17,2026-05-01,200,28.033,concluida,False
U0142,S007773,2026-05-18,2026-05-01,103,15.536,concluida,False
U0142,S007780,2026-05-18,2026-05-01,18,2.59,concluida,False
U0142,S007781,2026-05-20,2026-05-01,83,13.056,concluida,False
U0142,S007783,2026-05-21,2026-05-01,234,33.002,concluida,False
U0142,S007782,2026-05-25,2026-05-01,112,19.066,concluida,False
U0142,S007785,2026-05-31,2026-05-01,154,22.159,concluida,False
U0142,S007786,2026-06-04,2026-06-01,76,12.342,concluida,False
U0142,S007787,2026-06-08,2026-06-01,131,21.94,concluida,False
U0142,S007790,2026-06-10,2026-06-01,132,18.659,concluida,False
U0142,S007796,2026-06-14,2026-06-01,163,27.03,concluida,False
U0142,S007794,2026-06-15,2026-06-01,62,8.583,concluida,False
U0142,S007792,2026-06-17,2026-06-01,47,7.156,concluida,False
U0142,S007791,2026-06-18,2026-06-01,90,14.874,concluida,False
U0142,S007795,2026-06-21,2026-06-01,34,5.555,concluida,False
U0142,S007797,2026-06-21,2026-06-01,69,11.911,concluida,False
U0142,S007788,2026-06-22,2026-06-01,136,20.093,concluida,False
U0142,S007793,2026-06-23,2026-06-01,46,7.134,concluida,False
U0142,S007789,2026-06-23,2026-06-01,245,41.312,concluida,False
U0142,S007810,2026-07-07,2026-07-01,112,16.449,concluida,False
U0142,S007804,2026-07-09,2026-07-01,58,7.984,concluida,False
U0142,S007799,2026-07-12,2026-07-01,140,21.009,concluida,False
U0142,S007801,2026-07-14,2026-07-01,27,4.243,concluida,False
U0142,S007802,2026-07-15,2026-07-01,181,26.959,concluida,False
U0142,S007798,2026-07-16,2026-07-01,64,10.758,concluida,False
U0142,S007811,2026-07-17,2026-07-01,102,15.429,concluida,False
U0142,S007800,2026-07-19,2026-07-01,35,5.695,concluida,False
U0142,S007806,2026-07-20,2026-07-01,34,5.659,concluida,False
U0142,S007805,2026-07-21,2026-07-01,45,6.444,concluida,False
U0142,S007808,2026-07-24,2026-07-01,95,13.788,concluida,False
U0142,S007812,2026-07-25,2026-07-01,68,9.604,concluida,False
U0142,S007803,2026-07-25,2026-07-01,73,12.411,concluida,False
U0142,S007809,2026-07-27,2026-07-01,65,10.148,concluida,False
U0142,S007807,2026-07-30,2026-07-01,61,10.085,concluida,False
U0142,S007820,2026-08-04,2026-08-01,12,2.006,interrompida,False
U0142,S007815,2026-08-06,2026-08-01,69,11.769,concluida,False
U0142,S007814,2026-08-08,2026-08-01,53,8.595,interrompida,False
U0142,S007819,2026-08-11,2026-08-01,112,16.263,concluida,False
U0142,S007816,2026-08-15,2026-08-01,145,21.877,concluida,False
U0142,S007817,2026-08-21,2026-08-01,99,15.628,concluida,False
U0142,S007822,2026-08-22,2026-08-01,52,7.519,concluida,False
U0142,S007818,2026-08-22,2026-08-01,254,41.952,concluida,False
U0142,S007824,2026-08-23,2026-08-01,133,18.733,concluida,False
U0142,S007823,2026-08-26,2026-08-01,129,18.516,concluida,False
U0142,S007821,2026-08-27,2026-08-01,92,14.026,concluida,False
U0142,S007813,2026-08-28,2026-08-01,54,8.903,concluida,False
U0143,S007833,2026-03-04,2026-03-01,115,36.379,concluida,False
U0143,S007826,2026-03-09,2026-03-01,58,19.29,concluida,False
U0143,S007831,2026-03-10,2026-03-01,126,34.832,concluida,False
U0143,S007829,2026-03-13,2026-03-01,235,65.49,concluida,False
U0143,S007827,2026-03-14,2026-03-01,100,30.233,concluida,False
U0143,S007830,2026-03-17,2026-03-01,179,59.172,concluida,False
U0143,S007832,2026-03-17,2026-03-01,34,9.999,concluida,False
U0143,S007828,2026-03-27,2026-03-01,157,46.748,concluida,False
U0143,S007834,2026-03-28,2026-03-01,50,14.33,concluida,False
U0143,S007825,2026-03-28,2026-03-01,48,16.632,concluida,False
U0143,S007840,2026-04-04,2026-04-01,84,23.424,concluida,False
U0143,S007838,2026-04-05,2026-04-01,32,8.935,concluida,False
U0143,S007836,2026-04-09,2026-04-01,131,42.874,concluida,False
U0143,S007835,2026-04-10,2026-04-01,61,20.997,concluida,False
U0143,S007839,2026-04-15,2026-04-01,57,17.877,concluida,False
U0143,S007841,2026-04-16,2026-04-01,90,31.329,concluida,False
U0143,S007843,2026-04-16,2026-04-01,126,38.974,concluida,False
U0143,S007842,2026-04-24,2026-04-01,114,37.365,concluida,False
U0143,S007837,2026-04-30,2026-04-01,149,46.17,concluida,False
U0143,S007846,2026-05-07,2026-05-01,72,24.688,concluida,False
U0143,S007847,2026-05-13,2026-05-01,125,36.931,concluida,False
U0143,S007848,2026-05-16,2026-05-01,50,16.561,concluida,False
U0143,S007844,2026-05-19,2026-05-01,100,33.581,interrompida,False
U0143,S007849,2026-05-20,2026-05-01,333,91.774,concluida,False
U0143,S007845,2026-05-30,2026-05-01,54,16.981,concluida,False
U0143,S007852,2026-06-06,2026-06-01,177,49.367,concluida,False
U0143,S007850,2026-06-10,2026-06-01,40,12.582,concluida,False
U0143,S007851,2026-06-20,2026-06-01,59,19.197,concluida,False
U0143,S007857,2026-07-08,2026-07-01,242,73.895,concluida,False
U0143,S007855,2026-07-11,2026-07-01,94,31.862,concluida,False
U0143,S007856,2026-07-13,2026-07-01,60,16.532,concluida,False
U0143,S007853,2026-07-16,2026-07-01,159,48.529,concluida,False
U0143,S007858,2026-07-22,2026-07-01,75,20.727,concluida,False
U0143,S007854,2026-07-27,2026-07-01,31,8.896,concluida,False
U0143,S007859,2026-08-01,2026-08-01,268,87.842,concluida,False
U0143,S007864,2026-08-24,2026-08-01,137,46.223,concluida,False
U0143,S007862,2026-08-25,2026-08-01,67,22.404,concluida,False
U0143,S007863,2026-08-25,2026-08-01,89,24.913,concluida,False
U0143,S007865,2026-08-26,2026-08-01,230,76.163,concluida,False
U0143,S007861,2026-08-27,2026-08-01,160,54.916,concluida,False
U0143,S007860,2026-08-27,2026-08-01,55,17.548,concluida,False
U0144,S007869,2026-03-09,2026-03-01,100,29.322,concluida,False
U0144,S007870,2026-03-10,2026-03-01,221,62.914,concluida,False
U0144,S007867,2026-03-10,2026-03-01,146,46.682,concluida,False
U0144,S007868,2026-03-19,2026-03-01,84,25.887,concluida,False
U0144,S007874,2026-03-21,2026-03-01,66,20.083,concluida,False
U0144,S007873,2026-03-27,2026-03-01,51,15.354,concluida,False
U0144,S007871,2026-03-29,2026-03-01,86,27.763,concluida,False
U0144,S007872,2026-03-29,2026-03-01,55,47.733,concluida,True
U0144,S007866,2026-03-31,2026-03-01,150,42.817,concluida,False
U0144,S007876,2026-05-01,2026-05-01,177,60.258,concluida,False
U0144,S007877,2026-05-11,2026-05-01,207,67.392,concluida,False
U0144,S007882,2026-05-15,2026-05-01,219,75.693,concluida,False
U0144,S007879,2026-05-15,2026-05-01,34,11.637,concluida,False
U0144,S007878,2026-05-17,2026-05-01,98,33.965,concluida,False
U0144,S007884,2026-05-24,2026-05-01,5,0.911,interrompida,False
U0144,S007880,2026-05-26,2026-05-01,239,69.69,concluida,False
U0144,S007875,2026-05-29,2026-05-01,156,45.052,concluida,False
U0144,S007881,2026-05-29,2026-05-01,67,18.523,concluida,False
U0144,S007883,2026-05-29,2026-05-01,179,60.268,concluida,False
U0144,S007885,2026-05-29,2026-05-01,195,63.183,concluida,False
U0144,S007889,2026-06-03,2026-06-01,33,10.532,concluida,False
U0144,S007894,2026-06-16,2026-06-01,104,36.148,concluida,False
U0144,S007886,2026-06-21,2026-06-01,53,16.011,concluida,False
U0144,S007890,2026-06-23,2026-06-01,88,29.996,concluida,False
U0144,S007895,2026-06-23,2026-06-01,64,21.332,concluida,False
U0144,S007887,2026-06-24,2026-06-01,54,15.355,concluida,False
U0144,S007888,2026-06-24,2026-06-01,131,40.396,concluida,False
U0144,S007892,2026-06-27,2026-06-01,44,13.206,concluida,False
U0144,S007891,2026-06-27,2026-06-01,125,43.377,concluida,False
U0144,S007893,2026-06-27,2026-06-01,28,9.072,concluida,False
U0144,S007897,2026-07-01,2026-07-01,145,47.306,concluida,False
U0144,S007904,2026-07-02,2026-07-01,99,34.411,concluida,False
U0144,S007898,2026-07-02,2026-07-01,72,21.626,concluida,False
U0144,S007900,2026-07-04,2026-07-01,31,9.944,concluida,False
U0144,S007905,2026-07-04,2026-07-01,193,58.098,concluida,False
U0144,S007902,2026-07-04,2026-07-01,182,57.192,concluida,False
U0144,S007901,2026-07-07,2026-07-01,109,33.489,concluida,False
U0144,S007903,2026-07-09,2026-07-01,153,153.298,concluida,True
U0144,S007896,2026-07-15,2026-07-01,58,17.112,concluida,False
U0144,S007899,2026-07-23,2026-07-01,32,8.983,concluida,False
U0144,S007906,2026-08-01,2026-08-01,317,106.981,concluida,False
U0144,S007907,2026-08-08,2026-08-01,40,11.797,concluida,False
U0144,S007909,2026-08-22,2026-08-01,90,29.825,concluida,False
U0144,S007908,2026-08-24,2026-08-01,52,14.907,concluida,False
U0145,S007913,2026-03-19,2026-03-01,60,9.022,concluida,False
U0145,S007916,2026-03-20,2026-03-01,117,18.401,interrompida,False
U0145,S007912,2026-03-20,2026-03-01,64,10.214,concluida,False
U0145,S007915,2026-03-22,2026-03-01,93,14.717,concluida,False
U0145,S007914,2026-03-25,2026-03-01,66,10.399,concluida,False
U0145,S007911,2026-03-26,2026-03-01,53,8.712,concluida,False
U0145,S007917,2026-03-27,2026-03-01,71,11.406,concluida,False
U0145,S007910,2026-03-27,2026-03-01,133,22.619,concluida,False
U0145,S007922,2026-04-02,2026-04-01,128,20.321,concluida,False
U0145,S007919,2026-04-11,2026-04-01,123,18.805,concluida,False
U0145,S007924,2026-04-13,2026-04-01,136,23.159,concluida,False
U0145,S007923,2026-04-16,2026-04-01,94,15.979,concluida,False
U0145,S007921,2026-04-18,2026-04-01,45,7.242,concluida,False
U0145,S007920,2026-04-21,2026-04-01,56,7.707,concluida,False
U0145,S007918,2026-04-25,2026-04-01,228,36.659,concluida,False
U0145,S007928,2026-05-03,2026-05-01,211,33.201,concluida,False
U0145,S007929,2026-05-03,2026-05-01,67,9.355,concluida,False
U0145,S007934,2026-05-05,2026-05-01,150,24.515,concluida,False
U0145,S007932,2026-05-14,2026-05-01,174,26.606,concluida,False
U0145,S007926,2026-05-16,2026-05-01,120,17.337,concluida,False
U0145,S007925,2026-05-19,2026-05-01,80,12.856,concluida,False
U0145,S007930,2026-05-20,2026-05-01,61,10.558,concluida,False
U0145,S007933,2026-05-23,2026-05-01,176,25.619,concluida,False
U0145,S007927,2026-05-27,2026-05-01,32,5.393,interrompida,False
U0145,S007931,2026-05-30,2026-05-01,41,6.98,concluida,False
U0145,S007935,2026-06-01,2026-06-01,59,8.124,concluida,False
U0145,S007943,2026-06-03,2026-06-01,213,30.242,concluida,False
U0145,S007936,2026-06-06,2026-06-01,107,16.009,concluida,False
U0145,S007941,2026-06-09,2026-06-01,217,30.758,concluida,False
U0145,S007946,2026-06-09,2026-06-01,135,21.719,concluida,False
U0145,S007942,2026-06-14,2026-06-01,46,7.943,concluida,False
U0145,S007947,2026-06-15,2026-06-01,83,12.522,concluida,False
U0145,S007940,2026-06-16,2026-06-01,170,24.698,concluida,False
U0145,S007938,2026-06-23,2026-06-01,60,8.839,concluida,False
U0145,S007945,2026-06-24,2026-06-01,157,25.36,concluida,False
U0145,S007939,2026-06-26,2026-06-01,134,19.154,concluida,False
U0145,S007944,2026-06-26,2026-06-01,102,14.12,concluida,False
U0145,S007937,2026-06-27,2026-06-01,108,16.019,concluida,False
U0145,S007953,2026-07-07,2026-07-01,29,5.072,interrompida,False
U0145,S007952,2026-07-11,2026-07-01,176,76.133,concluida,True
U0145,S007957,2026-07-11,2026-07-01,59,8.338,concluida,False
U0145,S007955,2026-07-12,2026-07-01,74,10.886,concluida,False
U0145,S007948,2026-07-13,2026-07-01,17,2.625,concluida,False
U0145,S007951,2026-07-24,2026-07-01,192,33.029,concluida,False
U0145,S007949,2026-07-25,2026-07-01,174,29.869,concluida,False
U0145,S007954,2026-07-26,2026-07-01,26,4.443,interrompida,False
U0145,S007956,2026-07-26,2026-07-01,27,4.495,concluida,False
U0145,S007950,2026-07-27,2026-07-01,17,2.812,concluida,False
U0145,S007958,2026-08-02,2026-08-01,143,24.081,concluida,False
U0145,S007963,2026-08-04,2026-08-01,34,5.637,concluida,False
U0145,S007960,2026-08-18,2026-08-01,103,17.587,concluida,False
U0145,S007961,2026-08-18,2026-08-01,143,24.766,concluida,False
U0145,S007962,2026-08-18,2026-08-01,94,15.308,concluida,False
U0145,S007959,2026-08-26,2026-08-01,105,18.218,concluida,False
U0146,S007966,2026-03-01,2026-03-01,86,13.499,concluida,False
U0146,S007964,2026-03-02,2026-03-01,173,30.014,concluida,False
U0146,S007969,2026-03-04,2026-03-01,102,14.072,concluida,False
U0146,S007965,2026-03-05,2026-03-01,31,4.376,concluida,False
U0146,S007968,2026-03-11,2026-03-01,107,18.369,concluida,False
U0146,S007967,2026-03-14,2026-03-01,71,10.879,concluida,False
U0146,S007975,2026-04-03,2026-04-01,192,30.81,concluida,False
U0146,S007980,2026-04-05,2026-04-01,195,27.227,concluida,False
U0146,S007972,2026-04-07,2026-04-01,96,14.842,concluida,False
U0146,S007977,2026-04-09,2026-04-01,41,6.727,concluida,False
U0146,S007970,2026-04-09,2026-04-01,17,2.956,concluida,False
U0146,S007981,2026-04-11,2026-04-01,25,3.979,concluida,False
U0146,S007973,2026-04-15,2026-04-01,103,17.657,concluida,False
U0146,S007979,2026-04-20,2026-04-01,29,4.993,concluida,False
U0146,S007978,2026-04-22,2026-04-01,253,42.172,concluida,False
U0146,S007982,2026-04-22,2026-04-01,35,5.62,concluida,False
U0146,S007976,2026-04-22,2026-04-01,168,24.635,concluida,False
U0146,S007974,2026-04-23,2026-04-01,333,55.693,concluida,False
U0146,S007971,2026-04-29,2026-04-01,137,20.595,concluida,False
U0146,S007983,2026-05-03,2026-05-01,105,14.921,concluida,False
U0146,S007992,2026-05-05,2026-05-01,181,28.393,concluida,False
U0146,S007991,2026-05-08,2026-05-01,90,14.412,concluida,False
U0146,S007989,2026-05-10,2026-05-01,105,14.996,concluida,False
U0146,S007986,2026-05-12,2026-05-01,155,24.944,concluida,False
U0146,S007985,2026-05-13,2026-05-01,60,9.706,concluida,False
U0146,S007984,2026-05-14,2026-05-01,128,20.17,concluida,False
U0146,S007994,2026-05-14,2026-05-01,97,13.938,concluida,False
U0146,S007990,2026-05-15,2026-05-01,156,22.275,concluida,False
U0146,S007993,2026-05-20,2026-05-01,107,18.439,concluida,False
U0146,S007988,2026-05-23,2026-05-01,90,14.099,concluida,False
U0146,S007987,2026-05-27,2026-05-01,60,8.701,concluida,False
U0146,S008002,2026-06-08,2026-06-01,87,14.156,concluida,False
U0146,S007996,2026-06-08,2026-06-01,179,30.267,concluida,False
U0146,S007998,2026-06-08,2026-06-01,126,17.357,concluida,False
U0146,S008003,2026-06-09,2026-06-01,100,15.416,concluida,False
U0146,S007999,2026-06-09,2026-06-01,88,15.286,concluida,False
U0146,S008000,2026-06-10,2026-06-01,147,24.766,concluida,False
U0146,S008001,2026-06-14,2026-06-01,82,11.81,concluida,False
U0146,S008007,2026-06-15,2026-06-01,92,12.807,concluida,False
U0146,S008006,2026-06-17,2026-06-01,73,10.345,concluida,False
U0146,S007995,2026-06-17,2026-06-01,86,12.312,concluida,False
U0146,S008008,2026-06-20,2026-06-01,137,21.553,concluida,False
U0146,S008004,2026-06-21,2026-06-01,55,8.277,concluida,False
U0146,S007997,2026-06-22,2026-06-01,217,37.404,concluida,False
U0146,S008005,2026-06-23,2026-06-01,77,13.284,concluida,False
U0146,S008009,2026-06-30,2026-06-01,39,5.881,concluida,False
U0146,S008020,2026-07-01,2026-07-01,36,6.009,concluida,False
U0146,S008013,2026-07-02,2026-07-01,10,1.412,concluida,False
U0146,S008012,2026-07-04,2026-07-01,31,4.56,concluida,False
U0146,S008023,2026-07-05,2026-07-01,29,4.588,concluida,False
U0146,S008021,2026-07-06,2026-07-01,159,25.566,concluida,False
U0146,S008018,2026-07-07,2026-07-01,83,13.976,interrompida,False
U0146,S008019,2026-07-09,2026-07-01,129,67.21,concluida,True
U0146,S008011,2026-07-10,2026-07-01,96,14.915,concluida,False
U0146,S008010,2026-07-13,2026-07-01,233,32.17,concluida,False
U0146,S008017,2026-07-16,2026-07-01,112,15.832,concluida,False
U0146,S008014,2026-07-19,2026-07-01,90,14.555,concluida,False
U0146,S008022,2026-07-20,2026-07-01,65,10.758,concluida,False
U0146,S008016,2026-07-22,2026-07-01,45,6.41,concluida,False
U0146,S008015,2026-07-31,2026-07-01,78,11.621,concluida,False
U0146,S008026,2026-08-02,2026-08-01,75,11.837,concluida,False
U0146,S008030,2026-08-02,2026-08-01,73,12.06,concluida,False
U0146,S008025,2026-08-08,2026-08-01,62,10.522,concluida,False
U0146,S008028,2026-08-11,2026-08-01,35,5.063,concluida,False
U0146,S008024,2026-08-21,2026-08-01,84,13.26,concluida,False
U0146,S008029,2026-08-28,2026-08-01,43,7.073,concluida,False
U0146,S008031,2026-08-28,2026-08-01,86,12.022,concluida,False
U0146,S008027,2026-08-28,2026-08-01,41,19.503,concluida,True
U0146,S008032,2026-08-31,2026-08-01,182,26.393,concluida,False
U0147,S008033,2026-03-06,2026-03-01,69,7.006,concluida,False
U0147,S008034,2026-03-19,2026-03-01,34,3.251,interrompida,False
U0147,S008035,2026-03-24,2026-03-01,69,7.437,concluida,False
U0147,S008036,2026-03-28,2026-03-01,44,5.082,concluida,False
U0147,S008037,2026-04-10,2026-04-01,21,2.029,concluida,False
U0147,S008040,2026-04-12,2026-04-01,68,7.17,concluida,False
U0147,S008039,2026-04-20,2026-04-01,155,17.286,concluida,False
U0147,S008038,2026-04-21,2026-04-01,124,12.294,concluida,False
U0147,S008041,2026-04-29,2026-04-01,132,14.325,concluida,False
U0147,S008042,2026-04-29,2026-04-01,36,3.403,concluida,False
U0147,S008045,2026-05-03,2026-05-01,39,4.058,concluida,False
U0147,S008046,2026-05-06,2026-05-01,24,2.573,concluida,False
U0147,S008047,2026-05-09,2026-05-01,28,3.178,concluida,False
U0147,S008044,2026-05-09,2026-05-01,42,4.491,concluida,False
U0147,S008049,2026-05-11,2026-05-01,85,8.945,concluida,False
U0147,S008043,2026-05-12,2026-05-01,29,2.696,concluida,False
U0147,S008048,2026-05-18,2026-05-01,83,9.64,concluida,False
U0147,S008053,2026-06-03,2026-06-01,147,16.873,concluida,False
U0147,S008051,2026-06-12,2026-06-01,66,7.013,interrompida,False
U0147,S008050,2026-06-27,2026-06-01,85,9.071,concluida,False
U0147,S008052,2026-06-27,2026-06-01,197,20.931,concluida,False
U0147,S008055,2026-07-12,2026-07-01,72,8.267,concluida,False
U0147,S008054,2026-07-15,2026-07-01,90,9.847,concluida,False
U0147,S008057,2026-08-01,2026-08-01,22,2.219,concluida,False
U0147,S008063,2026-08-10,2026-08-01,129,13.162,concluida,False
U0147,S008058,2026-08-13,2026-08-01,113,10.877,concluida,False
U0147,S008060,2026-08-13,2026-08-01,113,12.267,concluida,False
U0147,S008062,2026-08-23,2026-08-01,94,10.776,concluida,False
U0147,S008056,2026-08-23,2026-08-01,52,5.512,concluida,False
U0147,S008061,2026-08-25,2026-08-01,164,15.375,concluida,False
U0147,S008059,2026-08-26,2026-08-01,38,4.183,interrompida,False
U0148,S008068,2026-03-07,2026-03-01,64,6.419,concluida,False
U0148,S008064,2026-03-11,2026-03-01,75,7.182,concluida,False
U0148,S008069,2026-03-15,2026-03-01,34,3.325,concluida,False
U0148,S008066,2026-03-21,2026-03-01,185,18.515,concluida,False
U0148,S008074,2026-03-22,2026-03-01,93,9.313,concluida,False
U0148,S008071,2026-03-24,2026-03-01,255,25.77,concluida,False
U0148,S008073,2026-03-25,2026-03-01,84,8.324,concluida,False
U0148,S008067,2026-03-27,2026-03-01,92,10.528,concluida,False
U0148,S008065,2026-03-28,2026-03-01,98,10.724,interrompida,False
U0148,S008070,2026-03-30,2026-03-01,109,12.365,concluida,False
U0148,S008072,2026-03-31,2026-03-01,114,13.011,concluida,False
U0148,S008078,2026-04-01,2026-04-01,42,4.733,concluida,False
U0148,S008075,2026-04-02,2026-04-01,65,6.563,concluida,False
U0148,S008085,2026-04-03,2026-04-01,266,24.643,concluida,False
U0148,S008079,2026-04-11,2026-04-01,45,4.99,concluida,False
U0148,S008080,2026-04-14,2026-04-01,68,7.816,concluida,False
U0148,S008081,2026-04-19,2026-04-01,87,9.439,concluida,False
U0148,S008077,2026-04-19,2026-04-01,219,23.69,concluida,False
U0148,S008084,2026-04-20,2026-04-01,92,9.905,concluida,False
U0148,S008082,2026-04-21,2026-04-01,136,13.748,concluida,False
U0148,S008083,2026-04-22,2026-04-01,98,9.66,concluida,False
U0148,S008086,2026-04-23,2026-04-01,73,7.582,concluida,False
U0148,S008076,2026-04-28,2026-04-01,47,4.624,concluida,False
U0148,S008100,2026-06-04,2026-06-01,24,2.528,concluida,False
U0148,S008096,2026-06-05,2026-06-01,71,7.668,concluida,False
U0148,S008093,2026-06-06,2026-06-01,118,11.111,concluida,False
U0148,S008088,2026-06-08,2026-06-01,51,5.24,concluida,False
U0148,S008098,2026-06-14,2026-06-01,226,22.694,concluida,False
U0148,S008099,2026-06-14,2026-06-01,55,5.296,interrompida,False
U0148,S008095,2026-06-14,2026-06-01,79,8.029,concluida,False
U0148,S008092,2026-06-18,2026-06-01,86,8.356,concluida,False
U0148,S008094,2026-06-21,2026-06-01,166,15.468,concluida,False
U0148,S008089,2026-06-21,2026-06-01,56,6.251,concluida,False
U0148,S008090,2026-06-23,2026-06-01,89,9.15,concluida,False
U0148,S008091,2026-06-26,2026-06-01,195,19.88,concluida,False
U0148,S008087,2026-06-28,2026-06-01,29,3.054,concluida,False
U0148,S008097,2026-06-30,2026-06-01,284,30.622,concluida,False
U0148,S008106,2026-07-05,2026-07-01,41,4.501,concluida,False
U0148,S008110,2026-07-06,2026-07-01,69,8.084,concluida,False
U0148,S008101,2026-07-06,2026-07-01,142,13.961,concluida,False
U0148,S008104,2026-07-06,2026-07-01,122,13.39,concluida,False
U0148,S008102,2026-07-07,2026-07-01,97,10.913,concluida,False
U0148,S008103,2026-07-10,2026-07-01,68,6.825,concluida,False
U0148,S008107,2026-07-21,2026-07-01,215,24.962,concluida,False
U0148,S008109,2026-07-27,2026-07-01,77,7.643,concluida,False
U0148,S008105,2026-07-30,2026-07-01,39,3.88,concluida,False
U0148,S008108,2026-07-31,2026-07-01,25,2.314,concluida,False
U0148,S008120,2026-08-02,2026-08-01,120,12.301,concluida,False
U0148,S008127,2026-08-02,2026-08-01,107,10.809,concluida,False
U0148,S008116,2026-08-02,2026-08-01,116,12.819,concluida,False
U0148,S008123,2026-08-02,2026-08-01,42,4.273,concluida,False
U0148,S008117,2026-08-06,2026-08-01,153,14.346,concluida,False
U0148,S008124,2026-08-08,2026-08-01,91,9.239,concluida,False
U0148,S008130,2026-08-09,2026-08-01,120,13.718,concluida,False
U0148,S008113,2026-08-11,2026-08-01,88,8.345,concluida,False
U0148,S008118,2026-08-11,2026-08-01,113,12.279,concluida,False
U0148,S008129,2026-08-13,2026-08-01,29,2.96,concluida,False
U0148,S008122,2026-08-16,2026-08-01,208,23.579,concluida,False
U0148,S008115,2026-08-16,2026-08-01,241,26.154,concluida,False
U0148,S008112,2026-08-19,2026-08-01,131,13.886,concluida,False
U0148,S008125,2026-08-19,2026-08-01,68,6.396,concluida,False
U0148,S008121,2026-08-20,2026-08-01,112,10.372,concluida,False
U0148,S008126,2026-08-20,2026-08-01,94,10.499,concluida,False
U0148,S008114,2026-08-22,2026-08-01,38,4.412,concluida,False
U0148,S008111,2026-08-24,2026-08-01,61,6.241,concluida,False
U0148,S008128,2026-08-27,2026-08-01,58,22.565,concluida,True
U0148,S008119,2026-08-29,2026-08-01,29,3.346,concluida,False
U0149,S008134,2026-03-10,2026-03-01,103,14.322,concluida,False
U0149,S008131,2026-03-11,2026-03-01,229,37.192,concluida,False
U0149,S008132,2026-03-21,2026-03-01,60,8.961,concluida,False
U0149,S008133,2026-03-28,2026-03-01,235,38.764,concluida,False
U0149,S008135,2026-04-19,2026-04-01,38,6.434,concluida,False
U0149,S008136,2026-04-27,2026-04-01,77,10.872,concluida,False
U0149,S008143,2026-05-01,2026-05-01,56,7.898,concluida,False
U0149,S008142,2026-05-08,2026-05-01,131,18.727,concluida,False
U0149,S008140,2026-05-09,2026-05-01,58,9.497,concluida,False
U0149,S008141,2026-05-10,2026-05-01,47,6.713,concluida,False
U0149,S008137,2026-05-25,2026-05-01,87,14.505,concluida,False
U0149,S008138,2026-05-27,2026-05-01,117,20.274,concluida,False
U0149,S008139,2026-05-27,2026-05-01,145,21.087,concluida,False
U0149,S008147,2026-06-06,2026-06-01,57,8.424,concluida,False
U0149,S008144,2026-06-09,2026-06-01,109,15.93,concluida,False
U0149,S008145,2026-06-19,2026-06-01,14,2.292,concluida,False
U0149,S008146,2026-06-20,2026-06-01,55,9.525,concluida,False
U0149,S008148,2026-06-24,2026-06-01,148,24.69,concluida,False
U0149,S008150,2026-07-01,2026-07-01,74,10.688,concluida,False
U0149,S008151,2026-07-13,2026-07-01,242,41.227,concluida,False
U0149,S008149,2026-07-15,2026-07-01,134,23.014,concluida,False
U0149,S008152,2026-07-31,2026-07-01,237,40.495,concluida,False
U0149,S008154,2026-08-06,2026-08-01,173,24.711,concluida,False
U0149,S008157,2026-08-06,2026-08-01,25,3.584,concluida,False
U0149,S008158,2026-08-07,2026-08-01,49,8.032,concluida,False
U0149,S008153,2026-08-14,2026-08-01,79,12.282,concluida,False
U0149,S008155,2026-08-23,2026-08-01,51,8.63,concluida,False
U0149,S008156,2026-08-23,2026-08-01,29,4.194,concluida,False
U0150,S008168,2026-03-07,2026-03-01,48,15.038,concluida,False
U0150,S008166,2026-03-07,2026-03-01,124,42.779,concluida,False
U0150,S008165,2026-03-09,2026-03-01,37,12.641,concluida,False
U0150,S008162,2026-03-10,2026-03-01,60,20.568,concluida,False
U0150,S008170,2026-03-11,2026-03-01,120,39.71,concluida,False
U0150,S008160,2026-03-16,2026-03-01,150,41.551,concluida,False
U0150,S008171,2026-03-18,2026-03-01,143,43.115,concluida,False
U0150,S008164,2026-03-19,2026-03-01,156,45.493,concluida,False
U0150,S008159,2026-03-24,2026-03-01,80,23.276,concluida,False
U0150,S008169,2026-03-26,2026-03-01,88,24.714,concluida,False
U0150,S008163,2026-03-26,2026-03-01,110,33.379,concluida,False
U0150,S008167,2026-03-28,2026-03-01,55,17.355,concluida,False
U0150,S008161,2026-03-29,2026-03-01,138,44.907,concluida,False
U0150,S008173,2026-04-01,2026-04-01,112,34.759,concluida,False
U0150,S008181,2026-04-12,2026-04-01,221,67.428,concluida,False
U0150,S008182,2026-04-14,2026-04-01,46,14.027,concluida,False
U0150,S008174,2026-04-18,2026-04-01,98,31.284,concluida,False
U0150,S008184,2026-04-19,2026-04-01,9,2.749,interrompida,False
U0150,S008178,2026-04-22,2026-04-01,103,29.378,concluida,False
U0150,S008175,2026-04-22,2026-04-01,190,56.223,concluida,False
U0150,S008176,2026-04-24,2026-04-01,51,14.391,concluida,False
U0150,S008179,2026-04-24,2026-04-01,203,60.781,concluida,False
U0150,S008183,2026-04-26,2026-04-01,159,54.611,concluida,False
U0150,S008172,2026-04-26,2026-04-01,24,7.44,concluida,False
U0150,S008185,2026-04-27,2026-04-01,139,46.812,concluida,False
U0150,S008177,2026-04-28,2026-04-01,257,71.454,concluida,False
U0150,S008180,2026-04-29,2026-04-01,91,25.714,concluida,False
U0150,S008186,2026-05-14,2026-05-01,54,15.922,concluida,False
U0150,S008188,2026-05-16,2026-05-01,97,29.131,concluida,False
U0150,S008190,2026-05-18,2026-05-01,8,2.719,interrompida,False
U0150,S008187,2026-05-21,2026-05-01,49,14.535,concluida,False
U0150,S008191,2026-05-24,2026-05-01,66,21.768,concluida,False
U0150,S008189,2026-05-26,2026-05-01,10,2.782,concluida,False
U0150,S008203,2026-06-02,2026-06-01,72,24.274,concluida,False
U0150,S008196,2026-06-05,2026-06-01,69,24.033,concluida,False
U0150,S008192,2026-06-09,2026-06-01,158,48.597,concluida,False
U0150,S008199,2026-06-09,2026-06-01,109,34.644,concluida,False
U0150,S008202,2026-06-10,2026-06-01,66,22.449,concluida,False
U0150,S008207,2026-06-12,2026-06-01,63,17.658,concluida,False
U0150,S008197,2026-06-12,2026-06-01,134,42.805,concluida,False
U0150,S008200,2026-06-15,2026-06-01,83,27.077,concluida,False
U0150,S008193,2026-06-15,2026-06-01,94,30.166,concluida,False
U0150,S008195,2026-06-17,2026-06-01,83,27.296,concluida,False
U0150,S008205,2026-06-18,2026-06-01,86,23.895,concluida,False
U0150,S008194,2026-06-21,2026-06-01,46,15.884,interrompida,False
U0150,S008198,2026-06-24,2026-06-01,88,27.313,concluida,False
U0150,S008204,2026-06-26,2026-06-01,13,4.066,interrompida,False
U0150,S008206,2026-06-26,2026-06-01,65,20.961,concluida,False
U0150,S008201,2026-06-30,2026-06-01,19,5.583,interrompida,False
U0150,S008214,2026-07-04,2026-07-01,100,32.624,concluida,False
U0150,S008215,2026-07-06,2026-07-01,174,47.938,concluida,False
U0150,S008211,2026-07-09,2026-07-01,63,20.796,concluida,False
U0150,S008216,2026-07-11,2026-07-01,92,30.189,concluida,False
U0150,S008218,2026-07-11,2026-07-01,220,75.75,concluida,False
U0150,S008212,2026-07-13,2026-07-01,75,24.184,concluida,False
U0150,S008209,2026-07-18,2026-07-01,198,56.118,concluida,False
U0150,S008219,2026-07-22,2026-07-01,87,29.812,concluida,False
U0150,S008217,2026-07-24,2026-07-01,81,22.48,concluida,False
U0150,S008220,2026-07-26,2026-07-01,160,53.776,concluida,False
U0150,S008208,2026-07-30,2026-07-01,111,34.384,concluida,False
U0150,S008210,2026-07-30,2026-07-01,138,42.346,concluida,False
U0150,S008213,2026-07-31,2026-07-01,45,15.257,concluida,False
U0150,S008222,2026-08-06,2026-08-01,89,29.167,concluida,False
U0150,S008226,2026-08-09,2026-08-01,228,65.906,concluida,False
U0150,S008227,2026-08-13,2026-08-01,123,36.176,concluida,False
U0150,S008231,2026-08-16,2026-08-01,101,31.461,concluida,False
U0150,S008224,2026-08-17,2026-08-01,164,50.482,concluida,False
U0150,S008228,2026-08-21,2026-08-01,133,44.907,concluida,False
U0150,S008225,2026-08-23,2026-08-01,150,50.749,concluida,False
U0150,S008230,2026-08-23,2026-08-01,62,19.179,concluida,False
U0150,S008221,2026-08-25,2026-08-01,50,13.844,concluida,False
U0150,S008223,2026-08-26,2026-08-01,128,36.474,concluida,False
U0150,S008229,2026-08-29,2026-08-01,136,37.774,concluida,False
