geo_id,city,state,ibge_municipio_id,population_estimate,ev_fleet_bev_count,ev_fleet_phev_count,chargepoints_count,frota_total,cobertura_por_1000_evs,frota_norm,populacao_norm,cobertura_norm,expansion_score,expansion_score_0_100
G3500105,Adamantina,SP,3500105,35673,15,18,124,33,3757.575757575758,0.0008788750399488655,0.0029184236698348094,0.9090832935666279,-0.1802977392294121,1.9346410053610406
G3500204,Adolfo,SP,3500204,4505,1,2,124,3,761.8113971285813,7.989773090444231e-05,0.00030015047846405614,0.18424087793944513,-0.03669615630414163,16.940756373041985
G3500303,Aguaí,SP,3500303,32886,6,4,124,10,761.8113971285813,0.00026632576968147435,0.002684301256322544,0.18424087793944513,-0.03566792477748742,17.04820477715665
G3500402,Águas da Prata,SP,3500402,7463,0,1,124,1,761.8113971285813,2.6632576968147438e-05,0.0005486377763360623,0.18424087793944513,-0.03661806744656734,16.94891652268532
G3500501,Águas de Lindóia,SP,3500501,18257,10,10,124,20,761.8113971285813,0.0005326515393629487,0.00145538959960531,0.18424087793944513,-0.03605295913230172,17.007969357524324
G3500550,Águas de Santa Bárbara,SP,3500550,7460,3,4,124,7,761.8113971285813,0.00018642803877703208,0.0005483857608209791,0.18424087793944513,-0.03655425006804982,16.955585327617612
G3500600,Águas de São Pedro,SP,3500600,2928,5,7,124,12,761.8113971285813,0.00031959092361776926,0.00016767432270200285,0.18424087793944513,-0.036653269489361116,16.945237970509357
G3500709,Agudos,SP,3500709,38988,28,18,124,46,2695.6521739130435,0.001225098540534782,0.0031969008140017127,0.6521447753853582,-0.12866015533525704,7.33067860772673
G3500758,Alambari,SP,3500758,6373,0,3,124,3,761.8113971285813,7.989773090444231e-05,0.00045707213918917705,0.18424087793944513,-0.03663338763985158,16.94731558916359
G3500808,Alfredo Marcondes,SP,3500808,4574,1,2,124,3,761.8113971285813,7.989773090444231e-05,0.0003059468353109691,0.18424087793944513,-0.036693837761402864,16.940998656720993
G3500907,Altair,SP,3500907,3467,0,0,124,0,761.8113971285813,0.0,0.00021295311024527915,0.18424087793944513,-0.03676299434379091,16.933771914281188
G3501004,Altinópolis,SP,3501004,17197,2,2,124,4,761.8113971285813,0.00010653030787258975,0.0013663441176092563,0.18424087793944513,-0.036259025817696286,16.986435747716726
G3501103,Alto Alegre,SP,3501103,3874,1,1,124,2,761.8113971285813,5.3265153936294876e-05,0.00024714321512489594,0.18424087793944513,-0.03672801224026455,16.937427483186678
G3501152,Alumínio,SP,3501152,17607,9,6,124,15,761.8113971285813,0.0003994886545222116,0.0014007862380039564,0.18424087793944513,-0.03612806563087856,17.000120859203154
G3501202,Álvares Florence,SP,3501202,3979,0,0,124,0,761.8113971285813,0.0,0.0002559637581528069,0.18424087793944513,-0.0367457900846279,16.935569729406595
G3501301,Álvares Machado,SP,3501301,28386,27,28,124,55,2254.5454545454545,0.0014647917332481092,0.002306277983697788,0.5454164678331385,-0.10757486567984934,9.534054661698745
G3501400,Álvaro de Carvalho,SP,3501400,4901,0,1,124,1,761.8113971285813,2.6632576968147438e-05,0.0003334165264550347,0.18424087793944513,-0.036704155946519754,16.939920424342944
G3501509,Alvinlândia,SP,3501509,2919,1,1,124,2,761.8113971285813,5.3265153936294876e-05,0.00016691827615675334,0.18424087793944513,-0.036760102215851805,16.93407413661487
G3501608,Americana,SP,3501608,247571,470,689,124,1159,106.98878343399481,0.03086715670608288,0.020718951541532703,0.025802780676401498,0.015473887163765934,22.392435073713074
G3501707,Américo Brasiliense,SP,3501707,33708,9,6,124,15,761.8113971285813,0.0003994886545222116,0.0027533535074553326,0.18424087793944513,-0.035587038723098006,17.05665722899651
G3501806,Américo de Campos,SP,3501806,5981,1,1,124,2,761.8113971285813,5.3265153936294876e-05,0.000424142111884976,0.18424087793944513,-0.03665721268156052,16.944825913790652
G3501905,Amparo,SP,3501905,69792,29,24,124,53,2339.622641509434,0.0014115265793118142,0.005784596122875709,0.5660013824972983,-0.11032182741858465,9.247001943181576
G3502002,Analândia,SP,3502002,4694,0,1,124,1,761.8113971285813,2.6632576968147438e-05,0.0003160274559142959,0.18424087793944513,-0.03671111157473605,16.939193573305914
G3502101,Andradina,SP,3502101,61625,16,24,124,40,3100.0,0.0010653030787258974,0.005098525885647624,0.7499790573082262,-0.14753027987589584,5.35878345106476
G3502200,Angatuba,SP,3502200,24573,3,9,124,12,761.8113971285813,0.00031959092361776926,0.0019859662640270784,0.18424087793944513,-0.03592595271283109,17.021241307207525
G3502309,Anhembi,SP,3502309,5766,0,0,124,0,761.8113971285813,0.0,0.0004060809999706822,0.18424087793944513,-0.03668574318790075,16.94184452555719
G3502408,Anhumas,SP,3502408,4118,0,0,124,0,761.8113971285813,0.0,0.00026764047701832716,0.18424087793944513,-0.0367411193970817,16.936057808122282
G3502507,Aparecida,SP,3502507,33141,7,14,124,21,761.8113971285813,0.0005592841163310962,0.0027057225751046135,0.18424087793944513,-0.03554217291131474,17.06134562820472
G3502606,Aparecida d'Oeste,SP,3502606,4112,0,0,124,0,761.8113971285813,0.0,0.0002671364459881608,0.18424087793944513,-0.03674132100949376,16.93603673997628
G3502705,Apiaí,SP,3502705,24857,8,1,124,9,761.8113971285813,0.00023969319271332693,0.0020098237327882853,0.18424087793944513,-0.035948368817688384,17.018898863282256
G3502754,Araçariguama,SP,3502754,22314,11,16,124,27,761.8113971285813,0.0007190795781399808,0.001796198581169451,0.18424087793944513,-0.03584206432416525,17.030007497751427
G3502804,Araçatuba,SP,3502804,208415,233,260,124,493,251.5212981744422,0.013129860445296687,0.01742964503866716,0.06077325382319442,6.915142894665417e-05,20.782667013108668
G3502903,Araçoiaba da Serra,SP,3502903,33832,68,44,124,112,1107.142857142857,0.0029828486204325133,0.002763770148745437,0.2677958106883766,-0.05126051463000414,15.418806288356135
G3503000,Aramina,SP,3503000,5535,0,0,124,0,761.8113971285813,0.0,0.00038667580530927804,0.18424087793944513,-0.036693505265765314,16.941033401936156
G3503109,Arandu,SP,3503109,7076,0,1,124,1,761.8113971285813,2.6632576968147438e-05,0.0005161277748903332,0.18424087793944513,-0.036631071447145634,16.947557627268264
G3503158,Arapeí,SP,3503158,2355,0,1,124,1,761.8113971285813,2.6632576968147438e-05,0.00011953935932111725,0.18424087793944513,-0.03678970681337332,16.930980507723238
G3503208,Araraquara,SP,3503208,253474,354,394,124,748,165.77540106951872,0.019921167572174284,0.021214834070044687,0.040026540894686546,0.008449092477950277,21.658356261054866
G3503307,Araras,SP,3503307,135744,75,71,124,146,849.3150684931506,0.003888356237349526,0.01132490520646413,0.2054128944590201,-0.03499727431427856,17.118286582783664
G3503356,Arco-Íris,SP,3503356,2089,0,0,124,0,761.8113971285813,0.0,9.719398365040946e-05,0.18424087793944513,-0.03680929799442886,16.92893326341632
G3503406,Arealva,SP,3503406,8290,2,2,124,4,761.8113971285813,0.00010653030787258975,0.000618110053327323,0.18424087793944513,-0.03655831944340906,16.95516008497842
G3503505,Areias,SP,3503505,3617,0,0,124,0,761.8113971285813,0.0,0.0002255538859994377,0.18424087793944513,-0.03675795403348925,16.93429861793121
G3503604,Areiópolis,SP,3503604,10242,2,0,124,2,761.8113971285813,5.3265153936294876e-05,0.0007820881484747726,0.18424087793944513,-0.0365140342669246,16.95978780880894
G3503703,Ariranha,SP,3503703,7621,1,0,124,1,761.8113971285813,2.6632576968147438e-05,0.0005619105934637759,0.18424087793944513,-0.036612758319716256,16.949471317196675
G3503802,Artur Nogueira,SP,3503802,53467,34,25,124,59,2101.6949152542375,0.0015713220411206989,0.004413211694964789,0.5084334008093939,-0.0992928666674446,10.399509137363127
G3503901,Arujá,SP,3503901,90273,157,123,124,280,442.85714285714283,0.007457121551081283,0.007505106044348514,0.10706806181509343,-0.015428721324846767,19.16316629619744
G3503950,Aspásia,SP,3503950,1875,0,0,124,0,761.8113971285813,0.0,7.921687690780995e-05,0.18424087793944513,-0.036816488837125905,16.92818183287562
G3504008,Assis,SP,3504008,104858,108,84,124,192,645.8333333333334,0.005113454777884308,0.008730321473511195,0.15617931841526328,-0.025698353182494457,18.09000764919513
G3504107,Atibaia,SP,3504107,167161,361,297,124,658,188.4498480243161,0.017524235645041013,0.013964095685586786,0.0455127537359637,0.0034927817850583798,21.14043042388418
G3504206,Auriflama,SP,3504206,13856,3,3,124,6,761.8113971285813,0.00015979546180888463,0.0010856828389782986,0.18424087793944513,-0.03634998426757415,16.976930748087
G3504305,Avaí,SP,3504305,4503,0,0,124,0,761.8113971285813,0.0,0.00029998246812066735,0.18424087793944513,-0.03672818260064076,16.937409680824004
G3504404,Avanhandava,SP,3504404,11436,2,1,124,3,761.8113971285813,7.989773090444231e-05,0.0008823903234778745,0.18424087793944513,-0.0364632603661361,16.965093593030666
G3504503,Avaré,SP,3504503,96450,43,47,124,90,1377.7777777777778,0.0023969319271332696,0.008024005989904763,0.33327748615526975,-0.06248712206423873,14.245645359945906
G3504602,Bady Bassitt,SP,3504602,29346,35,30,124,65,1907.6923076923078,0.0017311175029295835,0.0023869229485244028,0.4614933542023333,-0.09065145465988507,11.302521645188918
G3504701,Balbinos,SP,3504701,3969,0,0,124,0,761.8113971285813,0.0,0.000255123706435863,0.18424087793944513,-0.03674612610531468,16.935534615829926
G3504800,Bálsamo,SP,3504800,9902,6,10,124,16,761.8113971285813,0.000426121231490359,0.0007535263900986799,0.18424087793944513,-0.03637631653925341,16.974179071547905
G3504909,Bananal,SP,3504909,10097,0,0,124,0,761.8113971285813,0.0,0.000769907398579086,0.18424087793944513,-0.03654021262845739,16.95705221561216
G3505005,Barão de Antonina,SP,3505005,3632,0,0,124,0,761.8113971285813,0.0,0.0002268139635748535,0.18424087793944513,-0.036757450002459086,16.93435128829621
G3505104,Barbosa,SP,3505104,5627,0,0,124,0,761.8113971285813,0.0,0.00039440428110516193,0.18424087793944513,-0.03669041387544696,16.941356446841503
G3505203,Bariri,SP,3505203,32406,8,6,124,14,761.8113971285813,0.00037285607755406416,0.0026439787739092366,0.18424087793944513,-0.03564144164730371,17.05097221814677
G3505302,Barra Bonita,SP,3505302,35129,15,21,124,36,3444.444444444445,0.0009587727708533077,0.0028727248564330613,0.8333193715388175,-0.16513127525684898,3.519510081703295
G3505351,Barra do Chapéu,SP,3505351,5254,0,0,124,0,761.8113971285813,0.0,0.0003630703520631544,0.18424087793944513,-0.03670294744706377,16.94004671043178
G3505401,Barra do Turvo,SP,3505401,6894,0,0,124,0,761.8113971285813,0.0,0.0005008388336419543,0.18424087793944513,-0.036647840054432244,16.945805337005353
G3505500,Barretos,SP,3505500,126957,96,53,124,149,832.2147651006711,0.003968253968253968,0.010586751762785524,0.201275377709501,-0.0344330732494844,17.17724461163266
G3505609,Barrinha,SP,3505609,33304,11,5,124,16,761.8113971285813,0.000426121231490359,0.002719415418090799,0.18424087793944513,-0.035589960928056566,17.056351863666666
G3505708,Barueri,SP,3505708,333737,629,910,124,1539,80.57179987004548,0.04098753595397891,0.027957341165751527,0.01941103957924178,0.02369574293204382,23.25160468509136
G3505807,Bastos,SP,3505807,21936,6,6,124,12,761.8113971285813,0.00031959092361776926,0.0017644446262689714,0.18424087793944513,-0.03601456136793433,17.01198185704014
G3505906,Batatais,SP,3505906,59939,27,26,124,53,2339.622641509434,0.0014115265793118142,0.004956893166170882,0.5660013824972983,-0.11065290860126657,9.212404536090467
G3506003,Bauru,SP,3506003,392947,649,582,124,1231,100.73111291632819,0.032784702247789496,0.03293128738177637,0.024288701306838727,0.021428655590458603,23.01469800548922
G3506102,Bebedouro,SP,3506102,78257,42,44,124,86,1441.8604651162789,0.0022904016192606797,0.006495699901268722,0.3487826608958448,-0.0662420915709572,13.853257584880332
G3506201,Bento de Abreu,SP,3506201,2640,0,1,124,1,761.8113971285813,2.6632576968147438e-05,0.00014348083325401844,0.18424087793944513,-0.03678013022380016,16.93198124465828
G3506300,Bernardino de Campos,SP,3506300,11881,1,2,124,3,761.8113971285813,7.989773090444231e-05,0.0009197726248818781,0.18424087793944513,-0.0364483074455745,16.966656147192396
G3506359,Bertioga,SP,3506359,67436,37,59,124,96,1291.6666666666667,0.002556727388942154,0.005586679938363725,0.31244240759762193,-0.059231118588602034,14.58589205359413
G3506409,Bilac,SP,3506409,7464,2,4,124,6,761.8113971285813,0.00015979546180888463,0.0005487217815077567,0.18424087793944513,-0.03656476869056237,16.95448614988073
G3506508,Birigui,SP,3506508,123340,52,69,124,121,1024.793388429752,0.00322254181314584,0.010282905056766914,0.2478708831421018,-0.04417199788045526,16.159543945717644
G3506607,Biritiba Mirim,SP,3506607,30564,0,0,124,0,761.8113971285813,0.0,0.00248924124764817,0.18424087793944513,-0.035852479088829756,17.02891917297882
G3506706,Boa Esperança do Sul,SP,3506706,13113,0,4,124,4,761.8113971285813,0.00010653030787258975,0.0010232669964093668,0.18424087793944513,-0.03639625666617624,16.972095363005458
G3506805,Bocaina,SP,3506805,11480,4,2,124,6,761.8113971285813,0.00015979546180888463,0.0008860865510324276,0.18424087793944513,-0.0364298227827525,16.96858776227065
G3506904,Bofete,SP,3506904,10710,2,1,124,3,761.8113971285813,7.989773090444231e-05,0.0008214025688277472,0.18424087793944513,-0.03648765546799615,16.96254434736456
G3507001,Boituva,SP,3507001,63850,74,74,124,148,837.8378378378378,0.003941621391285821,0.005285437392667642,0.20263591249650503,-0.036836358985719624,16.926105436946713
G3507100,Bom Jesus dos Perdões,SP,3507100,22579,24,13,124,37,3351.3513513513512,0.0009854053478214552,0.0018184599516684644,0.8107949622873063,-0.16103744633766529,3.947308075328394
G3507159,Bom Sucesso de Itararé,SP,3507159,3609,0,0,124,0,761.8113971285813,0.0,0.00022488184462588254,0.18424087793944513,-0.03675822285003867,16.934270527069874
G3507209,Borá,SP,3507209,932,0,0,124,0,761.8113971285813,0.0,0.0,0.18424087793944513,-0.036848175587889026,16.924870622595815
G3507308,Boracéia,SP,3507308,4838,1,0,124,1,761.8113971285813,2.6632576968147438e-05,0.0003281242006382881,0.18424087793944513,-0.036706272876846455,16.939699208809934
G3507407,Borborema,SP,3507407,14405,2,7,124,9,761.8113971285813,0.00023969319271332693,0.001131801678238519,0.18424087793944513,-0.036299577639508286,16.982198152948726
G3507456,Borebi,SP,3507456,2801,1,0,124,1,761.8113971285813,2.6632576968147438e-05,0.00015700566589681527,0.18424087793944513,-0.03677472029074304,16.93254657324264
G3507506,Botucatu,SP,3507506,151053,270,267,124,537,230.9124767225326,0.014301693831895175,0.01261094037993355,0.05578683095173679,-0.00039231250561586745,20.734444835476598
G3507605,Bragança Paulista,SP,3507605,185688,302,248,124,550,225.45454545454547,0.014647917332481091,0.015520459501568754,0.05446625309292803,0.0011741001150343319,20.89813222679944
G3507704,Braúna,SP,3507704,5477,0,1,124,1,761.8113971285813,2.6632576968147438e-05,0.0003818035053510034,0.18424087793944513,-0.036684801154961366,16.94194296635903
G3507753,Brejo Alegre,SP,3507753,2605,1,0,124,1,761.8113971285813,2.6632576968147438e-05,0.00014054065224471476,0.18424087793944513,-0.03678130629620388,16.931858347139944
G3507803,Brodowski,SP,3507803,26314,11,4,124,15,761.8113971285813,0.0003994886545222116,0.0021322192679470117,0.18424087793944513,-0.035835492418901334,17.030694250408096
G3507902,Brotas,SP,3507902,24501,5,3,124,8,761.8113971285813,0.0002130606157451795,0.0019799178916650824,0.18424087793944513,-0.03597098418492492,17.01653559678532
G3508009,Buri,SP,3508009,20731,5,4,124,9,761.8113971285813,0.00023969319271332693,0.0016632183943772313,0.18424087793944513,-0.036087010953052806,17.004411001548984
G3508108,Buritama,SP,3508108,17658,3,7,124,10,761.8113971285813,0.00026632576968147435,0.0014050705017603702,0.18424087793944513,-0.03617961707931229,16.994733822606417
G3508207,Buritizal,SP,3508207,4458,1,0,124,1,761.8113971285813,2.6632576968147438e-05,0.0002962022353944198,0.18424087793944513,-0.036719041662944,16.938364892896548
G3508306,Cabrália Paulista,SP,3508306,4360,1,0,124,1,761.8113971285813,2.6632576968147438e-05,0.0002879697285683696,0.18424087793944513,-0.03672233466567442,16.9380207798452
G3508405,Cabreúva,SP,3508405,48654,39,26,124,65,1907.6923076923078,0.0017311175029295835,0.004008894803599689,0.4614933542023333,-0.09000266591785495,11.370318939019745
G3508504,Caçapava,SP,3508504,100071,81,53,124,134,925.3731343283582,0.0035687653137317565,0.00832818871661015,0.2238155808971797,-0.04000433456729918,16.595057504947818
G3508603,Cachoeira Paulista,SP,3508603,32534,9,6,124,15,761.8113971285813,0.0003994886545222116,0.0026547314358861184,0.18424087793944513,-0.03562648755172569,17.052534895095672
G3508702,Caconde,SP,3508702,17228,2,1,124,3,761.8113971285813,7.989773090444231e-05,0.0013689482779317824,0.18424087793944513,-0.03626863718435454,16.985431376636846
G3508801,Cafelândia,SP,3508801,16907,7,3,124,10,761.8113971285813,0.00026632576968147435,0.0013419826178178833,0.18424087793944513,-0.03620485223288928,16.99209679299864
G3508900,Caiabu,SP,3508900,3726,0,0,124,0,761.8113971285813,0.0,0.0002347104497141262,0.18424087793944513,-0.036754291408003376,16.93468135591689
G3509007,Caieiras,SP,3509007,98549,84,64,124,148,837.8378378378378,0.003941621391285821,0.008200332845291288,0.20263591249650503,-0.03567040080467017,17.04794603662746
G3509106,Caiuá,SP,3509106,5599,0,0,124,0,761.8113971285813,0.0,0.00039205213629771904,0.18424087793944513,-0.03669135473336994,16.94125812882683
G3509205,Cajamar,SP,3509205,98365,79,82,124,161,770.1863354037267,0.004287844891871738,0.00818487589369952,0.1862672424193199,-0.03226436016963548,17.40387135217874
G3509254,Cajati,SP,3509254,29262,5,1,124,6,761.8113971285813,0.00015979546180888463,0.002379866514102074,0.18424087793944513,-0.03583231079752464,17.03102672430192
G3509304,Cajobi,SP,3509304,9210,3,3,124,6,761.8113971285813,0.00015979546180888463,0.000695394811286162,0.18424087793944513,-0.03650609947865101,16.960616980366986
G3509403,Cajuru,SP,3509403,24233,2,6,124,8,761.8113971285813,0.0002130606157451795,0.0019574045056509858,0.18424087793944513,-0.035979989539330556,17.015594552930615
G3509452,Campina do Monte Alegre,SP,3509452,6090,3,0,124,3,761.8113971285813,7.989773090444231e-05,0.00043329867559966463,0.18424087793944513,-0.036642897025287384,16.946321874943884
G3509502,Campinas,SP,3509502,1187974,3150,4009,124,7159,17.32085486799832,0.19066261851496752,0.09971766701845232,0.004107109680315294,0.11533069227730487,32.82729733119662
G3509601,Campo Limpo Paulista,SP,3509601,79781,64,21,124,85,1458.8235294117646,0.0022637690422925324,0.006623723782930972,0.3528869718565853,-0.06702239724122766,13.771717001053847
G3509700,Campos do Jordão,SP,3509700,47956,28,13,124,41,3024.390243902439,0.0010919356556940449,0.003950259193757005,0.7316848419893159,-0.14432009045808278,5.6942426554447
G3509809,Campos Novos Paulista,SP,3509809,5003,0,0,124,0,761.8113971285813,0.0,0.00034198505396786246,0.18424087793944513,-0.03671138156630188,16.939165359657412
G3509908,Cananéia,SP,3509908,12491,3,1,124,4,761.8113971285813,0.00010653030787258975,0.0009710157796154562,0.18424087793944513,-0.03641715715289381,16.9699112985367
G3509957,Canas,SP,3509957,5068,1,0,124,1,761.8113971285813,2.6632576968147438e-05,0.0003474453901279978,0.18424087793944513,-0.03669854440105057,16.940506821073303
G3510005,Cândido Mota,SP,3510005,30157,10,5,124,15,761.8113971285813,0.0003994886545222116,0.0024550511427685533,0.18424087793944513,-0.03570635966897272,17.04418839792166
G3510104,Cândido Rodrigues,SP,3510104,2959,2,0,124,2,761.8113971285813,5.3265153936294876e-05,0.0001702784830245289,0.18424087793944513,-0.036758758133104696,16.934214590921542
G3510153,Canitar,SP,3510153,6589,0,0,124,0,761.8113971285813,0.0,0.0004752172562751653,0.18424087793944513,-0.03665808868537896,16.944734372916976
G3510203,Capão Bonito,SP,3510203,47409,11,5,124,16,761.8113971285813,0.000426121231490359,0.003904308364840173,0.18424087793944513,-0.03511600374935681,17.105879563557064
G3510302,Capela do Alto,SP,3510302,23777,5,11,124,16,761.8113971285813,0.000426121231490359,0.001919098147358344,0.18424087793944513,-0.035910087836349545,17.022899159174937
G3510401,Capivari,SP,3510401,51369,22,18,124,40,3100.0,0.0010653030787258974,0.004236968844749958,0.7499790573082262,-0.14787490269225492,5.322770966833923
G3510500,Caraguatatuba,SP,3510500,142248,178,138,124,316,392.40506329113924,0.00841589432193459,0.011871274843164444,0.09486089101459091,-0.010857310536878571,19.640870763515256
G3510609,Carapicuíba,SP,3510609,398236,192,131,124,323,383.90092879256963,0.008602322360711623,0.033375590734867996,0.0928032667654522,-0.001769488114858591,20.59053238233458
G3510708,Cardoso,SP,3510708,11476,1,0,124,1,761.8113971285813,2.6632576968147438e-05,0.0008857505303456501,0.18424087793944513,-0.036483222344963505,16.96300760100224
G3510807,Casa Branca,SP,3510807,28779,2,6,124,8,761.8113971285813,0.0002130606157451795,0.0023392920161736837,0.18424087793944513,-0.03582723453512148,17.031557184883948
G3510906,Cássia dos Coqueiros,SP,3510906,2861,0,0,124,0,761.8113971285813,0.0,0.00016204597619847864,0.18424087793944513,-0.03678335719740963,16.931644031535097
G3511003,Castilho,SP,3511003,20485,4,3,124,7,761.8113971285813,0.00018642803877703208,0.0016425531221404112,0.18424087793944513,-0.03611658312352205,17.001320761227852
G3511102,Catanduva,SP,3511102,119275,92,98,124,190,652.6315789473684,0.005060189623948014,0.009941424033829218,0.15782419303823547,-0.025564193144536205,18.104027139553963
G3511201,Catiguá,SP,3511201,7101,1,0,124,1,761.8113971285813,2.6632576968147438e-05,0.000518227904182693,0.18424087793944513,-0.03663023139542869,16.947645411209933
G3511300,Cedral,SP,3511300,13314,13,5,124,18,761.8113971285813,0.00047938638542665386,0.0010401520359199392,0.18424087793944513,-0.03624036021935039,16.98838627024217
G3511409,Cerqueira César,SP,3511409,22210,6,1,124,7,761.8113971285813,0.00018642803877703208,0.0017874620433132344,0.18424087793944513,-0.03605861955505292,17.007377853203103
G3511508,Cerquilho,SP,3511508,46391,32,27,124,59,2101.6949152542375,0.0015713220411206989,0.0038187911000552833,0.5084334008093939,-0.0995306349054084,10.374662770512758
G3511607,Cesário Lange,SP,3511607,19707,5,3,124,8,761.8113971285813,0.0002130606157451795,0.0015771970985621758,0.18424087793944513,-0.03613207250216608,16.99970214813062
G3511706,Charqueada,SP,3511706,15814,4,3,124,7,761.8113971285813,0.00018642803877703208,0.0012501649651559148,0.18424087793944513,-0.03627353838631585,16.98491920956617
G3511904,Clementina,SP,3511904,7084,1,0,124,1,761.8113971285813,2.6632576968147438e-05,0.0005167998162638884,0.18424087793944513,-0.03663080263059621,16.9475857181296
G3512001,Colina,SP,3512001,18880,8,4,124,12,761.8113971285813,0.00031959092361776926,0.001507724821570915,0.18424087793944513,-0.03611724928981355,17.00125114801036
G3512100,Colômbia,SP,3512100,6802,1,0,124,1,761.8113971285813,2.6632576968147438e-05,0.0004931103578460703,0.18424087793944513,-0.03664027841396334,16.946595515267557
G3512209,Conchal,SP,3512209,29132,8,6,124,14,761.8113971285813,0.00037285607755406416,0.002368945841781803,0.18424087793944513,-0.03575145482015468,17.039476033145625
G3512308,Conchas,SP,3512308,15345,3,5,124,8,761.8113971285813,0.0002130606157451795,0.0012107665396312458,0.18424087793944513,-0.036278644725738454,16.98438560598798
G3512407,Cordeirópolis,SP,3512407,25286,18,14,124,32,3875.0,0.000852242462980718,0.0020458619514451787,0.9374947643270566,-0.18633971109964095,1.3032654655794254
G3512506,Coroados,SP,3512506,5504,1,1,124,2,761.8113971285813,5.3265153936294876e-05,0.00038407164498675193,0.18424087793944513,-0.03667324086831981,16.943150996183583
G3512605,Coronel Macedo,SP,3512605,4271,1,0,124,1,761.8113971285813,2.6632576968147438e-05,0.00028049326828756885,0.18424087793944513,-0.036725325249786736,16.93770826901285
G3512704,Corumbataí,SP,3512704,4296,1,0,124,1,761.8113971285813,2.6632576968147438e-05,0.0002825933975799286,0.18424087793944513,-0.0367244851980698,16.93779605295452
G3512803,Cosmópolis,SP,3512803,61167,17,22,124,39,3179.487179487179,0.0010386705017577502,0.0050600515170115936,0.7692114375152856,-0.1514027986955494,4.954111977481645
G3512902,Cosmorama,SP,3512902,9019,2,1,124,3,761.8113971285813,7.989773090444231e-05,0.0006793498234925334,0.18424087793944513,-0.03654447656613023,16.95660664154998
G3513009,Cotia,SP,3513009,289493,375,320,124,695,178.41726618705036,0.01850964099286247,0.02424061634930493,0.04308531286313898,0.008483040364239166,21.661903756059885
G3513108,Cravinhos,SP,3513108,34307,45,37,124,82,1512.1951219512196,0.0021838713113880898,0.0028036726053002723,0.36580053561111026,-0.0711650895555467,13.338812867721085
G3513207,Cristais Paulista,SP,3513207,9600,3,5,124,8,761.8113971285813,0.0002130606157451795,0.0007281568282469741,0.18424087793944513,-0.036471688610292166,16.96421285619214
G3513306,Cruzália,SP,3513306,2123,0,0,124,0,761.8113971285813,0.0,0.00010005015948801872,0.18424087793944513,-0.03680815552409382,16.929052649576988
G3513405,Cruzeiro,SP,3513405,76444,18,14,124,32,3875.0,0.000852242462980718,0.006343398524986792,0.9374947643270566,-0.1846206964702243,1.4828995010982489
G3513504,Cubatão,SP,3513504,114870,29,14,124,43,2883.7209302325577,0.0011452008096303398,0.009571381252515429,0.697649092558785,-0.13524318568689872,6.6427633987621615
G3513603,Cunha,SP,3513603,22460,6,1,124,7,761.8113971285813,0.00018642803877703208,0.001808463336236832,0.18424087793944513,-0.03605021903788348,17.00825569261981
G3513702,Descalvado,SP,3513702,32663,7,20,124,27,761.8113971285813,0.0007190795781399808,0.002665568103034695,0.18424087793944513,-0.03549431651541916,17.066346538245273
G3513801,Diadema,SP,3513801,403579,149,155,124,304,407.89473684210526,0.008096303398316821,0.03382443036723112,0.09860870661123643,-0.0029534478160281076,20.466810655146652
G3513850,Dirce Reis,SP,3513850,1639,0,0,124,0,761.8113971285813,0.0,5.9391656387933875e-05,0.18424087793944513,-0.036824418925333856,16.927353152466253
G3513900,Divinolândia,SP,3513900,11305,0,4,124,4,761.8113971285813,0.00010653030787258975,0.0008713856459859094,0.18424087793944513,-0.03645700920634563,16.96574682834386
G3514007,Dobrada,SP,3514007,8986,4,0,124,4,761.8113971285813,0.00010653030787258975,0.0006765776528266185,0.18424087793944513,-0.03653493240360934,16.957603989914524
G3514106,Dois Córregos,SP,3514106,24847,8,5,124,13,761.8113971285813,0.0003462235005859167,0.0020089836810713415,0.18424087793944513,-0.03590609271522612,17.023316642375782
G3514205,Dolcinópolis,SP,3514205,2254,2,0,124,2,761.8113971285813,5.3265153936294876e-05,0.00011105483697998384,0.18424087793944513,-0.036782447591522514,16.931739083766438
G3514304,Dourado,SP,3514304,8169,0,1,124,1,761.8113971285813,2.6632576968147438e-05,0.0006079454275523018,0.18424087793944513,-0.03659434438608085,16.95139554119809
G3514403,Dracena,SP,3514403,46735,16,12,124,28,761.8113971285813,0.0007457121551081283,0.003847688879118154,0.18424087793944513,-0.03501081517419851,17.116871586500217
G3514502,Duartina,SP,3514502,12532,3,1,124,4,761.8113971285813,0.00010653030787258975,0.0009744599916549261,0.18424087793944513,-0.036415779468078016,16.970055264201044
G3514601,Dumont,SP,3514601,9764,7,4,124,11,761.8113971285813,0.00029295834664962183,0.0007419336764048541,0.18424087793944513,-0.03643421877866723,16.96812838835214
G3514700,Echaporã,SP,3514700,6291,2,0,124,2,761.8113971285813,5.3265153936294876e-05,0.00045018371511023697,0.18424087793944513,-0.036646796040270414,16.945914434667365
G3514809,Eldorado,SP,3514809,13109,0,1,124,1,761.8113971285813,2.6632576968147438e-05,0.0010229309757225893,0.18424087793944513,-0.03642835016681273,16.968741648072147
G3514908,Elias Fausto,SP,3514908,18168,5,1,124,6,761.8113971285813,0.00015979546180888463,0.0014479131393245093,0.18424087793944513,-0.03620509214743567,16.992071722346296
G3514924,Elisiário,SP,3514924,3190,0,1,124,1,761.8113971285813,2.6632576968147438e-05,0.00018968367768593304,0.18424087793944513,-0.036761649086027394,16.93391249137503
G3514957,Embaúba,SP,3514957,2349,0,1,124,1,761.8113971285813,2.6632576968147438e-05,0.00011903532829095089,0.18424087793944513,-0.03678990842578539,16.930959439577236
G3515004,Embu das Artes,SP,3515004,259788,111,76,124,187,663.1016042780749,0.004980291893043571,0.021745242724123065,0.16035747588003224,-0.021381281329139797,18.54113414071661
G3515103,Embu-Guaçu,SP,3515103,68913,46,25,124,71,1746.4788732394366,0.0018909129647384682,0.00571075557695634,0.42248683659928293,-0.08145669990317866,12.263357506785738
G3515129,Emilianópolis,SP,3515129,3061,1,1,124,2,761.8113971285813,5.3265153936294876e-05,0.00017884701053735673,0.18424087793944513,-0.03675533072209956,16.934572749403557
G3515152,Engenheiro Coelho,SP,3515152,20261,10,8,124,18,761.8113971285813,0.00047938638542665386,0.0016237359636808678,0.18424087793944513,-0.036006926648246014,17.01277967195352
G3515186,Espírito Santo do Pinhal,SP,3515186,40610,21,16,124,37,3351.3513513513512,0.0009854053478214552,0.0033331572024900137,0.8107949622873063,-0.16043156743733666,4.0106213654187
G3515194,Espírito Santo do Turvo,SP,3515194,4214,1,0,124,1,761.8113971285813,2.6632576968147438e-05,0.00027570497350098863,0.18424087793944513,-0.03672724056770137,16.937508121625843
G3515202,Estrela d'Oeste,SP,3515202,9696,0,1,124,1,761.8113971285813,2.6632576968147438e-05,0.0007362213247296356,0.18424087793944513,-0.03654303402720991,16.956757384355313
G3515301,Estrela do Norte,SP,3515301,2751,0,0,124,0,761.8113971285813,0.0,0.00015280540731209572,0.18424087793944513,-0.03678705342496419,16.931257782191746
G3515350,Euclides da Cunha Paulista,SP,3515350,7883,0,3,124,3,761.8113971285813,7.989773090444231e-05,0.0005839199484477061,0.18424087793944513,-0.03658264851614817,16.952617739240477
G3515400,Fartura,SP,3515400,17029,5,3,124,8,761.8113971285813,0.0002130606157451795,0.0013522312487645987,0.18424087793944513,-0.03622205884208511,16.990298732298896
G3515509,Fernandópolis,SP,3515509,73508,58,29,124,87,1425.287356321839,0.002317034196228827,0.006096759340892062,0.34477270191121334,-0.06558902296739433,13.921502116788972
G3515608,Fernando Prestes,SP,3515608,6080,1,3,124,4,761.8113971285813,0.00010653030787258975,0.00043245862388272064,0.18424087793944513,-0.036632580015186905,16.947399984534762
G3515657,Fernão,SP,3515657,1692,0,0,124,0,761.8113971285813,0.0,6.384393048773655e-05,0.18424087793944513,-0.03682263801569393,16.927539254422594
G3515707,Ferraz de Vasconcelos,SP,3515707,186479,44,35,124,79,1569.620253164557,0.0021039735804836476,0.015586907592379018,0.3796948763596497,-0.06886262280278488,13.579416634186348
G3515806,Flora Rica,SP,3515806,1483,0,0,124,0,761.8113971285813,0.0,4.6286849603609007e-05,0.18424087793944513,-0.036829660848047584,16.926805380670228
G3515905,Floreal,SP,3515905,2747,0,0,124,0,761.8113971285813,0.0,0.0001524693866253182,0.18424087793944513,-0.0367871878332389,16.93124373676108
G3516002,Flórida Paulista,SP,3516002,13175,0,0,124,0,761.8113971285813,0.0,0.001028475317054419,0.18424087793944513,-0.03643678546106726,16.96786017451061
G3516101,Florínea,SP,3516101,4022,0,1,124,1,761.8113971285813,2.6632576968147438e-05,0.0002595759805356657,0.18424087793944513,-0.0367336921648875,16.936833940953818
G3516200,Franca,SP,3516200,365494,316,223,124,539,230.0556586270872,0.01435495898583147,0.030625093403250276,0.05557951888598973,0.006876117178434752,21.49398308121794
G3516309,Francisco Morato,SP,3516309,171476,69,22,124,91,1362.6373626373627,0.002423564504101417,0.01432657800144808,0.32961417563963935,-0.05922277812570807,14.586763617443616
G3516408,Franco da Rocha,SP,3516408,150241,69,26,124,95,1305.2631578947369,0.002530094811974007,0.012542728180517704,0.3157321568435663,-0.05711730217171659,14.806782188450011
G3516507,Gabriel Monteiro,SP,3516507,2813,3,0,124,3,761.8113971285813,7.989773090444231e-05,0.00015801372795714794,0.18424087793944513,-0.03675301100434439,16.934815155869735
G3516606,Gália,SP,3516606,6413,1,0,124,1,761.8113971285813,2.6632576968147438e-05,0.00046043234605695266,0.18424087793944513,-0.036653349618678985,16.945229597135167
G3516705,Garça,SP,3516705,43081,24,49,124,73,1698.6301369863013,0.001944178118674763,0.003540733981746852,0.4109095596851356,-0.07998794709685847,12.416839617562438
G3516804,Gastão Vidigal,SP,3516804,3203,1,1,124,2,761.8113971285813,5.3265153936294876e-05,0.00019077574491796012,0.18424087793944513,-0.03675055922834732,16.935071362192247
G3516853,Gavião Peixoto,SP,3516853,4806,0,1,124,1,761.8113971285813,2.6632576968147438e-05,0.0003254360351440676,0.18424087793944513,-0.03670734814304414,16.939586845364598
G3516903,General Salgado,SP,3516903,10437,1,0,124,1,761.8113971285813,2.6632576968147438e-05,0.0007984691569551787,0.18424087793944513,-0.036518134894319695,16.95935930038642
G3517000,Getulina,SP,3517000,10337,3,1,124,4,761.8113971285813,0.00010653030787258975,0.0007900686397857397,0.18424087793944513,-0.03648953600882569,16.962347834122387
G3517109,Glicério,SP,3517109,4158,2,0,124,2,761.8113971285813,5.3265153936294876e-05,0.0002710006838861028,0.18424087793944513,-0.036718469252760066,16.938424708764053
G3517208,Guaiçara,SP,3517208,11478,5,4,124,9,761.8113971285813,0.00023969319271332693,0.0008859185406890389,0.18424087793944513,-0.03639793089452808,16.971920409057965
G3517307,Guaimbê,SP,3517307,5609,1,0,124,1,761.8113971285813,2.6632576968147438e-05,0.0003928921880146629,0.18424087793944513,-0.0366803656818959,16.942406465571047
G3517406,Guaíra,SP,3517406,40489,11,13,124,24,761.8113971285813,0.0006391818472355385,0.0033229925767149925,0.18424087793944513,-0.03526330581830881,17.09048675384311
G3517505,Guapiaçu,SP,3517505,22445,11,12,124,23,761.8113971285813,0.000612549270267391,0.0018072032586614161,0.18424087793944513,-0.035880274576317504,17.02601459293558
G3517604,Guapiara,SP,3517604,17225,0,2,124,2,761.8113971285813,5.3265153936294876e-05,0.0013686962624166992,0.18424087793944513,-0.03627939102134783,16.984307619396297
G3517703,Guará,SP,3517703,18748,3,3,124,6,761.8113971285813,0.00015979546180888463,0.0014966361389072555,0.18424087793944513,-0.03618560294760257,16.99410830979305
G3517802,Guaraçaí,SP,3517802,7453,0,1,124,1,761.8113971285813,2.6632576968147438e-05,0.0005477977246191183,0.18424087793944513,-0.03661840346725412,16.94888140910865
G3517901,Guaraci,SP,3517901,10554,3,3,124,6,761.8113971285813,0.00015979546180888463,0.0008082977620434223,0.18424087793944513,-0.0364609382983481,16.96533624507118
G3518008,Guarani d'Oeste,SP,3518008,1999,0,0,124,0,761.8113971285813,0.0,8.963351819791432e-05,0.18424087793944513,-0.03681232218060986,16.928617241226306
G3518107,Guarantã,SP,3518107,6532,1,1,124,2,761.8113971285813,5.3265153936294876e-05,0.00047042896148858504,0.18424087793944513,-0.036638697941719076,16.946760671865064
G3518206,Guararapes,SP,3518206,31888,10,9,124,19,761.8113971285813,0.0005060189623948013,0.0026004640949715426,0.18424087793944513,-0.03560558236494249,17.054719450713105
G3518305,Guararema,SP,3518305,32620,50,18,124,68,1823.5294117647059,0.0018110152338340257,0.0026619558806518363,0.4411296575125055,-0.08643674305670676,11.742951668803004
G3518404,Guaratinguetá,SP,3518404,121916,44,28,124,72,1722.2222222222224,0.0019175455417066154,0.010163281692274102,0.41661780038586105,-0.07849122918357992,12.573244033321703
G3518503,Guareí,SP,3518503,15285,3,0,124,3,761.8113971285813,7.989773090444231e-05,0.0012057262293295823,0.18424087793944513,-0.03633392600379542,16.97860880869023
G3518602,Guariba,SP,3518602,38678,8,10,124,18,761.8113971285813,0.00047938638542665386,0.003170859210776452,0.18424087793944513,-0.035388077349407784,17.077448346103218
G3518701,Guarujá,SP,3518701,294871,98,88,124,186,666.6666666666666,0.004953659316075424,0.024692396162677356,0.1612200632275974,-0.020385590454018367,18.645182103407905
G3518800,Guarulhos,SP,3518800,1349100,719,661,124,1380,89.85507246376811,0.036752956216043464,0.11325308431288263,0.021657180771319756,0.05567098005730649,26.592961287409207
G3518859,Guatapará,SP,3518859,7474,5,0,124,5,761.8113971285813,0.00013316288484073718,0.0005495618332247006,0.18424087793944513,-0.036575085700662854,16.953408040289847
G3518909,Guzolândia,SP,3518909,4259,0,0,124,0,761.8113971285813,0.0,0.0002794852062272362,0.18424087793944513,-0.03673638150539813,16.936552909553303
G3519006,Herculândia,SP,3519006,9316,1,2,124,3,761.8113971285813,7.989773090444231e-05,0.0007042993594857672,0.18424087793944513,-0.03653449675173294,16.95764951477702
G3519055,Holambra,SP,3519055,15718,30,11,124,41,3024.390243902439,0.0010919356556940449,0.0012421004686732533,0.7316848419893159,-0.1454033539481163,5.581043506981979
G3519071,Hortolândia,SP,3519071,248842,115,104,124,219,566.2100456621005,0.0058325343560242885,0.020825722114756272,0.13691400605031495,-0.016719498621750768,19.0282823162527
G3519105,Iacanga,SP,3519105,10648,4,2,124,6,761.8113971285813,0.00015979546180888463,0.000816194248182695,0.18424087793944513,-0.03645777970389239,16.965666312691862
G3519204,Iacri,SP,3519204,6197,0,4,124,4,761.8113971285813,0.00010653030787258975,0.0004422872289709644,0.18424087793944513,-0.0366286485731516,16.947810813381782
G3519253,Iaras,SP,3519253,8313,0,0,124,0,761.8113971285813,0.0,0.0006200421722762939,0.18424087793944513,-0.03660015871897851,16.95078795353456
G3519303,Ibaté,SP,3519303,33160,5,10,124,15,761.8113971285813,0.0003994886545222116,0.002707318673366807,0.18424087793944513,-0.03560545265673342,17.054733004995096
G3519402,Ibirá,SP,3519402,11952,1,1,124,2,761.8113971285813,5.3265153936294876e-05,0.0009257369920721798,0.18424087793944513,-0.03645657472948564,16.965792230419193
G3519501,Ibirarema,SP,3519501,6450,0,0,124,0,761.8113971285813,0.0,0.0004635405374096451,0.18424087793944513,-0.036662759372925166,16.94424629420129
G3519600,Ibitinga,SP,3519600,62143,49,38,124,87,1425.287356321839,0.002317034196228827,0.005142040564585318,0.34477270191121334,-0.06597091047791702,13.881595536905643
G3519709,Ibiúna,SP,3519709,77801,27,19,124,46,2695.6521739130435,0.001225098540534782,0.0064573935429760795,0.6521447753853582,-0.1273559582436673,7.466964932848747
G3519808,Icém,SP,3519808,7982,2,1,124,3,761.8113971285813,7.989773090444231e-05,0.0005922364604454508,0.18424087793944513,-0.03657932191134907,16.952965363649493
G3519907,Iepê,SP,3519907,7739,1,1,124,2,761.8113971285813,5.3265153936294876e-05,0.000571823203723714,0.18424087793944513,-0.03659814024482502,16.95099888056891
G3520004,Igaraçu do Tietê,SP,3520004,23421,1,3,124,4,761.8113971285813,0.00010653030787258975,0.001889192306235141,0.18424087793944513,-0.03604988654224593,17.00829043783497
G3520103,Igarapava,SP,3520103,26696,1,4,124,5,761.8113971285813,0.00013316288484073718,0.002164309243534269,0.18424087793944513,-0.035929186736539026,17.02090335736133
G3520202,Igaratá,SP,3520202,10984,5,8,124,13,761.8113971285813,0.0003462235005859167,0.0008444199858720101,0.18424087793944513,-0.036371918193305854,16.974638691040752
G3520301,Iguape,SP,3520301,29891,7,4,124,11,761.8113971285813,0.00029295834664962183,0.0024327057670978456,0.18424087793944513,-0.03575790994239004,17.038801484112092
G3520400,Ilhabela,SP,3520400,36559,27,24,124,51,2431.3725490196075,0.0013582614253755192,0.002992852251956039,0.5882008002723724,-0.11589971458354187,8.664122447007687
G3520426,Ilha Comprida,SP,3520426,14104,1,2,124,3,761.8113971285813,7.989773090444231e-05,0.0011065161215585075,0.18424087793944513,-0.03637361004690384,16.974461895285724
G3520442,Ilha Solteira,SP,3520442,26257,8,8,124,16,761.8113971285813,0.000426121231490359,0.0021274309731604316,0.18424087793944513,-0.03582675470602871,17.031607326188634
G3520509,Indaiatuba,SP,3520509,269657,1167,1061,124,2228,55.65529622980251,0.059337381485032495,0.022574289763575003,0.013382348228870916,0.030088198853668813,23.919605197959235
G3520608,Indiana,SP,3520608,5200,1,0,124,1,761.8113971285813,2.6632576968147438e-05,0.00035853407279165734,0.18424087793944513,-0.0366941089279851,16.940970320285324
G3520707,Indiaporã,SP,3520707,4113,0,0,124,0,761.8113971285813,0.0,0.0002672204511598552,0.18424087793944513,-0.036741287407425084,16.936040251333946
G3520806,Inúbia Paulista,SP,3520806,3671,0,1,124,1,761.8113971285813,2.6632576968147438e-05,0.00023009016527093476,0.18424087793944513,-0.03674548649099339,16.935601454412765
G3520905,Ipaussu,SP,3520905,13935,3,0,124,3,761.8113971285813,7.989773090444231e-05,0.0010923192475421556,0.18424087793944513,-0.03637928879651039,16.973868475840032
G3521002,Iperó,SP,3521002,38277,9,4,124,13,761.8113971285813,0.0003462235005859167,0.0031371731369270015,0.18424087793944513,-0.03545481693288386,17.07047417584108
G3521101,Ipeúna,SP,3521101,7027,5,3,124,8,761.8113971285813,0.0002130606157451795,0.0005120115214773081,0.18424087793944513,-0.03655814673300003,16.955178132915428
G3521150,Ipiguá,SP,3521150,7115,5,2,124,7,761.8113971285813,0.00018642803877703208,0.0005194039765864145,0.18424087793944513,-0.03656584278174365,16.95437390922256
G3521200,Iporanga,SP,3521200,4083,0,0,124,0,761.8113971285813,0.0,0.0002647002960090235,0.18424087793944513,-0.03674229546948542,16.935934910603944
G3521309,Ipuã,SP,3521309,14701,1,1,124,2,761.8113971285813,5.3265153936294876e-05,0.0011566672090600584,0.18424087793944513,-0.03636420264269048,16.97544495264526
G3521408,Iracemápolis,SP,3521408,22500,5,10,124,15,761.8113971285813,0.0003994886545222116,0.0018118235431046075,0.18424087793944513,-0.0359636507088383,17.017301932266868
G3521507,Irapuã,SP,3521507,6932,0,0,124,0,761.8113971285813,0.0,0.000504031030166341,0.18424087793944513,-0.03664656317582249,16.945938768596694
G3521606,Irapuru,SP,3521606,7120,0,0,124,0,761.8113971285813,0.0,0.0005198240024448864,0.18424087793944513,-0.03664024598691107,16.946598903838055
G3521705,Itaberá,SP,3521705,18263,2,4,124,6,761.8113971285813,0.00015979546180888463,0.0014558936306354763,0.18424087793944513,-0.03620189995091128,16.992405301324645
G3521804,Itaí,SP,3521804,25979,8,8,124,16,761.8113971285813,0.000426121231490359,0.002104077535429391,0.18424087793944513,-0.03583609608112113,17.03063116875726
G3521903,Itajobi,SP,3521903,17502,3,1,124,4,761.8113971285813,0.00010653030787258975,0.0013919656949760455,0.18424087793944513,-0.03624877718674957,16.987506711805104
G3522000,Itaju,SP,3522000,3715,1,0,124,1,761.8113971285813,2.6632576968147438e-05,0.0002337863928254879,0.18424087793944513,-0.03674400799997157,16.935755954150103
G3522109,Itanhaém,SP,3522109,118495,54,29,124,83,1493.9759036144578,0.0022105038883562375,0.009875899999907595,0.36139229095595116,-0.0674438966358847,13.727671048253153
G3522158,Itaoca,SP,3522158,3497,0,0,124,0,761.8113971285813,0.0,0.00021547326539611084,0.18424087793944513,-0.03676198628173058,16.93387725501119
G3522208,Itapecerica da Serra,SP,3522208,163003,63,33,124,96,1291.6666666666667,0.002556727388942154,0.013614802181681512,0.31244240759762193,-0.05601986969127492,14.921461971738456
G3522307,Itapetininga,SP,3522307,164256,137,173,124,310,400.0,0.008256098860125705,0.013720060661814583,0.09669852962972032,-0.010549242117167951,19.67306337694712
G3522406,Itapeva,SP,3522406,92393,21,38,124,59,2101.6949152542375,0.0015713220411206989,0.007683197008340622,0.5084334008093939,-0.09798487254209426,10.536192245901495
G3522505,Itapevi,SP,3522505,242995,97,72,124,169,733.7278106508876,0.004500905507616917,0.020334543875859173,0.17744589268268487,-0.025554998783146543,18.10498793430939
G3522604,Itapira,SP,3522604,74038,34,30,124,64,1937.5,0.001704484925961436,0.00614128208189009,0.4687054967799806,-0.0906027925528555,11.30760675064002
G3522653,Itapirapuã Paulista,SP,3522653,4420,0,0,124,0,761.8113971285813,0.0,0.00029301003887003297,0.18424087793944513,-0.036730971572341016,16.937118238137657
G3522703,Itápolis,SP,3522703,40445,12,19,124,31,4000.0,0.0008256098860125705,0.0033192963491604395,0.9677392332010615,-0.19188988414614308,0.7232820465265455
G3522802,Itaporanga,SP,3522802,14245,1,0,124,1,761.8113971285813,2.6632576968147438e-05,0.0011183608507674165,0.18424087793944513,-0.0363901782167948,16.972730550381648
G3522901,Itapuí,SP,3522901,14035,2,6,124,8,761.8113971285813,0.0002130606157451795,0.0011007197647115946,0.18424087793944513,-0.036322663435706316,16.979785727444455
G3523008,Itapura,SP,3523008,4002,1,0,124,1,761.8113971285813,2.6632576968147438e-05,0.0002578958771017779,0.18424087793944513,-0.036734364206261055,16.93676371380048
G3523107,Itaquaquecetuba,SP,3523107,382983,91,48,124,139,892.0863309352518,0.0037019281985724937,0.03209425985101347,0.21576164738407627,-0.028833854256980873,17.762353246640835
G3523206,Itararé,SP,3523206,45213,4,4,124,8,761.8113971285813,0.0002130606157451795,0.0037198330077992917,0.18424087793944513,-0.03527501813847124,17.089262836780353
G3523305,Itariri,SP,3523305,15916,4,5,124,9,761.8113971285813,0.00023969319271332693,0.0012587334926687426,0.18424087793944513,-0.0362488049137362,16.98750381438328
G3523404,Itatiba,SP,3523404,127112,196,136,124,332,373.49397590361446,0.00884201555342495,0.010599772564398154,0.09028524466366628,-0.010280333685604012,19.70116383980546
G3523503,Itatinga,SP,3523503,19462,6,1,124,7,761.8113971285813,0.00018642803877703208,0.0015566158314970502,0.18424087793944513,-0.03615095803977939,16.997728642334703
G3523602,Itirapina,SP,3523602,16454,2,4,124,6,761.8113971285813,0.00015979546180888463,0.0013039282750403245,0.18424087793944513,-0.036262686093149345,16.98605325530538
G3523701,Itirapuã,SP,3523701,5857,2,1,124,3,761.8113971285813,7.989773090444231e-05,0.0004137254705948717,0.18424087793944513,-0.0366507263072893,16.945503728607516
G3523800,Itobi,SP,3523800,8227,1,2,124,3,761.8113971285813,7.989773090444231e-05,0.0006128177275105764,0.18424087793944513,-0.03657108940452302,16.953825646277863
G3523909,Itu,SP,3523909,175047,363,321,124,684,181.28654970760232,0.01821668264621285,0.014626560469568747,0.04377955251216321,0.0043813867438799985,21.233288094786804
G3524006,Itupeva,SP,3524006,74994,150,103,124,253,490.1185770750988,0.0067380419729413015,0.006221591026029927,0.11850323762425982,-0.018516794325263472,18.840468044798712
G3524105,Ituverava,SP,3524105,38413,11,9,124,20,761.8113971285813,0.0005326515393629487,0.0031485978402774387,0.18424087793944513,-0.03537567583603287,17.078744282656608
G3524204,Jaborandi,SP,3524204,6280,2,2,124,4,761.8113971285813,0.00010653030787258975,0.00044925965822159873,0.18424087793944513,-0.03662585960145135,16.948102256068125
G3524303,Jaboticabal,SP,3524303,73473,39,45,124,84,1476.1904761904764,0.0022371364653243847,0.006093819159882759,0.3570890045068673,-0.06808541865129061,13.660633114701279
G3524402,Jacareí,SP,3524402,250952,201,136,124,337,367.9525222551929,0.008975178438265686,0.021002973027031434,0.08894445808457485,-0.005797631030796124,20.169598461672148
G3524501,Jaci,SP,3524501,7944,2,1,124,3,761.8113971285813,7.989773090444231e-05,0.000589044263921064,0.18424087793944513,-0.036580598789958826,16.952831932058153
G3524600,Jacupiranga,SP,3524600,16216,0,1,124,1,761.8113971285813,2.6632576968147438e-05,0.0012839350441770595,0.18424087793944513,-0.036323948539430946,16.979651436342934
G3524709,Jaguariúna,SP,3524709,62309,67,53,124,120,1033.3333333333335,0.0031959092361776927,0.005155985423086587,0.24993717192467851,-0.046646676521229995,15.900944336821086
G3524808,Jales,SP,3524808,50078,22,16,124,38,3263.157894736842,0.0010120379247896027,0.0041285181680925,0.789456048259559,-0.15583498721475897,4.490955994826628
G3524907,Jambeiro,SP,3524907,6611,8,4,124,12,761.8113971285813,0.00031959092361776926,0.0004770653700524419,0.18424087793944513,-0.03652951307042094,16.95817030079623
G3525003,Jandira,SP,3525003,121550,99,81,124,180,688.8888888888889,0.004793863854266539,0.010132535799433956,0.1665968576940872,-0.027348811677337242,17.917537610365066
G3525102,Jardinópolis,SP,3525102,47125,24,16,124,40,3100.0,0.0010653030787258974,0.0038804508960789655,0.7499790573082262,-0.14801750987172332,5.307868764895968
G3525201,Jarinu,SP,3525201,40007,30,23,124,53,2339.622641509434,0.0014115265793118142,0.0032825020839582966,0.5660013824972983,-0.11132266503415161,9.142416155075548
G3525300,Jaú,SP,3525300,137409,110,102,124,212,584.9056603773585,0.005646106317247257,0.01146477381733529,0.14143751754900302,-0.021443151455967587,18.534668820195222
G3525409,Jeriquara,SP,3525409,4000,0,0,124,0,761.8113971285813,0.0,0.0002577278667583891,0.18424087793944513,-0.03674508444118567,16.935643467917597
G3525508,Joanópolis,SP,3525508,13131,9,4,124,13,761.8113971285813,0.0003462235005859167,0.0010247790894998658,0.18424087793944513,-0.036299774551854715,16.9821775759514
G3525607,João Ramalho,SP,3525607,4464,2,0,124,2,761.8113971285813,5.3265153936294876e-05,0.00029670626642458616,0.18424087793944513,-0.036708187019744674,16.939499184210096
G3525706,José Bonifácio,SP,3525706,37992,15,17,124,32,3875.0,0.000852242462980718,0.0031132316629941003,0.9374947643270566,-0.1859127632150214,1.3478807760939517
G3525805,Júlio Mesquita,SP,3525805,4302,0,0,124,0,761.8113971285813,0.0,0.00028309742861009496,0.18424087793944513,-0.03673493661644499,16.936703897932976
G3525854,Jumirim,SP,3525854,3132,0,1,124,1,761.8113971285813,2.6632576968147438e-05,0.0001848113777276584,0.18424087793944513,-0.0367635980060107,16.93370883263035
G3525904,Jundiaí,SP,3525904,463039,1165,971,124,2136,58.05243445692884,0.056887184403962926,0.03881937787617957,0.013962349608846993,0.035490154990287605,24.484100208013814
G3526001,Junqueirópolis,SP,3526001,20939,3,1,124,4,761.8113971285813,0.00010653030787258975,0.0016806914700896645,0.18424087793944513,-0.03613328687670413,16.999575248105938
G3526100,Juquiá,SP,3526100,17184,1,2,124,3,761.8113971285813,7.989773090444231e-05,0.0013652520503772293,0.18424087793944513,-0.03627011567537636,16.98527687689951
G3526209,Juquitiba,SP,3526209,27969,1,6,124,7,761.8113971285813,0.00018642803877703208,0.0022712478271012275,0.18424087793944513,-0.03586510524153772,17.027599762006282
G3526308,Lagoinha,SP,3526308,5183,1,1,124,2,761.8113971285813,5.3265153936294876e-05,0.0003571059848728527,0.18424087793944513,-0.03668402713236537,16.942023850372536
G3526407,Laranjal Paulista,SP,3526407,27044,11,10,124,21,761.8113971285813,0.0005592841163310962,0.0021935430432839164,0.18424087793944513,-0.03574704472404302,17.03993688051016
G3526506,Lavínia,SP,3526506,9940,2,0,124,2,761.8113971285813,5.3265153936294876e-05,0.0007567185866230667,0.18424087793944513,-0.03652418209166528,16.958727378793565
G3526605,Lavrinhas,SP,3526605,7348,2,3,124,5,761.8113971285813,0.00013316288484073718,0.0005389771815912074,0.18424087793944513,-0.03657931956131625,16.95296560922383
G3526704,Leme,SP,3526704,101537,34,42,124,76,1631.578947368421,0.0020240758495792053,0.008451340298314125,0.39468613874623176,-0.07474706129008903,12.964503058613436
G3526803,Lençóis Paulista,SP,3526803,68568,37,35,124,72,1722.2222222222224,0.0019175455417066154,0.005681773792721775,0.41661780038586105,-0.08028383234340086,12.385920124512557
G3526902,Limeira,SP,3526902,301292,492,456,124,948,130.8016877637131,0.02524768296580377,0.025231793370127036,0.03156444982680007,0.013878900569012313,22.225761751851206
G3527009,Lindóia,SP,3527009,7158,3,1,124,4,761.8113971285813,0.00010653030787258975,0.0005230161989692733,0.18424087793944513,-0.03659635698515228,16.951185228099586
G3527108,Lins,SP,3527108,76844,34,26,124,60,2066.666666666667,0.0015979546180888463,0.006377000593664548,0.4999581146164524,-0.09680164083858914,10.659837898601127
G3527207,Lorena,SP,3527207,87468,22,20,124,42,2952.3809523809527,0.0011185682326621924,0.007269471537745749,0.71426177978083,-0.13949714004800284,6.198232575276759
G3527256,Lourdes,SP,3527256,1962,0,0,124,0,761.8113971285813,0.0,8.652532684522188e-05,0.18424087793944513,-0.036813565457150935,16.928487320992634
G3527306,Louveira,SP,3527306,54865,82,69,124,151,821.1920529801324,0.004021519122190263,0.004530650924993546,0.198608369120407,-0.03630080580520788,16.982069811771677
G3527405,Lucélia,SP,3527405,20378,6,1,124,7,761.8113971285813,0.00018642803877703208,0.0016335645687691116,0.18424087793944513,-0.03612017854487057,17.000945045957504
G3527504,Lucianópolis,SP,3527504,2423,1,0,124,1,761.8113971285813,2.6632576968147438e-05,0.00012525171099633575,0.18424087793944513,-0.03678742187270323,16.931219280044584
G3527603,Luís Antônio,SP,3527603,12564,3,5,124,8,761.8113971285813,0.0002130606157451795,0.0009771481571491465,0.18424087793944513,-0.036372092078731294,16.974620520316574
G3527702,Luiziânia,SP,3527702,4740,0,0,124,0,761.8113971285813,0.0,0.00031989169381223785,0.18424087793944513,-0.03672021891036413,16.93824187259104
G3527801,Lupércio,SP,3527801,4004,0,0,124,0,761.8113971285813,0.0,0.00025806388744516667,0.18424087793944513,-0.03674495003291096,16.935657513348264
G3527900,Lutécia,SP,3527900,2697,0,0,124,0,761.8113971285813,0.0,0.00014826912804059866,0.18424087793944513,-0.036788867936672784,16.93106816887774
G3528007,Macatuba,SP,3528007,17140,2,0,124,2,761.8113971285813,5.3265153936294876e-05,0.001361555822822676,0.18424087793944513,-0.03628224719718544,16.98400915399462
G3528106,Macaubal,SP,3528106,7581,2,2,124,4,761.8113971285813,0.00010653030787258975,0.0005585503865960003,0.18424087793944513,-0.03658214331010159,16.95267053239265
G3528205,Macedônia,SP,3528205,4058,2,0,124,2,761.8113971285813,5.3265153936294876e-05,0.00026260016671666374,0.18424087793944513,-0.03672182945962784,16.93807357299737
G3528304,Magda,SP,3528304,3211,0,0,124,0,761.8113971285813,0.0,0.00019144778629151527,0.18424087793944513,-0.03677159647337242,16.93287300671848
G3528403,Mairinque,SP,3528403,51888,33,21,124,54,2296.296296296296,0.0014381591562799617,0.004280567528859347,0.5555183241035132,-0.10881617414664693,9.404340088361923
G3528502,Mairiporã,SP,3528502,97835,118,68,124,186,666.6666666666666,0.004953659316075424,0.008140353152701493,0.1612200632275974,-0.027006407658008713,17.95331823416972
G3528601,Manduri,SP,3528601,10122,1,2,124,3,761.8113971285813,7.989773090444231e-05,0.0007720075278714458,0.18424087793944513,-0.03650741348437867,16.960479669056472
G3528700,Marabá Paulista,SP,3528700,4619,0,0,124,0,761.8113971285813,0.0,0.00030972706803721663,0.18424087793944513,-0.03672428476067414,16.937816998313355
G3528809,Maracaí,SP,3528809,12804,0,5,124,5,761.8113971285813,0.00013316288484073718,0.0009973093983558002,0.18424087793944513,-0.036395986674610414,16.972123576653964
G3528858,Marapoama,SP,3528858,3415,1,1,124,2,761.8113971285813,5.3265153936294876e-05,0.00020858484131717087,0.18424087793944513,-0.03674343558978764,16.93581577001761
G3528908,Mariápolis,SP,3528908,3526,2,0,124,2,761.8113971285813,5.3265153936294876e-05,0.00021790941537524816,0.18424087793944513,-0.03673970576016441,16.936205530718624
G3529005,Marília,SP,3529005,247348,267,351,124,618,200.6472491909385,0.016458932566315115,0.020700218388244852,0.048463985095385,0.0051708633627469865,21.3157870267726
G3529104,Marinópolis,SP,3529104,1862,0,0,124,0,761.8113971285813,0.0,7.812480967578287e-05,0.18424087793944513,-0.036816925664018715,16.928136185225952
G3529203,Martinópolis,SP,3529203,25240,8,6,124,14,761.8113971285813,0.00037285607755406416,0.0020419977135472367,0.18424087793944513,-0.035882234071448506,17.02580982910639
G3529302,Matão,SP,3529302,81075,43,49,124,92,1347.8260869565217,0.002450197081069564,0.0067324264751035135,0.3260305023091314,-0.061533051039357044,14.34534412075822
G3529401,Mauá,SP,3529401,429014,169,114,124,283,438.1625441696113,0.0075370192819857245,0.03596110190927794,0.10593217666404549,-0.0037871868563036336,20.379686377196144
G3529500,Mendonça,SP,3529500,6420,1,1,124,2,761.8113971285813,5.3265153936294876e-05,0.00046102038225881334,0.18424087793944513,-0.036642461373410984,16.946367399806384
G3529609,Meridiano,SP,3529609,4721,0,0,124,0,761.8113971285813,0.0,0.0003182955955500444,0.18424087793944513,-0.03672085734966901,16.93817515679537
G3529658,Mesópolis,SP,3529658,1990,0,0,124,0,761.8113971285813,0.0,8.887747165266481e-05,0.18424087793944513,-0.03681262459922796,16.928585639007302
G3529708,Miguelópolis,SP,3529708,19621,2,2,124,4,761.8113971285813,0.00010653030787258975,0.0015699726537964582,0.18424087793944513,-0.036177574403221405,16.99494727870108
G3529807,Mineiros do Tietê,SP,3529807,11322,1,2,124,3,761.8113971285813,7.989773090444231e-05,0.000872813733904714,0.18424087793944513,-0.036467091001965365,16.96469329825665
G3529906,Miracatu,SP,3529906,18610,1,1,124,2,761.8113971285813,5.3265153936294876e-05,0.0014850434252134297,0.18424087793944513,-0.03623285215622914,16.989170849764832
G3530003,Mira Estrela,SP,3530003,3209,0,0,124,0,761.8113971285813,0.0,0.00019127977594812648,0.18424087793944513,-0.036771663677509774,16.932865984003147
G3530102,Mirandópolis,SP,3530102,28754,6,6,124,12,761.8113971285813,0.00031959092361776926,0.0023371918868813238,0.18424087793944513,-0.03578546246368939,17.035922293612472
G3530201,Mirante do Paranapanema,SP,3530201,16031,2,3,124,5,761.8113971285813,0.00013316288484073718,0.0012683940874135974,0.18424087793944513,-0.036287552798987294,16.98345472784477
G3530300,Mirassol,SP,3530300,65811,136,124,124,260,476.92307692307696,0.006924470011718334,0.005450171534360342,0.11531051047526181,-0.01811224547662089,18.88274269505624
G3530409,Mirassolândia,SP,3530409,4783,2,0,124,2,761.8113971285813,5.3265153936294876e-05,0.0003235039161950966,0.18424087793944513,-0.03669746795983647,16.94061930730581
G3530508,Mococa,SP,3530508,69372,22,30,124,52,2384.6153846153848,0.0013848940023436667,0.0057493139507640645,0.5768876354446905,-0.11252384390769501,9.016895054357645
G3530607,Mogi das Cruzes,SP,3530607,470302,647,457,124,1104,112.31884057971014,0.02940236497283477,0.03942950743819592,0.027092418655923534,0.02211426523322757,23.086343019332414
G3530706,Mogi Guaçu,SP,3530706,160318,0,0,124,0,761.8113971285813,0.0,0.013389248295682075,0.18424087793944513,-0.031492476269616196,17.48453187567849
G3530805,Mogi Mirim,SP,3530805,95742,0,0,124,0,761.8113971285813,0.0,0.007964530328345133,0.18424087793944513,-0.03366236345655097,17.257782442986365
G3530904,Mombuca,SP,3530904,3830,0,1,124,1,761.8113971285813,2.6632576968147438e-05,0.00024344698757034275,0.18424087793944513,-0.03674014376207363,16.93615976028179
G3531001,Monções,SP,3531001,1947,0,0,124,0,761.8113971285813,0.0,8.526524926980604e-05,0.18424087793944513,-0.036814069488181105,16.92843465062763
G3531100,Mongaguá,SP,3531100,64845,18,12,124,30,4133.333333333334,0.0007989773090444232,0.0053690225385035605,1.0000000000000002,-0.19753280006098087,0.1336071592222403
G3531209,Monte Alegre do Sul,SP,3531209,8923,7,8,124,15,761.8113971285813,0.0003994886545222116,0.000671285327009872,0.18424087793944513,-0.03641986599527619,16.969628229224547
G3531308,Monte Alto,SP,3531308,48758,12,30,124,42,2952.3809523809527,0.0011185682326621924,0.004017631341455906,0.71426177978083,-0.14079787612651878,6.0623079199944225
G3531407,Monte Aprazível,SP,3531407,22668,5,4,124,9,761.8113971285813,0.00023969319271332693,0.001825936411949265,0.18424087793944513,-0.03602192374602399,17.0112125013496
G3531506,Monte Azul Paulista,SP,3531506,18337,7,13,124,20,761.8113971285813,0.0005326515393629487,0.0014621100133408612,0.18424087793944513,-0.036050270966807504,17.00825026613767
G3531605,Monte Castelo,SP,3531605,4306,0,1,124,1,761.8113971285813,2.6632576968147438e-05,0.00028343344929687253,0.18424087793944513,-0.036724149177383016,16.93783116653119
G3531704,Monteiro Lobato,SP,3531704,4205,0,1,124,1,761.8113971285813,2.6632576968147438e-05,0.0002749489269557391,0.18424087793944513,-0.03672754298631947,16.937476519406843
G3531803,Monte Mor,SP,3531803,67832,32,16,124,48,2583.3333333333335,0.001278363694471077,0.005619945986354704,0.6249685859623393,-0.12223439332013755,8.002159549370141
G3531902,Morro Agudo,SP,3531902,28521,4,11,124,15,761.8113971285813,0.0003994886545222116,0.002317618681876531,0.18424087793944513,-0.03576133265332953,17.038443816778752
G3532009,Morungaba,SP,3532009,14147,15,4,124,19,761.8113971285813,0.0005060189623948013,0.0011101283439413662,0.18424087793944513,-0.03620171666535456,16.992424454346175
G3532058,Motuca,SP,3532058,4071,0,0,124,0,761.8113971285813,0.0,0.0002636922339486908,0.18424087793944513,-0.03674269869430955,16.93589277431194
G3532108,Murutinga do Sul,SP,3532108,3748,1,1,124,2,761.8113971285813,5.3265153936294876e-05,0.00023655856349140278,0.18424087793944513,-0.036732246100917944,16.936985052120658
G3532157,Nantes,SP,3532157,2697,0,0,124,0,761.8113971285813,0.0,0.00014826912804059866,0.18424087793944513,-0.036788867936672784,16.93106816887774
G3532207,Narandiba,SP,3532207,5956,0,0,124,0,761.8113971285813,0.0,0.00042204198259261633,0.18424087793944513,-0.03667935879485198,16.942511683513885
G3532306,Natividade da Serra,SP,3532306,7155,0,0,124,0,761.8113971285813,0.0,0.0005227641834541901,0.18424087793944513,-0.03663906991450735,16.946721801356393
G3532405,Nazaré Paulista,SP,3532405,18675,15,5,124,20,761.8113971285813,0.0005326515393629487,0.0014905037613735651,0.18424087793944513,-0.03603891346759442,17.00943710502905
G3532504,Neves Paulista,SP,3532504,9953,3,1,124,4,761.8113971285813,0.00010653030787258975,0.0007578106538550938,0.18424087793944513,-0.03650243920319795,16.96099947277833
G3532603,Nhandeara,SP,3532603,9915,2,2,124,4,761.8113971285813,0.00010653030787258975,0.000754618457330707,0.18424087793944513,-0.036503716081807705,16.960866041186993
G3532702,Nipoã,SP,3532702,4876,0,0,124,0,761.8113971285813,0.0,0.00033131639716267494,0.18424087793944513,-0.03671564902902395,16.938719417233727
G3532801,Nova Aliança,SP,3532801,6885,1,2,124,3,761.8113971285813,7.989773090444231e-05,0.0005000827870967048,0.18424087793944513,-0.03661618338068857,16.949113404289
G3532827,Nova Campina,SP,3532827,8630,0,0,124,0,761.8113971285813,0.0,0.0006466718117034157,0.18424087793944513,-0.03658950686320766,16.95190105391494
G3532843,Nova Canaã Paulista,SP,3532843,2055,0,0,124,0,761.8113971285813,0.0,9.433780781280017e-05,0.18424087793944513,-0.03681044046476391,16.928813877255646
G3532868,Nova Castilho,SP,3532868,1072,0,0,124,0,761.8113971285813,0.0,1.1760724037214633e-05,0.18424087793944513,-0.03684347129827414,16.92536221266917
G3532900,Nova Europa,SP,3532900,9459,0,1,124,1,761.8113971285813,2.6632576968147438e-05,0.0007163120990380651,0.18424087793944513,-0.036550997717486544,16.95592519258828
G3533007,Nova Granada,SP,3533007,19733,8,5,124,13,761.8113971285813,0.0003462235005859167,0.00157938123302623,0.18424087793944513,-0.03607793369444417,17.0053595592677
G3533106,Nova Guataporanga,SP,3533106,2188,0,0,124,0,761.8113971285813,0.0,0.00010551049564815408,0.18424087793944513,-0.036805971389629766,16.929280887825332
G3533205,Nova Independência,SP,3533205,4847,0,0,124,0,761.8113971285813,0.0,0.0003288802471835376,0.18424087793944513,-0.03671662348901561,16.938617587861387
G3533254,Novais,SP,3533254,4463,0,1,124,1,761.8113971285813,2.6632576968147438e-05,0.0002966222612528918,0.18424087793944513,-0.03671887365260061,16.93838244968488
G3533304,Nova Luzitânia,SP,3533304,2817,1,0,124,1,761.8113971285813,2.6632576968147438e-05,0.0001583497486439255,0.18424087793944513,-0.0367741826576442,16.932602754965306
G3533403,Nova Odessa,SP,3533403,64596,75,83,124,158,784.8101265822785,0.004207947160967295,0.005348105250751657,0.18980555279627717,-0.03413868959456786,17.208007190972303
G3533502,Novo Horizonte,SP,3533502,39494,10,6,124,16,761.8113971285813,0.000426121231490359,0.0032394074308790743,0.18424087793944513,-0.03538196412294125,17.07808716762424
G3533601,Nuporanga,SP,3533601,7570,2,1,124,3,761.8113971285813,7.989773090444231e-05,0.000557626329707362,0.18424087793944513,-0.03659316596364431,16.951518684290765
G3533700,Ocauçu,SP,3533700,4418,2,1,124,3,761.8113971285813,7.989773090444231e-05,0.0002928420285266442,0.18424087793944513,-0.03669907968411659,16.94045088492497
G3533809,Óleo,SP,3533809,2535,0,0,124,0,761.8113971285813,0.0,0.00013466029022610746,0.18424087793944513,-0.03679431147179858,16.930499328935717
G3533908,Olímpia,SP,3533908,56874,33,41,124,74,1675.6756756756756,0.0019708106956429104,0.004699417314927576,0.40535559576010544,-0.07840302794779289,12.58246090887997
G3534005,Onda Verde,SP,3534005,4942,0,1,124,1,761.8113971285813,2.6632576968147438e-05,0.00033686073849450467,0.18424087793944513,-0.03670277826170396,16.940064390007283
G3534104,Oriente,SP,3534104,6180,6,6,124,12,761.8113971285813,0.00031959092361776926,0.00044085914105215974,0.18424087793944513,-0.03654399556202106,16.956656905641832
G3534203,Orindiúva,SP,3534203,6157,0,3,124,3,761.8113971285813,7.989773090444231e-05,0.0004389270221031888,0.18424087793944513,-0.03664064568668597,16.94655713590756
G3534302,Orlândia,SP,3534302,39144,13,15,124,28,761.8113971285813,0.0007457121551081283,0.0032100056207860377,0.18424087793944513,-0.03526588847753136,17.09021687045144
G3534401,Osasco,SP,3534401,759524,474,528,124,1002,123.75249500998004,0.026685842122083733,0.06372565120599084,0.029858857100182944,0.030192825911193245,23.930538543287398
G3534500,Oscar Bressane,SP,3534500,2502,2,0,124,2,761.8113971285813,5.3265153936294876e-05,0.00013188811956019262,0.18424087793944513,-0.03677411427849043,16.93260990046781
G3534609,Osvaldo Cruz,SP,3534609,32112,2,2,124,4,761.8113971285813,0.00010653030787258975,0.002619281253431086,0.18424087793944513,-0.03575785096336755,17.038807647317242
G3534708,Ourinhos,SP,3534708,106911,32,35,124,67,1850.7462686567164,0.0017843826568658783,0.008902784090999778,0.4477149325614548,-0.08526811981314471,11.865070762875746
G3534757,Ouroeste,SP,3534757,10660,1,4,124,5,761.8113971285813,0.00013316288484073718,0.0008172023102430277,0.18424087793944513,-0.03646802950985552,16.964595225816318
G3534807,Ouro Verde,SP,3534807,7900,0,1,124,1,761.8113971285813,2.6632576968147438e-05,0.0005853480363665108,0.18424087793944513,-0.03660338334255516,16.950450985985718
G3534906,Pacaembu,SP,3534906,15273,0,0,124,0,761.8113971285813,0.0,0.0012047181672692497,0.18424087793944513,-0.03636628832098133,16.975227002895583
G3535002,Palestina,SP,3535002,11704,1,2,124,3,761.8113971285813,7.989773090444231e-05,0.0009049037094919711,0.18424087793944513,-0.03645425501173046,16.96603463688537
G3535101,Palmares Paulista,SP,3535101,9666,1,0,124,1,761.8113971285813,2.6632576968147438e-05,0.0007337011695788038,0.18424087793944513,-0.03654404208927024,16.956652043625308
G3535200,Palmeira d'Oeste,SP,3535200,8971,1,1,124,2,761.8113971285813,5.3265153936294876e-05,0.0006753175752512027,0.18424087793944513,-0.036556742496214024,16.955324873214423
G3535309,Palmital,SP,3535309,19714,1,5,124,6,761.8113971285813,0.00015979546180888463,0.0015777851347640365,0.18424087793944513,-0.036153143349259856,16.99750028129919
G3535408,Panorama,SP,3535408,15227,2,3,124,5,761.8113971285813,0.00013316288484073718,0.0012008539293713078,0.18424087793944513,-0.03631456886220421,16.980631596280652
G3535507,Paraguaçu Paulista,SP,3535507,42049,8,10,124,18,761.8113971285813,0.00047938638542665386,0.0034540406445582412,0.18424087793944513,-0.03527480477589507,17.089285132798043
G3535606,Paraibuna,SP,3535606,17959,6,2,124,8,761.8113971285813,0.0002130606157451795,0.0014303560584403817,0.18424087793944513,-0.0361908089182148,16.99356429492903
G3535705,Paraíso,SP,3535705,6218,2,2,124,4,761.8113971285813,0.00010653030787258975,0.0004440513375765465,0.18424087793944513,-0.03662794292970937,16.947884551892784
G3535804,Paranapanema,SP,3535804,19853,6,1,124,7,761.8113971285813,0.00018642803877703208,0.0015894618536295567,0.18424087793944513,-0.03613781963092639,16.999101583182426
G3535903,Paranapuã,SP,3535903,4118,0,0,124,0,761.8113971285813,0.0,0.00026764047701832716,0.18424087793944513,-0.0367411193970817,16.936057808122282
G3536000,Parapuã,SP,3536000,10720,1,1,124,2,761.8113971285813,5.3265153936294876e-05,0.0008222426205446911,0.18424087793944513,-0.03649797247809663,16.961466237773678
G3536109,Pardinho,SP,3536109,7435,12,10,124,22,761.8113971285813,0.0005859166932992437,0.0005462856315286193,0.18424087793944513,-0.03639529465795788,16.97219589118917
G3536208,Pariquera-Açu,SP,3536208,19603,3,1,124,4,761.8113971285813,0.00010653030787258975,0.0015684605607059591,0.18424087793944513,-0.0361781792404576,16.994884074263076
G3536257,Parisi,SP,3536257,3030,0,0,124,0,761.8113971285813,0.0,0.00017624285021483062,0.18424087793944513,-0.036777678447803094,16.93223745098079
G3536307,Patrocínio Paulista,SP,3536307,14888,2,2,124,4,761.8113971285813,0.00010653030787258975,0.0011723761761669093,0.18424087793944513,-0.036336612994273224,16.978328022864055
G3536406,Paulicéia,SP,3536406,8255,3,2,124,5,761.8113971285813,0.00013316288484073718,0.0006151698723180193,0.18424087793944513,-0.036548842485025525,16.95615041062763
G3536505,Paulínia,SP,3536505,116674,208,192,124,400,310.0,0.010653030787258976,0.00972292658225211,0.07492251204043679,-0.006834119460282926,20.061287225588913
G3536570,Paulistânia,SP,3536570,2156,1,0,124,1,761.8113971285813,2.6632576968147438e-05,0.00010282233015393358,0.18424087793944513,-0.0367963936250402,16.930281747547543
G3536604,Paulo de Faria,SP,3536604,7390,0,2,124,2,761.8113971285813,5.3265153936294876e-05,0.0005425053988023718,0.18424087793944513,-0.03660986736679356,16.94977341674319
G3536703,Pederneiras,SP,3536703,46337,23,12,124,35,3542.8571428571427,0.0009321401938851603,0.0038142548207837864,0.857130889890415,-0.16952761997221544,3.0600997141364203
G3536802,Pedra Bela,SP,3536802,6745,2,0,124,2,761.8113971285813,5.3265153936294876e-05,0.0004883220630594902,0.18424087793944513,-0.03663154070109071,16.9475085910481
G3536901,Pedranópolis,SP,3536901,2856,1,2,124,3,761.8113971285813,7.989773090444231e-05,0.0001616259503400067,0.18424087793944513,-0.036751566115391245,16.934966144249408
G3537008,Pedregulho,SP,3537008,15737,2,2,124,4,761.8113971285813,0.00010653030787258975,0.0012436965669354466,0.18424087793944513,-0.03630808483796581,16.98130916552318
G3537107,Pedreira,SP,3537107,44385,12,13,124,25,761.8113971285813,0.000665814424203686,0.0036502767256363366,0.18424087793944513,-0.035121739127953015,17.10528022648056
G3537156,Pedrinhas Paulista,SP,3537156,2833,0,0,124,0,761.8113971285813,0.0,0.00015969383139103575,0.18424087793944513,-0.036784298055332613,16.93154571352043
G3537206,Pedro de Toledo,SP,3537206,11617,0,1,124,1,761.8113971285813,2.6632576968147438e-05,0.0008975952595545591,0.18424087793944513,-0.03647848445327995,16.96350270243326
G3537305,Penápolis,SP,3537305,63426,19,15,124,34,3647.0588235294117,0.0009055076169170129,0.00524981919986922,0.8823430857921064,-0.1740064864317068,2.5920659680004867
G3537404,Pereira Barreto,SP,3537404,24360,3,3,124,6,761.8113971285813,0.00015979546180888463,0.0019680731624561734,0.18424087793944513,-0.035997028138183,17.013814049019203
G3537503,Pereiras,SP,3537503,9013,2,3,124,5,761.8113971285813,0.00013316288484073718,0.0006788457924623671,0.18424087793944513,-0.03652337211696778,16.958812019739074
G3537602,Peruíbe,SP,3537602,70629,33,17,124,50,2480.0,0.001331628848407372,0.005854908451583913,0.5999664916931619,-0.11711868341863585,8.536742326284735
G3537701,Piacatu,SP,3537701,5631,2,4,124,6,761.8113971285813,0.00015979546180888463,0.0003947403017919395,0.18424087793944513,-0.0366263612824487,16.948049831277462
G3537800,Piedade,SP,3537800,54266,27,14,124,41,3024.390243902439,0.0010919356556940449,0.004480331827148606,0.7316848419893159,-0.14410806140472615,5.716399322322291
G3537909,Pilar do Sul,SP,3537909,28459,8,10,124,18,761.8113971285813,0.00047938638542665386,0.0023124103612314787,0.18424087793944513,-0.03573145688922577,17.041565782106055
G3538006,Pindamonhangaba,SP,3538006,172681,78,53,124,131,946.5648854961833,0.0034888675828273143,0.01442780423333982,0.22894304696582723,-0.0386219406666986,16.739515260450318
G3538105,Pindorama,SP,3538105,14704,5,7,124,12,761.8113971285813,0.00031959092361776926,0.0011569192245751416,0.18424087793944513,-0.036257571528611865,16.98658771839375
G3538204,Pinhalzinho,SP,3538204,15676,4,1,124,5,761.8113971285813,0.00013316288484073718,0.0012385722514620888,0.18424087793944513,-0.03629948153336789,16.98220819587305
G3538303,Piquerobi,SP,3538303,3287,0,0,124,0,761.8113971285813,0.0,0.00019783217934028893,0.18424087793944513,-0.03676904271615291,16.93313986990116
G3538501,Piquete,SP,3538501,12516,0,0,124,0,761.8113971285813,0.0,0.0009731159089078159,0.18424087793944513,-0.0364589292243259,16.96554618980818
G3538600,Piracaia,SP,3538600,26795,17,13,124,30,4133.333333333334,0.0007989773090444232,0.0021726257555320133,1.0000000000000002,-0.1988113587741695,0.0
G3538709,Piracicaba,SP,3538709,440835,872,817,124,1689,73.4162226169331,0.04498242249920102,0.03695412704387733,0.017679706511183422,0.02923867851499466,23.830831801805452
G3538808,Piraju,SP,3538808,30294,5,1,124,6,761.8113971285813,0.00015979546180888463,0.0024665598512906848,0.18424087793944513,-0.0357976334626492,17.034650445414073
G3538907,Pirajuí,SP,3538907,22734,2,7,124,9,761.8113971285813,0.00023969319271332693,0.0018314807532810947,0.18424087793944513,-0.03601970600949126,17.011444250955613
G3539004,Pirangi,SP,3539004,11085,1,2,124,3,761.8113971285813,7.989773090444231e-05,0.0008529045082131435,0.18424087793944513,-0.03647505469224199,16.963861106489613
G3539103,Pirapora do Bom Jesus,SP,3539103,18925,10,4,124,14,761.8113971285813,0.00037285607755406416,0.0015115050542971627,0.18424087793944513,-0.036094431135148534,17.003635605440465
G3539202,Pirapozinho,SP,3539202,26097,13,7,124,20,761.8113971285813,0.0005326515393629487,0.002113990145689329,0.18424087793944513,-0.03578951891386811,17.03549840163214
G3539301,Pirassununga,SP,3539301,75594,29,20,124,49,2530.6122448979595,0.0013049962714392245,0.00627199412904656,0.6122124154168407,-0.11941168692317382,8.29712745278087
G3539400,Piratininga,SP,3539400,15657,46,30,124,76,1631.578947368421,0.0020240758495792053,0.0012369761531998956,0.39468613874623176,-0.07763280694813472,12.662947662187527
G3539509,Pitangueiras,SP,3539509,34361,11,6,124,17,761.8113971285813,0.00045275380845850643,0.0028082088845717695,0.18424087793944513,-0.035543790510676916,17.061176591888035
G3539608,Planalto,SP,3539608,4451,1,0,124,1,761.8113971285813,2.6632576968147438e-05,0.0002956141991925591,0.18424087793944513,-0.036719276877424746,16.938340313392878
G3539707,Platina,SP,3539707,3055,0,0,124,0,761.8113971285813,0.0,0.00017834297950719037,0.18424087793944513,-0.03677683839608615,16.93232523492246
G3539806,Poá,SP,3539806,106355,67,44,124,111,1117.117117117117,0.0029562160434643656,0.008856077215537697,0.2702091402510385,-0.04931691074660687,15.621909509847153
G3539905,Poloni,SP,3539905,5702,2,0,124,2,761.8113971285813,5.3265153936294876e-05,0.00040070466898224123,0.18424087793944513,-0.03666658765872161,16.94384624500161
G3540002,Pompéia,SP,3540002,20520,13,14,124,27,761.8113971285813,0.0007190795781399808,0.001645493303149715,0.18424087793944513,-0.03590234643537315,17.023708122097162
G3540101,Pongaí,SP,3540101,3440,0,1,124,1,761.8113971285813,2.6632576968147438e-05,0.00021068497060953062,0.18424087793944513,-0.036753248568857956,16.93479033079173
G3540200,Pontal,SP,3540200,38286,2,6,124,8,761.8113971285813,0.0002130606157451795,0.003137929183472251,0.18424087793944513,-0.03550777966820205,17.06493966222234
G3540259,Pontalinda,SP,3540259,4198,0,0,124,0,761.8113971285813,0.0,0.00027436089075387834,0.18424087793944513,-0.03673843123158747,16.936338716735627
G3540309,Pontes Gestal,SP,3540309,2411,0,0,124,0,761.8113971285813,0.0,0.0001242436489360031,0.18424087793944513,-0.036798478128314625,16.93006392058503
G3540408,Populina,SP,3540408,4182,0,0,124,0,761.8113971285813,0.0,0.0002730168080067681,0.18424087793944513,-0.03673896886468632,16.936282535012957
G3540507,Porangaba,SP,3540507,10850,5,1,124,6,761.8113971285813,0.00015979546180888463,0.0008331632928649618,0.18424087793944513,-0.036450992086019485,16.96637560694056
G3540606,Porto Feliz,SP,3540606,58605,34,27,124,61,2032.7868852459017,0.0016245871950569938,0.0048448302671305656,0.49176070665934496,-0.09576437434699397,10.768230440819877
G3540705,Porto Ferreira,SP,3540705,53966,19,25,124,44,2818.1818181818185,0.0011718333865984873,0.00445513027564029,0.681791527483197,-0.1341075200317439,6.761438482234151
G3540754,Potim,SP,3540754,20801,4,2,124,6,761.8113971285813,0.00015979546180888463,0.0016690987563958387,0.18424087793944513,-0.036116617900607134,17.001317127083016
G3540804,Potirendaba,SP,3540804,19097,3,1,124,4,761.8113971285813,0.00010653030787258975,0.0015259539438285978,0.18424087793944513,-0.03619518188720855,16.99310732728367
G3540853,Pracinha,SP,3540853,2589,1,0,124,1,761.8113971285813,2.6632576968147438e-05,0.00013919656949760452,0.18424087793944513,-0.03678184392930273,16.931802165417274
G3540903,Pradópolis,SP,3540903,17299,5,6,124,11,761.8113971285813,0.00029295834664962183,0.001374912645122084,0.18424087793944513,-0.03618102719118035,16.99458646837158
G3541000,Praia Grande,SP,3541000,368539,269,170,124,439,282.4601366742597,0.011691701289016726,0.030880889151059694,0.06825908372723917,0.003377219430582735,21.128354359065835
G3541059,Pratânia,SP,3541059,5264,2,1,124,3,761.8113971285813,7.989773090444231e-05,0.0003639104037800983,0.18424087793944513,-0.03667065233401521,16.943421493511096
G3541109,Presidente Alves,SP,3541109,3830,0,0,124,0,761.8113971285813,0.0,0.00024344698757034275,0.18424087793944513,-0.03675079679286089,16.93504653711424
G3541208,Presidente Bernardes,SP,3541208,14803,4,2,124,6,761.8113971285813,0.00015979546180888463,0.0011652357365728862,0.18424087793944513,-0.03631816310853632,16.98025600379747
G3541307,Presidente Epitácio,SP,3541307,40322,12,14,124,26,761.8113971285813,0.0006924470011718334,0.0033089637130420293,0.18424087793944513,-0.03524761130220348,17.092126803447847
G3541406,Presidente Prudente,SP,3541406,234706,285,238,124,523,237.09369024856596,0.01392883775434111,0.019638225007684373,0.057282411112470344,0.0019703428823161246,20.981338209512945
G3541505,Presidente Venceslau,SP,3541505,35810,9,8,124,17,761.8113971285813,0.00045275380845850643,0.002929932378356941,0.18424087793944513,-0.03549510111316285,17.06626454914725
G3541604,Promissão,SP,3541604,35973,4,9,124,13,761.8113971285813,0.0003462235005859167,0.0029436252213431266,0.18424087793944513,-0.03553223609911741,17.062384007776746
G3541653,Quadra,SP,3541653,3477,1,2,124,3,761.8113971285813,7.989773090444231e-05,0.00021379316196222303,0.18424087793944513,-0.03673069923074236,16.9371466973605
G3541703,Quatá,SP,3541703,13412,2,0,124,2,761.8113971285813,5.3265153936294876e-05,0.0010483845427459895,0.18424087793944513,-0.03640751570921611,16.97091881261274
G3541802,Queiroz,SP,3541802,3366,1,0,124,1,761.8113971285813,2.6632576968147438e-05,0.00020446858790414574,0.18424087793944513,-0.03675573512194011,16.934530490324388
G3541901,Queluz,SP,3541901,9074,1,0,124,1,761.8113971285813,2.6632576968147438e-05,0.0006839701079357248,0.18424087793944513,-0.036563934513927476,16.954573319886556
G3542008,Quintana,SP,3542008,7260,1,2,124,3,761.8113971285813,7.989773090444231e-05,0.000531584726482101,0.18424087793944513,-0.03660358260493441,16.950430163414055
G3542107,Rafard,SP,3542107,9145,2,2,124,4,761.8113971285813,0.00010653030787258975,0.0006899344751260265,0.18424087793944513,-0.036529589674689576,16.958162295783545
G3542206,Rancharia,SP,3542206,29387,5,10,124,15,761.8113971285813,0.0003994886545222116,0.0023903671605638725,0.18424087793944513,-0.035732233261854596,17.04148465251821
G3542305,Redenção da Serra,SP,3542305,4637,0,3,124,3,761.8113971285813,7.989773090444231e-05,0.00031123916112771565,0.18424087793944513,-0.03669172083107616,16.941219872254003
G3542404,Regente Feijó,SP,3542404,20620,13,2,124,15,761.8113971285813,0.0003994886545222116,0.001653893820319154,0.18424087793944513,-0.03602682259795248,17.01070057985326
G3542503,Reginópolis,SP,3542503,7820,0,1,124,1,761.8113971285813,2.6632576968147438e-05,0.0005786276226309596,0.18424087793944513,-0.036606071508049384,16.950170077372373
G3542602,Registro,SP,3542602,61927,5,6,124,11,761.8113971285813,0.00029295834664962183,0.00512389544749933,0.18424087793944513,-0.034681434070229444,17.151291338326114
G3542701,Restinga,SP,3542701,6486,2,0,124,2,761.8113971285813,5.3265153936294876e-05,0.0004665647235906431,0.18424087793944513,-0.03664024363687825,16.946599149412393
G3542800,Ribeira,SP,3542800,3158,0,0,124,0,761.8113971285813,0.0,0.00018699551219171257,0.18424087793944513,-0.03677337738301234,16.932686904762143
G3542909,Ribeirão Bonito,SP,3542909,11040,2,1,124,3,761.8113971285813,7.989773090444231e-05,0.0008491242754868959,0.18424087793944513,-0.03647656678533249,16.963703095394607
G3543006,Ribeirão Branco,SP,3543006,18942,0,1,124,1,761.8113971285813,2.6632576968147438e-05,0.0015129331422159672,0.18424087793944513,-0.03623234930021538,16.989223397342666
G3543105,Ribeirão Corrente,SP,3543105,4717,3,2,124,5,761.8113971285813,0.00013316288484073718,0.0003179595748632669,0.18424087793944513,-0.036667726604007425,16.943727227202444
G3543204,Ribeirão do Sul,SP,3543204,4776,1,0,124,1,761.8113971285813,2.6632576968147438e-05,0.0003229158799932359,0.18424087793944513,-0.03670835620510447,16.939481504634593
G3543238,Ribeirão dos Índios,SP,3543238,2040,1,0,124,1,761.8113971285813,2.6632576968147438e-05,9.307773023738433e-05,0.18424087793944513,-0.03680029146500682,16.92987443005819
G3543253,Ribeirão Grande,SP,3543253,7571,3,0,124,3,761.8113971285813,7.989773090444231e-05,0.0005577103348790564,0.18424087793944513,-0.036593132361575624,16.951522195648433
G3543303,Ribeirão Pires,SP,3543303,118954,70,52,124,122,1016.3934426229508,0.0032491743901139876,0.009914458373715318,0.2458384679461248,-0.04390224048369323,16.187733123960914
G3543402,Ribeirão Preto,SP,3543402,731639,1359,1478,124,2837,43.70814240394783,0.07555662085863428,0.06138316699329277,0.010491665652718833,0.052677582010227056,26.280156403780307
G3543501,Riversul,SP,3543501,5628,0,0,124,0,761.8113971285813,0.0,0.00039448828627685635,0.18424087793944513,-0.03669038027337829,16.94135995819917
G3543600,Rifaina,SP,3543600,4179,2,1,124,3,761.8113971285813,7.989773090444231e-05,0.00027276479249168495,0.18424087793944513,-0.03670711057853057,16.939611670442602
G3543709,Rincão,SP,3543709,9101,0,3,124,3,761.8113971285813,7.989773090444231e-05,0.0006862382475714735,0.18424087793944513,-0.03654172119649866,16.956894572878657
G3543808,Rinópolis,SP,3543808,9334,1,1,124,2,761.8113971285813,5.3265153936294876e-05,0.0007058114525762663,0.18424087793944513,-0.036544544945284,16.956599496047474
G3543907,Rio Claro,SP,3543907,210323,104,91,124,195,635.8974358974359,0.005193352508788751,0.017589926906260055,0.15377527088938084,-0.021641742411856645,18.513916411103743
G3544004,Rio das Pedras,SP,3544004,32329,29,9,124,38,3263.157894736842,0.0010120379247896027,0.0026375103756887688,0.789456048259559,-0.15643139033172046,4.428632907598363
G3544103,Rio Grande da Serra,SP,3544103,45324,4,10,124,14,761.8113971285813,0.00037285607755406416,0.003729157581857369,0.18424087793944513,-0.035207370124124455,17.096331936486663
G3544202,Riolândia,SP,3544202,10444,0,3,124,3,761.8113971285813,7.989773090444231e-05,0.0007990571931570395,0.18424087793944513,-0.036496593618264433,16.961610326225188
G3544251,Rosana,SP,3544251,17434,2,2,124,4,761.8113971285813,0.00010653030787258975,0.0013862533433008268,0.18424087793944513,-0.03625106212741966,16.987267939483758
G3544301,Roseira,SP,3544301,11137,2,0,124,2,761.8113971285813,5.3265153936294876e-05,0.0008572727771412518,0.18424087793944513,-0.036483960415458004,16.96293047392074
G3544400,Rubiácea,SP,3544400,2740,1,0,124,1,761.8113971285813,2.6632576968147438e-05,0.00015188135042345748,0.18424087793944513,-0.036776770016932386,16.93233238042496
G3544509,Rubinéia,SP,3544509,3998,0,1,124,1,761.8113971285813,2.6632576968147438e-05,0.0002575598564150003,0.18424087793944513,-0.03673449861453577,16.936749668369814
G3544608,Sabino,SP,3544608,5182,2,1,124,3,761.8113971285813,7.989773090444231e-05,0.0003570219797011583,0.18424087793944513,-0.036673407703646785,16.943133562182418
G3544707,Sagres,SP,3544707,2522,0,0,124,0,761.8113971285813,0.0,0.00013356822299408037,0.18424087793944513,-0.03679474829869139,16.930453681286046
G3544806,Sales,SP,3544806,6645,0,2,124,2,761.8113971285813,5.3265153936294876e-05,0.0004799215458900511,0.18424087793944513,-0.036634900907958484,16.947157455281417
G3544905,Sales Oliveira,SP,3544905,11683,2,5,124,7,761.8113971285813,0.00018642803877703208,0.0009031396008863889,0.18424087793944513,-0.03641234853202366,16.970413791044564
G3545001,Salesópolis,SP,3545001,15381,2,5,124,7,761.8113971285813,0.00018642803877703208,0.0012137907258122438,0.18424087793944513,-0.03628808808205332,16.983398791696438
G3545100,Salmourão,SP,3545100,4883,0,1,124,1,761.8113971285813,2.6632576968147438e-05,0.00033190443336453566,0.18424087793944513,-0.03670476078375595,16.939857219904944
G3545159,Saltinho,SP,3545159,8407,5,4,124,9,761.8113971285813,0.00023969319271332693,0.0006279386584155666,0.18424087793944513,-0.03650112284743747,16.96113702966318
G3545209,Salto,SP,3545209,141111,140,118,124,258,480.6201550387597,0.006871204857782039,0.011775760962947922,0.11620503978721806,-0.01578222162915163,19.126226129934302
G3545308,Salto de Pirapora,SP,3545308,45262,27,12,124,39,3179.487179487179,0.0010386705017577502,0.003723949261212317,0.7692114375152856,-0.15193723959786912,4.898263833790983
G3545407,Salto Grande,SP,3545407,9221,0,1,124,1,761.8113971285813,2.6632576968147438e-05,0.0006963188681748002,0.18424087793944513,-0.03655899500983185,16.955089489463578
G3545506,Sandovalina,SP,3545506,3697,0,0,124,0,761.8113971285813,0.0,0.00023227429973498887,0.18424087793944513,-0.03675526586799503,16.934579526544553
G3545605,Santa Adélia,SP,3545605,14193,3,4,124,7,761.8113971285813,0.00018642803877703208,0.0011139925818393081,0.18424087793944513,-0.03632800733964249,16.979227298788263
G3545704,Santa Albertina,SP,3545704,6566,0,0,124,0,761.8113971285813,0.0,0.00047328513732619435,0.18424087793944513,-0.036658861532958546,16.94465361169064
G3545803,Santa Bárbara d'Oeste,SP,3545803,189456,154,155,124,309,401.294498381877,0.008229466283157558,0.015836990988513214,0.09701174095786536,-0.009775765282904764,19.75389035930164
G3546009,Santa Branca,SP,3546009,14219,4,1,124,5,761.8113971285813,0.00013316288484073718,0.0011161767163033623,0.18424087793944513,-0.036348439747431384,16.977092147752504
G3546108,Santa Clara d'Oeste,SP,3546108,2694,0,0,124,0,761.8113971285813,0.0,0.0001480171125255155,0.18424087793944513,-0.03678896874287882,16.931057634804738
G3546207,Santa Cruz da Conceição,SP,3546207,4375,1,0,124,1,761.8113971285813,2.6632576968147438e-05,0.0002892298061437854,0.18424087793944513,-0.03672183063464425,16.9380734502102
G3546256,Santa Cruz da Esperança,SP,3546256,2168,0,1,124,1,761.8113971285813,2.6632576968147438e-05,0.00010383039221426627,0.18424087793944513,-0.03679599040021606,16.930323883839545
G3546306,Santa Cruz das Palmeiras,SP,3546306,29489,8,3,124,11,761.8113971285813,0.00029295834664962183,0.0023989356880767007,0.18424087793944513,-0.0357714179739985,17.03738991833003
G3546405,Santa Cruz do Rio Pardo,SP,3546405,47759,7,9,124,16,761.8113971285813,0.000426121231490359,0.003933710174933209,0.18424087793944513,-0.0351042430253196,17.107108538740448
G3546504,Santa Ernestina,SP,3546504,6274,4,3,124,7,761.8113971285813,0.00018642803877703208,0.0004487556271914324,0.18424087793944513,-0.03659410212150164,16.951420857424772
G3546603,Santa Fé do Sul,SP,3546603,36288,4,16,124,20,761.8113971285813,0.0005326515393629487,0.0029700868504268594,0.18424087793944513,-0.0354470802319731,17.07128264761463
G3546702,Santa Gertrudes,SP,3546702,23192,4,5,124,9,761.8113971285813,0.00023969319271332693,0.0018699551219171255,0.18424087793944513,-0.036004316262036845,17.013052452767013
G3546801,Santa Isabel,SP,3546801,54691,35,21,124,56,2214.285714285714,0.0014914243102162566,0.004516034025118723,0.5356753921438486,-0.10473209509463574,9.831119237844572
G3546900,Santa Lúcia,SP,3546900,7144,1,2,124,3,761.8113971285813,7.989773090444231e-05,0.0005218401265655519,0.18424087793944513,-0.03660748044490103,16.950022845924703
G3547007,Santa Maria da Serra,SP,3547007,5308,0,3,124,3,761.8113971285813,7.989773090444231e-05,0.00036760663133465147,0.18424087793944513,-0.03666917384299339,16.943575993248434
G3547106,Santa Mercedes,SP,3547106,3017,1,0,124,1,761.8113971285813,2.6632576968147438e-05,0.00017515078298280354,0.18424087793944513,-0.036767462243908644,16.93330502649867
G3547205,Santana da Ponte Pensa,SP,3547205,1699,0,0,124,0,761.8113971285813,0.0,6.443196668959727e-05,0.18424087793944513,-0.03682240280121319,16.92756383392626
G3547304,Santana de Parnaíba,SP,3547304,163787,770,873,124,1643,75.47169811320754,0.04375732395866624,0.013680662236289914,0.018177040628530237,0.019339786352276414,22.79641480736825
G3547403,Santa Rita d'Oeste,SP,3547403,2796,0,0,124,0,761.8113971285813,0.0,0.00015658564003834333,0.18424087793944513,-0.036785541331873686,16.931415793286753
G3547502,Santa Rita do Passa Quatro,SP,3547502,24996,5,12,124,17,761.8113971285813,0.00045275380845850643,0.0020215004516538054,0.18424087793944513,-0.035858473883844104,17.028292727338332
G3547601,Santa Rosa de Viterbo,SP,3547601,23710,10,8,124,18,761.8113971285813,0.00047938638542665386,0.0019134698008548196,0.18424087793944513,-0.035891033113376436,17.02489034454636
G3547650,Santa Salete,SP,3547650,1692,0,1,124,1,761.8113971285813,2.6632576968147438e-05,6.384393048773655e-05,0.18424087793944513,-0.03681198498490667,16.92865247759014
G3547700,Santo Anastácio,SP,3547700,17960,9,0,124,9,761.8113971285813,0.00023969319271332693,0.0014304400636120762,0.18424087793944513,-0.036180122285358864,16.994681029454245
G3547809,Santo André,SP,3547809,782048,710,804,124,1514,81.90224570673712,0.04032172152977522,0.06561778369323529,0.019732948600812737,0.038429212369041656,24.79122658642406
G3547908,Santo Antônio da Alegria,SP,3547908,6933,1,1,124,2,761.8113971285813,5.3265153936294876e-05,0.0005041150353380355,0.18424087793944513,-0.03662522351217929,16.94816872628946
G3548005,Santo Antônio de Posse,SP,3548005,23867,14,5,124,19,761.8113971285813,0.0005060189623948013,0.001926658612810839,0.18424087793944513,-0.03587510455780677,17.026554850867598
G3548054,Santo Antônio do Aracanguá,SP,3548054,8593,2,1,124,3,761.8113971285813,7.989773090444231e-05,0.0006435636203507231,0.18424087793944513,-0.03655879104738696,16.955110803183917
G3548104,Santo Antônio do Jardim,SP,3548104,6243,2,4,124,6,761.8113971285813,0.00015979546180888463,0.0004461514668689063,0.18424087793944513,-0.03660579681641791,16.95019878216955
G3548203,Santo Antônio do Pinhal,SP,3548203,7314,8,6,124,14,761.8113971285813,0.00037285607755406416,0.0005361210057535981,0.18424087793944513,-0.03648458475456596,16.962865231571097
G3548302,Santo Expedito,SP,3548302,3069,0,0,124,0,761.8113971285813,0.0,0.00017951905191091182,0.18424087793944513,-0.03677636796712466,16.932374393929795
G3548401,Santópolis do Aguapeí,SP,3548401,3921,0,0,124,0,761.8113971285813,0.0,0.0002510914581945323,0.18424087793944513,-0.036747739004611216,16.93536607066192
G3548500,Santos,SP,3548500,429547,393,485,124,878,141.23006833712984,0.023383402578033452,0.03600587666579105,0.03408765648007191,0.016938180401515422,22.545451167339415
G3548609,São Bento do Sapucaí,SP,3548609,11989,0,2,124,2,761.8113971285813,5.3265153936294876e-05,0.0009288451834248723,0.18424087793944513,-0.03645533145294456,16.965922150652865
G3548708,São Bernardo do Campo,SP,3548708,841154,795,849,124,1644,75.42579075425792,0.04378395653563439,0.07058299337140392,0.018165933079019522,0.042113593347011424,25.176237983148532
G3548807,São Caetano do Sul,SP,3548807,172693,687,402,124,1089,113.86593204775022,0.02900287631831256,0.014428812295400153,0.02746674633392655,0.011879326178699776,22.01680970984687
G3548906,São Carlos,SP,3548906,266427,231,198,124,429,289.04428904428903,0.011425375519335252,0.022302953059002123,0.06985215725857565,-0.0004791000203801781,20.725375691303547
G3549003,São Francisco,SP,3549003,2623,0,0,124,0,761.8113971285813,0.0,0.00014205274533521378,0.18424087793944513,-0.03679135448975494,16.930808328410397
G3549102,São João da Boa Vista,SP,3549102,96080,40,44,124,84,1476.1904761904764,0.0022371364653243847,0.007992924076377838,0.3570890045068673,-0.06732577668469257,13.740014377474925
G3549201,São João das Duas Pontes,SP,3549201,2623,0,0,124,0,761.8113971285813,0.0,0.00014205274533521378,0.18424087793944513,-0.03679135448975494,16.930808328410397
G3549250,São João de Iracema,SP,3549250,1882,1,0,124,1,761.8113971285813,2.6632576968147438e-05,7.980491310967068e-05,0.18424087793944513,-0.0368056005918579,16.929319635546836
G3549300,São João do Pau d'Alho,SP,3549300,2293,0,0,124,0,761.8113971285813,0.0,0.00011433103867606504,0.18424087793944513,-0.0368024431724186,16.92964958038035
G3549409,São Joaquim da Barra,SP,3549409,49885,10,11,124,21,761.8113971285813,0.0005592841163310962,0.004112305169955483,0.18424087793944513,-0.0349795398733744,17.12013980097784
G3549508,São José da Bela Vista,SP,3549508,7664,0,0,124,0,761.8113971285813,0.0,0.0005655228158466347,0.18424087793944513,-0.03662196646155037,16.9485090824088
G3549607,São José do Barreiro,SP,3549607,3888,1,1,124,2,761.8113971285813,5.3265153936294876e-05,0.0002483192875286174,0.18424087793944513,-0.03672754181130306,16.93747664219401
G3549706,São José do Rio Pardo,SP,3549706,53427,12,27,124,39,3179.487179487179,0.0010386705017577502,0.0044098514880970135,0.7692114375152856,-0.15166287870711523,4.926934069140513
G3549805,São José do Rio Preto,SP,3549805,504166,958,866,124,1824,67.98245614035088,0.048577820389900925,0.04227425857245475,0.016364975462626604,0.03306783649241695,24.230972142877995
G3549904,São José dos Campos,SP,3549904,727078,724,651,124,1375,90.18181818181819,0.03661979333120273,0.06100001940519466,0.021736238776913993,0.03470067733917616,24.40160116816027
G3549953,São Lourenço da Serra,SP,3549953,16479,4,1,124,5,761.8113971285813,0.00013316288484073718,0.0013060284043326842,0.18424087793944513,-0.03627249907221966,16.9850278160795
G3550001,São Luiz do Paraitinga,SP,3550001,10487,3,4,124,7,761.8113971285813,0.00018642803877703208,0.0008026694155398982,0.18424087793944513,-0.03645253660616225,16.966214207275055
G3550100,São Manuel,SP,3550100,38131,11,9,124,20,761.8113971285813,0.0005326515393629487,0.0031249083818596203,0.18424087793944513,-0.0353851516194,17.077754079794566
G3550209,São Miguel Arcanjo,SP,3550209,32924,9,3,124,12,761.8113971285813,0.00031959092361776926,0.002687493452846931,0.18424087793944513,-0.03564534183730315,17.050564655083082
G3550308,São Paulo,SP,3550308,11904961,14860,18774,124,33634,3.6867455550930606,0.895760093746671,1.0,0.0008082585224037457,0.7581423857941877,100.0
G3550407,São Pedro,SP,3550407,39855,33,16,124,49,2530.6122448979595,0.0013049962714392245,0.003269733297860749,0.6122124154168407,-0.12061259125564815,8.171635041126637
G3550506,São Pedro do Turvo,SP,3550506,7333,0,0,124,0,761.8113971285813,0.0,0.0005377171040157916,0.18424087793944513,-0.03663308874628271,16.947346823021086
G3550605,São Roque,SP,3550605,81366,84,68,124,152,815.7894736842105,0.004048151699158411,0.006756871980066581,0.1973011839895682,-0.035138227326223646,17.103557238471556
G3550704,São Sebastião,SP,3550704,84280,42,35,124,77,1610.3896103896104,0.0020507084265473526,0.007001663050384034,0.3895592568045002,-0.0742909027701275,13.012170829657823
G3550803,São Sebastião da Grama,SP,3550803,10428,1,1,124,2,761.8113971285813,5.3265153936294876e-05,0.0007977131104099292,0.18424087793944513,-0.036507784282150534,16.96044092133497
G3550902,São Simão,SP,3550902,13560,3,6,124,9,761.8113971285813,0.00023969319271332693,0.0010608173081567591,0.18424087793944513,-0.03632797138754099,16.97923105572027
G3551009,São Vicente,SP,3551009,338326,71,36,124,107,1158.8785046728972,0.0028496857355917757,0.028342840898657084,0.2803135481395669,-0.043585698974213834,16.220811160519744
G3551108,Sarapuí,SP,3551108,10677,3,7,124,10,761.8113971285813,0.00026632576968147435,0.0008186303981618324,0.18424087793944513,-0.036414193120751705,16.970221034734394
G3551207,Sarutaiá,SP,3551207,3772,0,1,124,1,761.8113971285813,2.6632576968147438e-05,0.00023857468761206816,0.18424087793944513,-0.03674209268205694,16.935956101537112
G3551306,Sebastianópolis do Sul,SP,3551306,3191,1,1,124,2,761.8113971285813,5.3265153936294876e-05,0.00018976768285762746,0.18424087793944513,-0.03675096245317146,16.935029225900244
G3551405,Serra Azul,SP,3551405,13108,3,1,124,4,761.8113971285813,0.00010653030787258975,0.0010228469705508949,0.18424087793944513,-0.03639642467651963,16.972077806217126
G3551504,Serrana,SP,3551504,45580,16,18,124,34,3647.0588235294117,0.0009055076169170129,0.0037506629058111332,0.8823430857921064,-0.17460614894933005,2.529402279078539
G3551603,Serra Negra,SP,3551603,31047,11,19,124,30,4133.333333333334,0.0007989773090444232,0.0025298157455765605,1.0000000000000002,-0.19866848277815166,0.014930292799292033
G3551702,Sertãozinho,SP,3551702,132176,104,100,124,204,607.8431372549019,0.005433045701502077,0.011025174753858545,0.14698737199277156,-0.022814186216410064,18.39139807506
G3551801,Sete Barras,SP,3551801,12903,3,0,124,3,761.8113971285813,7.989773090444231e-05,0.001005625910353545,0.18424087793944513,-0.03641396613138583,16.97024475472788
G3551900,Severínia,SP,3551900,14693,3,3,124,6,761.8113971285813,0.00015979546180888463,0.0011559951676865033,0.18424087793944513,-0.03632185933609087,16.97986975445412
G3552007,Silveiras,SP,3552007,6329,0,0,124,0,761.8113971285813,0.0,0.00045337591163462386,0.18424087793944513,-0.036666825223235174,16.943821419923605
G3552106,Socorro,SP,3552106,41527,15,8,124,23,761.8113971285813,0.000612549270267391,0.00341018994493377,0.18424087793944513,-0.035239079901808565,17.093018319933712
G3552205,Sorocaba,SP,3552205,762172,1184,963,124,2147,57.75500698649278,0.05718014275061255,0.06394809690063759,0.013890385321871973,0.04567321879612567,25.548212644339692
G3552304,Sud Mennucci,SP,3552304,7464,6,1,124,7,761.8113971285813,0.00018642803877703208,0.0005487217815077567,0.18424087793944513,-0.03655411565977511,16.95559937304828
G3552403,Sumaré,SP,3552403,291116,154,118,124,272,455.88235294117646,0.007244060935336103,0.024376956742964924,0.11021958630280486,-0.00939551018924056,19.793626354465722
G3552502,Suzano,SP,3552502,320261,160,134,124,294,421.76870748299325,0.007829977628635347,0.026825287471997923,0.10196559359689397,-0.006531012679125486,20.09296135643148
G3552551,Suzanápolis,SP,3552551,3465,0,0,124,0,761.8113971285813,0.0,0.00021278509990189037,0.18424087793944513,-0.03676306154792827,16.93376489156585
G3552601,Tabapuã,SP,3552601,11498,3,1,124,4,761.8113971285813,0.00010653030787258975,0.0008875986441229267,0.18424087793944513,-0.03645052400709082,16.966424520373558
G3552700,Tabatinga,SP,3552700,14997,11,5,124,16,761.8113971285813,0.000426121231490359,0.001181532739881598,0.18424087793944513,-0.03620511399934025,16.99206943886032
G3552809,Taboão da Serra,SP,3552809,285307,117,100,124,217,571.4285714285714,0.005779269202087994,0.023888970700592208,0.13817665837121273,-0.015768035713170467,19.12770853345293
G3552908,Taciba,SP,3552908,6418,2,0,124,2,761.8113971285813,5.3265153936294876e-05,0.0004608523719154246,0.18424087793944513,-0.036642528577548336,16.94636037709105
G3553005,Taguaí,SP,3553005,13068,3,0,124,3,761.8113971285813,7.989773090444231e-05,0.0010194867636831193,0.18424087793944513,-0.036408421790054005,16.970824128742905
G3553104,Taiaçu,SP,3553104,5744,0,0,124,0,761.8113971285813,0.0,0.0004042328861934056,0.18424087793944513,-0.03668648243341167,16.94176727568852
G3553203,Taiúva,SP,3553203,6770,1,0,124,1,761.8113971285813,2.6632576968147438e-05,0.0004904221923518498,0.18424087793944513,-0.036641353680161026,16.946483151822218
G3553302,Tambaú,SP,3553302,21650,3,5,124,8,761.8113971285813,0.0002130606157451795,0.001740419147164376,0.18424087793944513,-0.0360667836827252,17.006524716077237
G3553401,Tanabi,SP,3553401,26071,7,10,124,17,761.8113971285813,0.00045275380845850643,0.002111806011225275,0.18424087793944513,-0.03582235166001552,17.032067436830154
G3553500,Tapiraí,SP,3553500,8122,4,0,124,4,761.8113971285813,0.00010653030787258975,0.0006039971844826654,0.18424087793944513,-0.03656396459094692,16.954570176890396
G3553609,Tapiratiba,SP,3553609,11903,2,1,124,3,761.8113971285813,7.989773090444231e-05,0.0009216207386591546,0.18424087793944513,-0.03644756820006359,16.966733397061066
G3553658,Taquaral,SP,3553658,2649,1,0,124,1,761.8113971285813,2.6632576968147438e-05,0.00014423687979926795,0.18424087793944513,-0.03677982780518206,16.93201284687728
G3553708,Taquaritinga,SP,3553708,53264,41,53,124,94,1319.1489361702127,0.002503462235005859,0.0043961586451108274,0.31909190075431804,-0.061058531798816935,14.39493055513224
G3553807,Taquarituba,SP,3553807,24932,3,7,124,10,761.8113971285813,0.00026632576968147435,0.0020161241206653646,0.18424087793944513,-0.03593519563175029,17.020275438274815
G3553856,Taquarivaí,SP,3553856,7170,0,2,124,2,761.8113971285813,5.3265153936294876e-05,0.0005240242610296059,0.18424087793944513,-0.03661725982190266,16.94900091805649
G3553906,Tarabai,SP,3553906,6633,0,0,124,0,761.8113971285813,0.0,0.0004789134838297185,0.18424087793944513,-0.03665661019435714,16.944888872654317
G3553955,Tarumã,SP,3553955,15315,3,2,124,5,761.8113971285813,0.00013316288484073718,0.001208246384480414,0.18424087793944513,-0.03631161188016056,16.98094059575533
G3554003,Tatuí,SP,3554003,129130,80,83,124,163,760.7361963190184,0.004341110045808032,0.010769295000877433,0.1839807269201001,-0.030751983365345834,17.56191209478243
G3554102,Taubaté,SP,3554102,322397,227,164,124,391,317.1355498721228,0.010413337594545649,0.027004722518737142,0.07664899936848742,-0.0003625758283843667,20.737552266467937
G3554201,Tejupá,SP,3554201,4119,0,0,124,0,761.8113971285813,0.0,0.0002677244821900215,0.18424087793944513,-0.03674108579501302,16.936061319479947
G3554300,Teodoro Sampaio,SP,3554300,22598,0,3,124,3,761.8113971285813,7.989773090444231e-05,0.0018200560499306577,0.18424087793944513,-0.03608819407555498,17.004287367307633
G3554409,Terra Roxa,SP,3554409,7965,1,0,124,1,761.8113971285813,2.6632576968147438e-05,0.0005908083725266461,0.18424087793944513,-0.03660119920809111,16.95067922423406
G3554508,Tietê,SP,3554508,38723,18,14,124,32,3875.0,0.000852242462980718,0.0031746394435026993,0.9374947643270566,-0.18588820010281795,1.350447578548394
G3554607,Timburi,SP,3554607,2484,0,1,124,1,761.8113971285813,2.6632576968147438e-05,0.0001303760264696936,0.18424087793944513,-0.03678537214651389,16.931433472862256
G3554656,Torre de Pedra,SP,3554656,2056,1,2,124,3,761.8113971285813,7.989773090444231e-05,9.442181298449457e-05,0.18424087793944513,-0.03677844777033345,16.93215705811596
G3554706,Torrinha,SP,3554706,9484,3,0,124,3,761.8113971285813,7.989773090444231e-05,0.0007184122283304249,0.18424087793944513,-0.03652885160419508,16.958239422865045
G3554755,Trabiju,SP,3554755,1724,1,1,124,2,761.8113971285813,5.3265153936294876e-05,6.653209598195702e-05,0.18424087793944513,-0.03680025668792172,16.929878064203027
G3554805,Tremembé,SP,3554805,53426,34,20,124,54,2296.296296296296,0.0014381591562799617,0.004409767482925319,0.5555183241035132,-0.10876449416502054,9.409740556453482
G3554904,Três Fronteiras,SP,3554904,7060,0,1,124,1,761.8113971285813,2.6632576968147438e-05,0.000514783692143223,0.18424087793944513,-0.03663160908024448,16.947501445545594
G3554953,Tuiuti,SP,3554953,6976,4,4,124,8,761.8113971285813,0.0002130606157451795,0.0005077272577208942,0.18424087793944513,-0.036559860438502595,16.95499905367442
G3555000,Tupã,SP,3555000,65433,25,39,124,64,1937.5,0.001704484925961436,0.005418417579459862,0.4687054967799806,-0.0908919383538276,11.277391517917092
G3555109,Tupi Paulista,SP,3555109,16259,6,10,124,16,761.8113971285813,0.000426121231490359,0.0012875472665599184,0.18424087793944513,-0.036162708188668916,16.996500772235837
G3555208,Turiúba,SP,3555208,1835,1,0,124,1,761.8113971285813,2.6632576968147438e-05,7.585667004003433e-05,0.18424087793944513,-0.03680717988908575,16.929154601736496
G3555307,Turmalina,SP,3555307,1662,1,0,124,1,761.8113971285813,2.6632576968147438e-05,6.132377533690484e-05,0.18424087793944513,-0.036812993046967,16.92854713686014
G3555356,Ubarana,SP,3555356,5458,2,0,124,2,761.8113971285813,5.3265153936294876e-05,0.00038020740708881,0.18424087793944513,-0.03667478656347899,16.942989473730908
G3555406,Ubatuba,SP,3555406,97096,72,54,124,126,984.1269841269841,0.003355704697986577,0.008078273330819338,0.2380314127488797,-0.04303269133825358,16.27859949554629
G3555505,Ubirajara,SP,3555505,5289,0,0,124,0,761.8113971285813,0.0,0.0003660105330724581,0.18424087793944513,-0.03670177137466004,16.940169607950118
G3555604,Uchoa,SP,3555604,10670,6,5,124,11,761.8113971285813,0.00029295834664962183,0.0008180423619599716,0.18424087793944513,-0.03640377530444519,16.971309678398274
G3555703,União Paulista,SP,3555703,1628,0,0,124,0,761.8113971285813,0.0,5.846759949929558e-05,0.18424087793944513,-0.03682478854808931,16.927314527531916
G3555802,Urânia,SP,3555802,8973,3,1,124,4,761.8113971285813,0.00010653030787258975,0.0006754855855945915,0.18424087793944513,-0.03653536923050215,16.957558342264853
G3555901,Uru,SP,3555901,1424,0,0,124,0,761.8113971285813,0.0,4.1330544473639974e-05,0.18424087793944513,-0.03683164337009957,16.926598210567885
G3556008,Urupês,SP,3556008,14073,7,2,124,9,761.8113971285813,0.00023969319271332693,0.0011039119612359814,0.18424087793944513,-0.0363107335263093,16.981032382203345
G3556107,Valentim Gentil,SP,3556107,14634,6,2,124,8,761.8113971285813,0.0002130606157451795,0.0011510388625565343,0.18424087793944513,-0.03630253579656834,16.981889030686876
G3556206,Valinhos,SP,3556206,132258,578,682,124,1260,98.4126984126984,0.03355704697986577,0.011032063177937486,0.023727747584502145,0.013090094546220874,22.14333289598762
G3556305,Valparaíso,SP,3556305,24779,4,1,124,5,761.8113971285813,0.00013316288484073718,0.002003271329396123,0.18424087793944513,-0.035993601902194285,17.01417208471405
G3556354,Vargem,SP,3556354,10863,8,8,124,16,761.8113971285813,0.000426121231490359,0.0008342553600969889,0.18424087793944513,-0.036344024951254085,16.977553486265712
G3556404,Vargem Grande do Sul,SP,3556404,41256,8,2,124,10,761.8113971285813,0.00026632576968147435,0.00338742454340459,0.18424087793944513,-0.0353866754626546,17.07759484082787
G3556453,Vargem Grande Paulista,SP,3556453,52352,80,66,124,146,849.3150684931506,0.003888356237349526,0.004319545928525544,0.2054128944590201,-0.037799418025454,16.825467444232785
G3556503,Várzea Paulista,SP,3556503,119655,48,29,124,77,1610.3896103896104,0.0020507084265473526,0.009973345999073086,0.3895592568045002,-0.07310222959065188,13.136385107121335
G3556602,Vera Cruz,SP,3556602,10274,2,4,124,6,761.8113971285813,0.00015979546180888463,0.0007847763139689931,0.18424087793944513,-0.03647034687757787,16.964353064924474
G3556701,Vinhedo,SP,3556701,79089,206,195,124,401,309.2269326683292,0.010679663364227123,0.006565592204118454,0.07473546395363498,-0.008048990563388765,19.934335310723494
G3556800,Viradouro,SP,3556800,17685,5,1,124,6,761.8113971285813,0.00015979546180888463,0.0014073386413961187,0.18424087793944513,-0.03622132194660702,16.990375736593226
G3556909,Vista Alegre do Alto,SP,3556909,8368,1,1,124,2,761.8113971285813,5.3265153936294876e-05,0.0006246624567194854,0.18424087793944513,-0.036577004543626716,16.953207524541334
G3556958,Vitória Brasil,SP,3556958,1828,0,0,124,0,761.8113971285813,0.0,7.526863383817361e-05,0.18424087793944513,-0.03681806813435376,16.92801679906528
G3557006,Votorantim,SP,3557006,133510,192,125,124,317,391.16719242902207,0.008442526898902738,0.011137237652898863,0.09456138104051619,-0.011080370387382597,19.617561397543273
G3557105,Votuporanga,SP,3557105,100568,58,43,124,101,1227.7227722772277,0.0026898902737828912,0.008369939286942261,0.29697081460926955,-0.054970231097563854,15.031147377085244
G3557154,Zacarias,SP,3557154,2773,0,0,124,0,761.8113971285813,0.0,0.00015465352108937232,0.18424087793944513,-0.03678631417945328,16.931335032060417
G3557204,Chavantes,SP,3557204,12415,2,1,124,3,761.8113971285813,7.989773090444231e-05,0.0009646313865666824,0.18424087793944513,-0.03643036394090057,16.968531212186477
G3557303,Estiva Gerbi,SP,3557303,11609,2,1,124,3,761.8113971285813,7.989773090444231e-05,0.000896923218181004,0.18424087793944513,-0.03645744720825485,16.965701057907026
G3300100,Angra dos Reis,RJ,3300100,179142,149,94,46,243,189.30041152263374,0.006471716203259827,0.014970561647657275,0.04571855246596556,-0.0005667993528262714,20.716211263770465
G3300159,Aperibé,RJ,3300159,11426,3,3,46,6,761.8113971285813,0.00015979546180888463,0.0008815502717609305,0.18424087793944513,-0.0364316372944611,16.968398148956645
G3300209,Araruama,RJ,3300209,137906,203,81,46,284,161.9718309859155,0.007563651858953873,0.011506524387667402,0.039106245238657474,-0.0001931785490829844,20.75525398718985
G3300225,Areal,RJ,3300225,12239,7,3,46,10,761.8113971285813,0.00026632576968147435,0.0009498464763484699,0.18424087793944513,-0.036361706689477045,16.975705775409956
G3300233,Armação dos Búzios,RJ,3300233,42527,62,55,46,117,393.16239316239313,0.0031160115052732505,0.0034941951166281597,0.09504413133233885,-0.016364743617707206,19.065353596453768
G3300258,Arraial do Cabo,RJ,3300258,32822,26,20,46,46,1000.0,0.001225098540534782,0.0026789249253341032,0.24187198022494383,-0.04681278665864121,15.883586116702919
G3300308,Barra do Piraí,RJ,3300308,98506,28,32,46,60,766.6666666666667,0.0015979546180888463,0.008196720622908429,0.18541563832680136,-0.03316525756896137,17.309729142647782
G3300407,Barra Mansa,RJ,3300407,181679,122,87,46,209,220.0956937799043,0.005566208586342814,0.015183682768245943,0.05316964811153528,-0.0023339730804715526,20.531544686344365
G3300456,Belford Roxo,RJ,3300456,518384,139,44,46,183,251.36612021857923,0.004873761585170981,0.04346864410360559,0.060735707624346186,0.007189820750641392,21.52676455827336
G3300506,Bom Jardim,RJ,3300506,29758,4,11,46,15,761.8113971285813,0.0003994886545222116,0.0024215330792624916,0.18424087793944513,-0.03571976689437514,17.0427873662126
G3300605,Bom Jesus do Itabapoana,RJ,3300605,37176,6,3,46,9,761.8113971285813,0.00023969319271332693,0.003044683442891478,0.18424087793944513,-0.035534424933647106,17.062155278379727
G3300704,Cabo Frio,RJ,3300704,238438,237,153,46,390,117.94871794871794,0.010386705017577502,0.019951732308447837,0.0284545998627349,0.006444454957863155,21.448875130805323
G3300803,Cachoeiras de Macacu,RJ,3300803,59861,31,7,46,38,1210.5263157894738,0.0010120379247896027,0.00495034076277872,0.2928100330653731,-0.0561770551380473,14.90503636625182
G3300902,Cambuci,RJ,3300902,15069,1,0,46,1,761.8113971285813,2.6632576968147438e-05,0.001187581112243594,0.18424087793944513,-0.036362490112204326,16.9756239090991
G3300936,Carapebus,RJ,3300936,14329,7,1,46,8,761.8113971285813,0.0002130606157451795,0.0011254172851897454,0.18424087793944513,-0.03631278442751506,16.9808180665985
G3300951,Comendador Levy Gasparian,RJ,3300951,9048,7,2,46,9,761.8113971285813,0.00023969319271332693,0.0006817859734716708,0.18424087793944513,-0.036479583921415024,16.963387809927607
G3301009,Campos dos Goytacazes,RJ,3301009,519259,172,116,46,288,159.7222222222222,0.007670182166826462,0.043542148628838186,0.03856193946079979,0.0127725444261059,22.11014946137363
G3301108,Cantagalo,RJ,3301108,19995,6,5,46,11,761.8113971285813,0.00029295834664962183,0.0016013905880101602,0.18424087793944513,-0.03609043601402511,17.004053088641307
G3301157,Cardoso Moreira,RJ,3301157,13407,2,2,46,4,761.8113971285813,0.00010653030787258975,0.0010479645168875176,0.18424087793944513,-0.03638637765798498,16.973127702159502
G3301207,Carmo,RJ,3301207,17741,6,4,46,10,761.8113971285813,0.00026632576968147435,0.0014120429310110047,0.18424087793944513,-0.03617682810761203,16.995025265292764
G3301306,Casimiro de Abreu,RJ,3301306,48636,10,6,46,16,761.8113971285813,0.000426121231490359,0.00400738271050919,0.18424087793944513,-0.03507477401108921,17.110187999414244
G3301405,Conceição de Macabu,RJ,3301405,21770,1,0,46,1,761.8113971285813,2.6632576968147438e-05,0.0017504997677677027,0.18424087793944513,-0.03613732264999468,16.999153516824414
G3301504,Cordeiro,RJ,3301504,21448,7,2,46,9,761.8113971285813,0.00023969319271332693,0.001723450102482109,0.18424087793944513,-0.036062918269810854,17.00692864499609
G3301603,Duas Barras,RJ,3301603,11355,2,2,46,4,761.8113971285813,0.00010653030787258975,0.0008755859045706289,0.18424087793944513,-0.036455329102911736,16.965922396227203
G3301702,Duque de Caxias,RJ,3301702,866225,397,166,46,563,81.70515097690942,0.014994140833067007,0.07268908703095397,0.019685260397440705,0.03113623906612025,24.029123575247596
G3301801,Engenheiro Paulo de Frontin,RJ,3301801,12644,2,0,46,2,761.8113971285813,5.3265153936294876e-05,0.0009838685708846977,0.18424087793944513,-0.03643332209796063,16.968222089924627
G3301850,Guapimirim,RJ,3301850,54311,30,6,46,36,1277.7777777777776,0.0009587727708533077,0.004484112059874854,0.3090819110560658,-0.059639228278921895,14.543245301581685
G3301876,Iguaba Grande,RJ,3301876,29616,30,14,46,44,1045.4545454545455,0.0011718333865984873,0.002409604344881888,0.2528699689064002,-0.04914141868868789,15.640248124322
G3301900,Itaboraí,RJ,3301900,240127,78,37,46,115,400.0,0.0030627463513369555,0.020093617043439663,0.09669852962972032,-0.010077160568033419,19.722395076813914
G3302007,Itaguaí,RJ,3302007,124021,66,43,46,109,422.0183486238532,0.0029029508895280706,0.010340112578690793,0.10202599570660927,-0.015107973754034311,19.196683858841716
G3302056,Italva,RJ,3302056,14518,3,0,46,3,761.8113971285813,7.989773090444231e-05,0.001141294262639985,0.18424087793944513,-0.036359698790471254,16.975915597359784
G3302106,Itaocara,RJ,3302106,23645,2,2,46,4,761.8113971285813,0.00010653030787258975,0.0019080094646946842,0.18424087793944513,-0.036042359678862115,17.009076981952337
G3302205,Itaperuna,RJ,3302205,107297,85,34,46,119,386.5546218487395,0.003169276659209545,0.008935210087273812,0.09344534306176012,-0.013847273913758684,19.328424796941526
G3302254,Itatiaia,RJ,3302254,32713,14,12,46,26,761.8113971285813,0.0006924470011718334,0.0026697683616194144,0.18424087793944513,-0.03550328944277253,17.065408882961066
G3302270,Japeri,RJ,3302270,102171,19,12,46,31,1483.8709677419356,0.0008256098860125705,0.008504599577168368,0.35894734360818864,-0.06805738493636536,13.66356258909692
G3302304,Laje do Muriaé,RJ,3302304,7584,4,0,46,4,761.8113971285813,0.00010653030787258975,0.0005588024021110835,0.18424087793944513,-0.03658204250389556,16.95268106646565
G3302403,Macaé,RJ,3302403,264439,262,159,46,421,109.26365795724466,0.011212314903590072,0.022135950777673677,0.026353199650087072,0.008068666342488085,21.61860239232072
G3302452,Macuco,RJ,3302452,5602,1,1,46,2,761.8113971285813,5.3265153936294876e-05,0.0003923041518128022,0.18424087793944513,-0.036669947865589386,16.94349510923493
G3302502,Magé,RJ,3302502,244142,86,42,46,128,359.375,0.003408969851922872,0.02043089780779264,0.08686907724566872,-0.00783786838524754,19.956397210720183
G3302601,Mangaratiba,RJ,3302601,43660,56,32,46,88,522.7272727272727,0.0023436667731969747,0.003589372976157904,0.1263930990696524,-0.022905403914188528,18.381865984476082
G3302700,Maricá,RJ,3302700,212470,363,158,46,521,88.29174664107485,0.013875572600404815,0.017770286009887913,0.02127892509784476,0.00840255842454814,21.65349353350233
G3302809,Mendes,RJ,3302809,18048,4,6,46,10,761.8113971285813,0.00026632576968147435,0.0014378325187211823,0.18424087793944513,-0.03616651227252796,16.996103252096475
G3302858,Mesquita,RJ,3302858,178830,81,37,46,118,389.8305084745763,0.0031426440822413977,0.014944352034088625,0.09423796267047925,-0.01161279408756384,19.561924047963604
G3302908,Miguel Pereira,RJ,3302908,28142,24,15,46,39,1179.4871794871794,0.0010386705017577502,0.002285780721804357,0.28529993553120725,-0.05573020661681661,14.951731258639985
G3303005,Miracema,RJ,3303005,28416,6,7,46,13,761.8113971285813,0.0003462235005859167,0.00230879813884862,0.18424087793944513,-0.03578616693211521,17.035848677888637
G3303104,Natividade,RJ,3303104,15551,4,4,46,8,761.8113971285813,0.0002130606157451795,0.0012280716050002902,0.18424087793944513,-0.036271722699590836,16.985108945667346
G3303203,Nilópolis,RJ,3303203,155500,64,21,46,85,541.1764705882352,0.0022637690422925324,0.012984511378458503,0.1308569885933023,-0.02007208555036005,18.677942819945958
G3303302,Niterói,RJ,3303302,516787,1013,803,46,1816,25.330396475770925,0.04836475977415575,0.04333448784440965,0.006045064335125899,0.03547068618040098,24.482065751280963
G3303401,Nova Friburgo,RJ,3303401,203417,148,71,46,219,210.0456621004566,0.0058325343560242885,0.017009787190538597,0.05073798514904073,-0.0010106684111829932,20.669827720064603
G3303500,Nova Iguaçu,RJ,3303500,843220,435,261,46,696,66.0919540229885,0.018536273569830616,0.07075654805612452,0.01590755760306815,0.03253561712976842,24.175356146214686
G3303609,Paracambi,RJ,3303609,43627,32,33,46,65,707.6923076923077,0.0017311175029295835,0.003586600805491989,0.17114645301188622,-0.03210220327900862,17.42081646489158
G3303708,Paraíba do Sul,RJ,3303708,44479,18,16,46,34,1352.9411764705883,0.0009055076169170129,0.0036581732117756094,0.32726812763389884,-0.06362815319530273,14.126409593584109
G3303807,Paraty,RJ,3303807,47668,0,0,46,0,761.8113971285813,0.0,0.00392606570430902,0.18424087793944513,-0.03527774930616542,17.088977434511992
G3303856,Paty do Alferes,RJ,3303856,31370,14,12,46,26,761.8113971285813,0.0006924470011718334,0.0025569494160338486,0.18424087793944513,-0.03554841702100675,17.060693129614535
G3303906,Petrópolis,RJ,3303906,294926,367,213,46,580,79.3103448275862,0.015446894641525514,0.024697016447120548,0.019105823277100854,0.012236399780038255,22.054123279427973
G3303955,Pinheiral,RJ,3303955,25096,27,14,46,41,1121.9512195121952,0.0010919356556940449,0.0020299009688232446,0.271378779126412,-0.05302702117547549,15.234209430305473
G3304003,Piraí,RJ,3304003,29066,14,7,46,21,761.8113971285813,0.0005592841163310962,0.0023634015004499733,0.18424087793944513,-0.0356791013411766,17.047036845712455
G3304102,Porciúncula,RJ,3304102,17832,10,3,46,13,761.8113971285813,0.0003462235005859167,0.001419687401635194,0.18424087793944513,-0.03614181122700058,16.99868446834309
G3304110,Porto Real,RJ,3304110,21089,6,2,46,8,761.8113971285813,0.0002130606157451795,0.001693292245843823,0.18424087793944513,-0.036085634443253425,17.004554844426156
G3304128,Quatis,RJ,3304128,14165,5,1,46,6,761.8113971285813,0.00015979546180888463,0.0011116404370318652,0.18424087793944513,-0.036339601228352725,16.978015757606045
G3304144,Queimados,RJ,3304144,149135,40,38,46,78,589.7435897435897,0.0020773410035155003,0.012449818460623709,0.14260808238205594,-0.022710752690755502,18.402206698386014
G3304151,Quissamã,RJ,3304151,23142,4,0,46,4,761.8113971285813,0.00010653030787258975,0.001865754863332406,0.18424087793944513,-0.036059261519407027,17.00731076904593
G3304201,Resende,RJ,3304201,137697,331,93,46,424,108.49056603773585,0.011292212634494514,0.011488967306783275,0.02616614561411644,0.003879242853687827,21.180814932625903
G3304300,Rio Bonito,RJ,3304300,59126,27,18,46,45,1022.2222222222222,0.0011984659635666348,0.004888596961583343,0.24724877469143358,-0.04701492976822673,15.862462513735391
G3304409,Rio Claro,RJ,3304409,17951,13,2,46,15,761.8113971285813,0.0003994886545222116,0.0014296840170668265,0.18424087793944513,-0.03611650651925341,17.001328766240537
G3304508,Rio das Flores,RJ,3304508,9267,5,2,46,7,761.8113971285813,0.00018642803877703208,0.0007001831060727421,0.18424087793944513,-0.03649353112994912,16.96193035092154
G3304524,Rio das Ostras,RJ,3304524,168455,160,99,46,259,177.60617760617762,0.006897837434750187,0.014072798377759328,0.04288906531643284,-0.00018955873828276244,20.755632251115433
G3304557,Rio de Janeiro,RJ,3304557,6730729,7932,5916,46,13848,3.3217793183131135,0.36880792585490574,0.565337752453392,0.0007199528424969152,0.3735142807548197,59.807032761770735
G3304607,Santa Maria Madalena,RJ,3304607,10580,0,0,46,0,761.8113971285813,0.0,0.0008104818965074765,0.18424087793944513,-0.03652398282928603,16.95874820136523
G3304706,Santo Antônio de Pádua,RJ,3304706,43697,12,12,46,24,761.8113971285813,0.0006391818472355385,0.0035924811675105963,0.18424087793944513,-0.03515551038199057,17.101751189238243
G3304755,São Francisco de Itabapoana,RJ,3304755,47397,12,2,46,14,761.8113971285813,0.00037285607755406416,0.00390330030277984,0.18424087793944513,-0.03513771303575546,17.103610980929965
G3304805,São Fidélis,RJ,3304805,41212,5,5,46,10,761.8113971285813,0.00026632576968147435,0.0033837283158500366,0.18424087793944513,-0.03538815395367642,17.077440341090533
G3304904,São Gonçalo,RJ,3304904,960196,353,139,46,492,93.49593495934958,0.01310322786832854,0.08058313702024751,0.02253810839069692,0.032966924277291046,24.220426992111964
G3305000,São João da Barra,RJ,3305000,38740,16,10,46,26,761.8113971285813,0.0006924470011718334,0.0031760675314215043,0.18424087793944513,-0.03530076977485169,17.086571835618948
G3305109,São João de Meriti,RJ,3305109,466503,164,55,46,219,210.0456621004566,0.0058325343560242885,0.03911037179092893,0.05073798514904073,0.007829565428973142,21.593616763195794
G3305133,São José de Ubá,RJ,3305133,7318,0,0,46,0,761.8113971285813,0.0,0.0005364570264403757,0.18424087793944513,-0.03663359277731287,16.947294152656085
G3305158,São José do Vale do Rio Preto,RJ,3305158,22813,15,6,46,21,761.8113971285813,0.0005592841163310962,0.0018381171618449517,0.18424087793944513,-0.03588921507661861,17.02508032622187
G3305208,São Pedro da Aldeia,RJ,3305208,110677,100,54,46,154,298.7012987012987,0.004101416853094705,0.009219147567600852,0.07218872628247479,-0.009109519488216736,19.82351188473791
G3305307,São Sebastião do Alto,RJ,3305307,7993,0,0,46,0,761.8113971285813,0.0,0.0005931605173340891,0.18424087793944513,-0.03661091138095539,16.949664319081183
G3305406,Sapucaia,RJ,3305406,18291,9,6,46,15,761.8113971285813,0.0003994886545222116,0.0014582457754429192,0.18424087793944513,-0.036105081815902974,17.002522627847252
G3305505,Saquarema,RJ,3305505,95315,51,46,46,97,474.2268041237113,0.0025833599659103013,0.00792866012003163,0.11465813176521188,-0.018726818318665604,18.818520903195033
G3305554,Seropédica,RJ,3305554,84794,58,17,46,75,613.3333333333333,0.0019974432726110576,0.007044841708634951,0.14831575650802198,-0.026046237309105994,18.05365436372171
G3305604,Silva Jardim,RJ,3305604,22028,13,3,46,16,761.8113971285813,0.000426121231490359,0.0017721731020648554,0.18424087793944513,-0.03596885785446694,17.016757794615682
G3305703,Sumidouro,RJ,3305703,15693,2,0,46,2,761.8113971285813,5.3265153936294876e-05,0.0012400003393808936,0.18424087793944513,-0.036330869390562154,16.97892821945074
G3305752,Tanguá,RJ,3305752,32865,4,4,46,8,761.8113971285813,0.0002130606157451795,0.002682537147716962,0.18424087793944513,-0.03568993648250417,17.045904592310546
G3305802,Teresópolis,RJ,3305802,176735,137,96,46,233,197.42489270386267,0.006205390433578353,0.014768361199388878,0.047684317411590495,-0.0011473628291312071,20.65554339140984
G3305901,Trajano de Moraes,RJ,3305901,10654,0,0,46,0,761.8113971285813,0.0,0.0008166982792128613,0.18424087793944513,-0.03652149627620388,16.959008041832572
G3306008,Três Rios,RJ,3306008,82319,103,74,46,177,259.8870056497175,0.004713966123362097,0.006836928908691335,0.06279738485795437,-0.007939118958769503,19.945816702090934
G3306107,Valença,RJ,3306107,71449,33,29,46,62,741.9354838709678,0.001651219772025141,0.005923792692373313,0.17943178642054664,-0.03285635229834995,17.3420092055416
G3306156,Varre-Sai,RJ,3306156,10563,2,0,46,2,761.8113971285813,5.3265153936294876e-05,0.0008090538085886718,0.18424087793944513,-0.03650324800287904,16.960914954619987
G3306206,Vassouras,RJ,3306206,35907,39,26,46,65,707.6923076923077,0.0017311175029295835,0.002938080880011297,0.17114645301188622,-0.032361611249200894,17.393708783703783
G3306305,Volta Redonda,RJ,3306305,279971,422,252,46,674,68.24925816023739,0.017950356876531372,0.023440719104430945,0.016429529745714436,0.013270524443242039,22.16218750605057
G5300108,Brasília,DF,5300108,2996899,21045,16503,13,37548,0.34622350058591667,1.0,0.25167672222572707,0.0,0.5006706888902909,73.09465599927907
G4100103,Abatiá,PR,4100103,7233,0,0,74,0,761.8113971285813,0.0,0.0005293165868463525,0.18424087793944513,-0.036636448953150484,16.946995687254404
G4100202,Adrianópolis,PR,4100202,6319,0,0,74,0,761.8113971285813,0.0,0.00045253585991768,0.18424087793944513,-0.036667161243921956,16.943786306346936
G4100301,Agudos do Sul,PR,4100301,10770,4,2,74,6,761.8113971285813,0.00015979546180888463,0.0008264428791294106,0.18424087793944513,-0.03645368025151371,16.966094698327215
G4100400,Almirante Tamandaré,PR,4100400,125861,117,48,74,165,448.4848484848485,0.004394375199744328,0.010494682094608472,0.10842971755660707,-0.015730320593580295,19.131649697778194
G4100459,Altamira do Paraná,PR,4100459,3496,0,0,74,0,761.8113971285813,0.0,0.00021538926022441647,0.18424087793944513,-0.03676201988379926,16.933873743653525
G4100509,Altônia,PR,4100509,18634,1,1,74,2,761.8113971285813,5.3265153936294876e-05,0.0014870595493340951,0.18424087793944513,-0.03623204570658087,16.989255122348837
G4100608,Alto Paraná,PR,4100608,14183,5,3,74,8,761.8113971285813,0.0002130606157451795,0.0011131525301223643,0.18424087793944513,-0.03631769032954201,16.980305408379145
G4100707,Alto Piquiri,PR,4100707,9771,1,0,74,1,761.8113971285813,2.6632576968147438e-05,0.0007425217126067148,0.18424087793944513,-0.03654051387205908,16.957020736180326
G4100806,Alvorada do Sul,PR,4100806,10481,1,0,74,1,761.8113971285813,2.6632576968147438e-05,0.0008021653845097319,0.18424087793944513,-0.036516656403297876,16.959513800123762
G4100905,Amaporã,PR,4100905,4688,1,0,74,1,761.8113971285813,2.6632576968147438e-05,0.00031552342488412957,0.18424087793944513,-0.03671131318714811,16.939172505159913
G4101002,Ampére,PR,4101002,20337,1,4,74,5,761.8113971285813,0.00013316288484073718,0.0016301203567296416,0.18424087793944513,-0.036142862291260874,16.998574633958064
G4101051,Anahy,PR,4101051,2971,0,0,74,0,761.8113971285813,0.0,0.00017128654508486162,0.18424087793944513,-0.036779660969855084,16.932030280878447
G4101101,Andirá,PR,4101101,19989,6,3,74,9,761.8113971285813,0.00023969319271332693,0.0016008865569799937,0.18424087793944513,-0.0361119436880117,17.00180557416021
G4101150,Ângulo,PR,4101150,3357,1,0,74,1,761.8113971285813,2.6632576968147438e-05,0.00020371254135889623,0.18424087793944513,-0.03675603754055821,16.934498888105384
G4101200,Antonina,PR,4101200,18140,7,1,74,8,761.8113971285813,0.0002130606157451795,0.0014455609945170664,0.18424087793944513,-0.03618472694378413,16.994199850666725
G4101309,Antônio Olinto,PR,4101309,7048,0,0,74,0,761.8113971285813,0.0,0.0005137756300828903,0.18424087793944513,-0.03664266533585587,16.946346086086045
G4101408,Apucarana,PR,4101408,134910,87,48,74,135,548.1481481481482,0.003595397890699904,0.01125484489327101,0.13254382607298537,-0.02056866810100871,18.626050808083605
G4101507,Arapongas,PR,4101507,124838,86,67,74,153,483.66013071895424,0.004074784276126558,0.01040874480396511,0.11694057938591707,-0.017594704245146746,18.9368248525703
G4101606,Arapoti,PR,4101606,26325,2,4,74,6,761.8113971285813,0.00015979546180888463,0.00213314332483565,0.18424087793944513,-0.03593100007323121,17.02071386683449
G4101655,Arapuã,PR,4101655,3573,0,0,74,0,761.8113971285813,0.0,0.0002218576584448845,0.18424087793944513,-0.036759432524511075,16.934144118193867
G4101705,Araruna,PR,4101705,14894,2,5,74,7,761.8113971285813,0.00018642803877703208,0.0011728802071970757,0.18424087793944513,-0.036304452289499384,16.9816887605127
G4101804,Araucária,PR,4101804,162247,156,75,74,231,320.34632034632034,0.006152125279642058,0.013551294271880553,0.07742586374983494,-0.007603804929357945,19.980856434294793
G4101853,Ariranha do Ivaí,PR,4101853,2351,0,0,74,0,761.8113971285813,0.0,0.00011920333863433968,0.18424087793944513,-0.03680049425243529,16.929853239125023
G4101903,Assaí,PR,4101903,13477,7,5,74,12,761.8113971285813,0.00031959092361776926,0.001053844878906125,0.18424087793944513,-0.03629880126687947,16.982279282536567
G4102000,Assis Chateaubriand,PR,4102000,38357,13,5,74,18,761.8113971285813,0.00047938638542665386,0.003143893550662553,0.18424087793944513,-0.035398863613453346,17.07632120029217
G4102109,Astorga,PR,4102109,26203,5,11,74,16,761.8113971285813,0.000426121231490359,0.0021228946938889343,0.18424087793944513,-0.03582856921773731,17.031417712874628
G4102208,Atalaia,PR,4102208,4046,0,0,74,0,761.8113971285813,0.0,0.00026159210465633107,0.18424087793944513,-0.0367435387460265,16.935804990370272
G4102307,Balsa Nova,PR,4102307,13867,8,6,74,14,761.8113971285813,0.00037285607755406416,0.001086606895866937,0.18424087793944513,-0.03626439039852063,16.985875158361722
G4102406,Bandeirantes,PR,4102406,31747,10,4,74,14,761.8113971285813,0.00037285607755406416,0.0025886193657626336,0.18424087793944513,-0.035663585410562346,17.048658233444343
G4102505,Barbosa Ferraz,PR,4102505,10580,0,0,74,0,761.8113971285813,0.0,0.0008104818965074765,0.18424087793944513,-0.03652398282928603,16.95874820136523
G4102604,Barracão,PR,4102604,9903,1,0,74,1,761.8113971285813,2.6632576968147438e-05,0.0007536103952703743,0.18424087793944513,-0.036536078398993616,16.957484235392343
G4102703,Barra do Jacaré,PR,4102703,2872,0,0,74,0,761.8113971285813,0.0,0.00016297003308711694,0.18424087793944513,-0.03678298757465418,16.931682656469434
G4102752,Bela Vista da Caroba,PR,4102752,4122,0,0,74,0,761.8113971285813,0.0,0.00026797649770510473,0.18424087793944513,-0.036740984988806985,16.93607185355295
G4102802,Bela Vista do Paraíso,PR,4102802,14982,5,1,74,6,761.8113971285813,0.00015979546180888463,0.0011802726623061821,0.18424087793944513,-0.036312148338243,16.98088453681983
G4102901,Bituruna,PR,4102901,15650,4,0,74,4,761.8113971285813,0.00010653030787258975,0.0012363881169980347,0.18424087793944513,-0.036311008217940775,16.981003677406164
G4103008,Boa Esperança,PR,4103008,4595,2,0,74,2,761.8113971285813,5.3265153936294876e-05,0.00030771094391655125,0.18424087793944513,-0.036703785148747885,16.939959172064448
G4103024,Boa Esperança do Iguaçu,PR,4103024,2421,1,0,74,1,761.8113971285813,2.6632576968147438e-05,0.00012508370065294697,0.18424087793944513,-0.03678748907684059,16.93121225732925
G4103040,Boa Ventura de São Roque,PR,4103040,6241,0,0,74,0,761.8113971285813,0.0,0.0004459834565255175,0.18424087793944513,-0.03666978220527882,16.943512420448926
G4103057,Boa Vista da Aparecida,PR,4103057,8023,1,0,74,1,761.8113971285813,2.6632576968147438e-05,0.0005956806724849207,0.18424087793944513,-0.0365992502881078,16.950882882978735
G4103107,Bocaiúva do Sul,PR,4103107,13405,8,1,74,9,761.8113971285813,0.00023969319271332693,0.0010477965065441288,0.18424087793944513,-0.036333179708186045,16.978686795281913
G4103156,Bom Jesus do Sul,PR,4103156,4072,1,0,74,1,761.8113971285813,2.6632576968147438e-05,0.0002637762391203852,0.18424087793944513,-0.036732012061453614,16.937009508837157
G4103206,Bom Sucesso,PR,4103206,6674,2,1,74,3,761.8113971285813,7.989773090444231e-05,0.0004823576958691885,0.18424087793944513,-0.03662327341717957,16.9483725078213
G4103222,Bom Sucesso do Sul,PR,4103222,3244,0,1,74,1,761.8113971285813,2.6632576968147438e-05,0.0001942199569574301,0.18424087793944513,-0.03675983457431879,16.934102104689035
G4103305,Borrazópolis,PR,4103305,7818,1,1,74,2,761.8113971285813,5.3265153936294876e-05,0.0005784596122875708,0.18424087793944513,-0.03659548568139948,16.951276277824586
G4103354,Braganey,PR,4103354,4745,0,0,74,0,761.8113971285813,0.0,0.0003203117196707098,0.18424087793944513,-0.03672005090002074,16.93825942937937
G4103370,Brasilândia do Sul,PR,4103370,3861,1,1,74,2,761.8113971285813,5.3265153936294876e-05,0.00024605114789286886,0.18424087793944513,-0.03672844906715736,16.937381835537007
G4103404,Cafeara,PR,4103404,2648,0,0,74,0,761.8113971285813,0.0,0.00014415287462757358,0.18424087793944513,-0.036790514438038,16.930896112352066
G4103453,Cafelândia,PR,4103453,20145,3,6,74,9,761.8113971285813,0.00023969319271332693,0.0016139913637643185,0.18424087793944513,-0.03610670176529797,17.002353345956234
G4103479,Cafezal do Sul,PR,4103479,4580,0,1,74,1,761.8113971285813,2.6632576968147438e-05,0.00030645086634113544,0.18424087793944513,-0.036714942210565316,16.938793278531897
G4103503,Califórnia,PR,4103503,8963,1,2,74,3,761.8113971285813,7.989773090444231e-05,0.0006746455338776476,0.18424087793944513,-0.03654635828197619,16.956410005520638
G4103602,Cambará,PR,4103602,23393,2,4,74,6,761.8113971285813,0.00015979546180888463,0.001886840161427698,0.18424087793944513,-0.03602952133859439,17.010418566155394
G4103701,Cambé,PR,4103701,110923,118,50,74,168,440.4761904761905,0.0044742729306487695,0.009239812839837672,0.10649197669368382,-0.01581276103054219,19.12303481566609
G4103800,Cambira,PR,4103800,10045,4,0,74,4,761.8113971285813,0.00010653030787258975,0.0007655391296509778,0.18424087793944513,-0.0364993478128796,16.961322517683676
G4103909,Campina da Lagoa,PR,4103909,16014,0,4,74,4,761.8113971285813,0.00010653030787258975,0.0012669659994947928,0.18424087793944513,-0.03629877706494207,16.982281811596884
G4103958,Campina do Simão,PR,4103958,3954,0,0,74,0,761.8113971285813,0.0,0.0002538636288604472,0.18424087793944513,-0.03674663013634485,16.935481945464925
G4104006,Campina Grande do Sul,PR,4104006,50600,63,34,74,97,762.8865979381443,0.0025833599659103013,0.004172368867716972,0.1845010289587902,-0.03419791425830713,17.20181831673722
G4104055,Campo Bonito,PR,4104055,3997,0,0,74,0,761.8113971285813,0.0,0.00025747585124330594,0.18424087793944513,-0.036745185247391704,16.935632933844598
G4104105,Campo do Tenente,PR,4104105,7693,0,0,74,0,761.8113971285813,0.0,0.000567958965825772,0.18424087793944513,-0.036620992001558716,16.948610911781138
G4104204,Campo Largo,PR,4104204,144504,153,54,74,207,357.48792270531396,0.00551294343240652,0.01206079051050699,0.08641248804165294,-0.010253004031165185,19.704019741106222
G4104253,Campo Magro,PR,4104253,31888,22,8,74,30,2466.666666666667,0.0007989773090444232,0.0026004640949715426,0.5967404150132681,-0.11798830644104724,8.44586823468445
G4104303,Campo Mourão,PR,4104303,104122,49,55,74,104,711.5384615384615,0.0027697880046873334,0.008668493667144124,0.1720770520541633,-0.02984009774210008,17.657202554579634
G4104402,Cândido de Abreu,PR,4104402,15081,0,1,74,1,761.8113971285813,2.6632576968147438e-05,0.0011885891743039266,0.18424087793944513,-0.0363620868873802,16.9756660453911
G4104428,Candói,PR,4104428,15174,1,1,74,2,761.8113971285813,5.3265153936294876e-05,0.001196401655271505,0.18424087793944513,-0.036348308864205904,16.977105824821663
G4104451,Cantagalo,PR,4104451,10672,0,1,74,1,761.8113971285813,2.6632576968147438e-05,0.0008182103723033603,0.18424087793944513,-0.03651023840818042,16.960184469438122
G4104501,Capanema,PR,4104501,21088,1,6,74,7,761.8113971285813,0.00018642803877703208,0.0016932082406721286,0.18424087793944513,-0.03609632107610936,17.00343810990094
G4104600,Capitão Leônidas Marques,PR,4104600,14776,8,4,74,12,761.8113971285813,0.00031959092361776926,0.0011629675969371377,0.18424087793944513,-0.036255152179667065,16.98684053614576
G4104659,Carambeí,PR,4104659,24469,8,10,74,18,761.8113971285813,0.00047938638542665386,0.0019772297261708618,0.18424087793944513,-0.035865529143250016,17.02755546501547
G4104709,Carlópolis,PR,4104709,17788,4,3,74,7,761.8113971285813,0.00018642803877703208,0.0014159911740806409,0.18424087793944513,-0.03620720790274596,16.991850629600457
G4104808,Cascavel,PR,4104808,368195,498,296,74,794,93.19899244332494,0.021146266112709065,0.030851991371996824,0.022466261441230713,0.016306050705636215,22.47939471482359
G4104907,Castro,PR,4104907,75644,17,21,74,38,1947.3684210526317,0.0010120379247896027,0.00627619438763128,0.4710932180068757,-0.0913033506764068,11.234399646584295
G4105003,Catanduvas,PR,4105003,10621,0,1,74,1,761.8113971285813,2.6632576968147438e-05,0.0008139261085469465,0.18424087793944513,-0.03651195211368299,16.960005390197114
G4105102,Centenário do Sul,PR,4105102,10903,1,0,74,1,761.8113971285813,2.6632576968147438e-05,0.0008376155669647645,0.18424087793944513,-0.036502476330315864,16.960995593059156
G4105201,Cerro Azul,PR,4105201,16287,2,2,74,4,761.8113971285813,0.00010653030787258975,0.0012898994113673613,0.18424087793944513,-0.036289603700193046,16.983240412239923
G4105300,Céu Azul,PR,4105300,11255,1,2,74,3,761.8113971285813,7.989773090444231e-05,0.0008671853874011898,0.18424087793944513,-0.03646934234056677,16.96445803729297
G4105409,Chopinzinho,PR,4105409,21604,11,5,74,16,761.8113971285813,0.000426121231490359,0.0017365549092664338,0.18424087793944513,-0.035983105131586306,17.015268978964954
G4105508,Cianorte,PR,4105508,82988,76,49,74,125,592.0,0.00332907212101843,0.006893128368554881,0.14315403382019184,-0.024541926568209044,18.21085221674599
G4105607,Cidade Gaúcha,PR,4105607,11705,5,3,74,8,761.8113971285813,0.0002130606157451795,0.0009049877146636654,0.18424087793944513,-0.03640095625572549,16.97160426408078
G4105706,Clevelândia,PR,4105706,14833,2,1,74,3,761.8113971285813,7.989773090444231e-05,0.001167755891723718,0.18424087793944513,-0.03634911413883776,16.97702167502483
G4105805,Colombo,PR,4105805,241672,342,127,74,469,157.78251599147123,0.012490678598061149,0.020223405033707495,0.038092616383034496,0.0054671101761005585,21.34674430292467
G4105904,Colorado,PR,4105904,23313,1,4,74,5,761.8113971285813,0.00013316288484073718,0.0018801197476921469,0.18424087793944513,-0.036042862534875875,17.009024434374503
G4106001,Congonhinhas,PR,4106001,8445,0,1,74,1,761.8113971285813,2.6632576968147438e-05,0.0006311308549399534,0.18424087793944513,-0.03658507021512578,16.95236467591413
G4106100,Conselheiro Mairinck,PR,4106100,3474,0,1,74,1,761.8113971285813,2.6632576968147438e-05,0.00021354114644713988,0.18424087793944513,-0.03675210609852291,16.9349097169524
G4106209,Contenda,PR,4106209,20006,11,0,74,11,761.8113971285813,0.00029295834664962183,0.0016023146448987983,0.18424087793944513,-0.03609006639126966,17.004091713575644
G4106308,Corbélia,PR,4106308,17933,3,6,74,9,761.8113971285813,0.00023969319271332693,0.0014281719239763275,0.18424087793944513,-0.03618102954121316,16.994586222797242
G4106407,Cornélio Procópio,PR,4106407,45720,19,13,74,32,2312.5,0.000852242462980718,0.0037624236298483475,0.5594389034019953,-0.11004191424326744,9.27625238259999
G4106456,Coronel Domingos Soares,PR,4106456,5427,0,0,74,0,761.8113971285813,0.0,0.0003776032467662839,0.18424087793944513,-0.03669713428918251,16.94065417530814
G4106506,Coronel Vivida,PR,4106506,24010,17,6,74,23,761.8113971285813,0.000612549270267391,0.0019386713523631368,0.18424087793944513,-0.03582768733883682,17.031509867684147
G4106555,Corumbataí do Sul,PR,4106555,3770,0,0,74,0,761.8113971285813,0.0,0.00023840667726867938,0.18424087793944513,-0.036752812916981556,16.93483585565423
G4106571,Cruzeiro do Iguaçu,PR,4106571,4129,2,0,74,2,761.8113971285813,5.3265153936294876e-05,0.00026856453390696546,0.18424087793944513,-0.03671944371275172,16.938322879391713
G4106605,Cruzeiro do Oeste,PR,4106605,24859,6,12,74,18,761.8113971285813,0.00047938638542665386,0.002009991743131674,0.18424087793944513,-0.035852424336465696,17.028924894505526
G4106704,Cruzeiro do Sul,PR,4106704,4543,0,2,74,2,761.8113971285813,5.3265153936294876e-05,0.00030334267498844297,0.18424087793944513,-0.036705532456319134,16.939776581465775
G4106803,Cruz Machado,PR,4106803,15759,0,1,74,1,761.8113971285813,2.6632576968147438e-05,0.0012455446807127233,0.18424087793944513,-0.03633930468481668,16.978046745889202
G4106852,Cruzmaltina,PR,4106852,2870,0,0,74,0,761.8113971285813,0.0,0.00016280202274372816,0.18424087793944513,-0.036783054778791534,16.9316756337541
G4106902,Curitiba,PR,4106902,1830795,5865,3863,74,9728,7.6069078947368425,0.2590817087461383,0.1537179554922119,0.0017567643453029664,0.1647685128262795,37.99346349435574
G4107009,Curiúva,PR,4107009,13784,0,0,74,0,761.8113971285813,0.0,0.0010796344666163026,0.18424087793944513,-0.036416321801242504,16.9699985913297
G4107108,Diamante do Norte,PR,4107108,5139,0,0,74,0,761.8113971285813,0.0,0.00035340975731829955,0.18424087793944513,-0.036706811684961704,16.939642904300097
G4107124,Diamante do Sul,PR,4107124,3147,0,0,74,0,761.8113971285813,0.0,0.00018607145530307427,0.18424087793944513,-0.0367737470057678,16.932648279827806
G4107157,Diamante D'Oeste,PR,4107157,4513,1,0,74,1,761.8113971285813,2.6632576968147438e-05,0.0003008225198376113,0.18424087793944513,-0.03671719354916672,16.938558017568223
G4107207,Dois Vizinhos,PR,4107207,47589,28,8,74,36,2055.555555555555,0.0009587727708533077,0.003919429295745163,0.49726971738320735,-0.0975026626500021,10.586582339971262
G4107256,Douradina,PR,4107256,9631,0,2,74,2,761.8113971285813,5.3265153936294876e-05,0.0007307609885695002,0.18424087793944513,-0.03653456513088671,16.95764236927452
G4107306,Doutor Camargo,PR,4107306,6517,0,0,74,0,761.8113971285813,0.0,0.0004691688839131692,0.18424087793944513,-0.03666050803432376,16.944481555164966
G4107405,Enéas Marques,PR,4107405,6146,0,2,74,2,761.8113971285813,5.3265153936294876e-05,0.00043800296521455043,0.18424087793944513,-0.03665166834022869,16.945405287805677
G4107504,Engenheiro Beltrão,PR,4107504,12347,1,4,74,5,761.8113971285813,0.00013316288484073718,0.000958919034891464,0.18424087793944513,-0.03641134281999615,16.970518886200228
G4107520,Esperança Nova,PR,4107520,1852,0,1,74,1,761.8113971285813,2.6632576968147438e-05,7.728475795883896e-05,0.18424087793944513,-0.03680660865391823,16.92921429481683
G4107538,Entre Rios do Oeste,PR,4107538,4770,0,0,74,0,761.8113971285813,0.0,0.00032241184896306954,0.18424087793944513,-0.0367192108483038,16.938347213321045
G4107546,Espigão Alto do Iguaçu,PR,4107546,4880,0,1,74,1,761.8113971285813,2.6632576968147438e-05,0.00033165241784945246,0.18424087793944513,-0.03670486158996199,16.93984668583194
G4107553,Farol,PR,4107553,2994,0,0,74,0,761.8113971285813,0.0,0.00017321866403383258,0.18424087793944513,-0.03677888812227549,16.932111042104783
G4107603,Faxinal,PR,4107603,16596,2,1,74,3,761.8113971285813,7.989773090444231e-05,0.001315857009420928,0.18424087793944513,-0.03628987369175888,16.98321219859142
G4107652,Fazenda Rio Grande,PR,4107652,165943,137,41,74,178,415.7303370786517,0.004740598700330244,0.01386177738646302,0.10050457515094341,-0.012659964595471376,19.4524965532857
G4107702,Fênix,PR,4107702,4488,0,0,74,0,761.8113971285813,0.0,0.00029872239054525154,0.18424087793944513,-0.03672868663167093,16.937357010459003
G4107736,Fernandes Pinheiro,PR,4107736,6400,0,1,74,1,761.8113971285813,2.6632576968147438e-05,0.0004593402788249256,0.18424087793944513,-0.036653786445571795,16.945183949485497
G4107751,Figueira,PR,4107751,8129,0,0,74,0,761.8113971285813,0.0,0.0006045852206845261,0.18424087793944513,-0.03660634149961522,16.950141863723868
G4107801,Floraí,PR,4107801,4805,3,0,74,3,761.8113971285813,7.989773090444231e-05,0.0003253520299723732,0.18424087793944513,-0.0366860756835383,16.941809780342027
G4107850,Flor da Serra do Sul,PR,4107850,4342,0,0,74,0,761.8113971285813,0.0,0.0002864576354778706,0.18424087793944513,-0.03673359253369788,16.936844352239646
G4107900,Floresta,PR,4107900,11522,2,0,74,2,761.8113971285813,5.3265153936294876e-05,0.0008896147682435921,0.18424087793944513,-0.03647102361901707,16.96428234662246
G4108007,Florestópolis,PR,4108007,11653,0,2,74,2,761.8113971285813,5.3265153936294876e-05,0.0009006194457355573,0.18424087793944513,-0.03646662174802028,16.964742334476817
G4108106,Flórida,PR,4108106,2711,1,0,74,1,761.8113971285813,2.6632576968147438e-05,0.00014944520044432016,0.18424087793944513,-0.036777744476924036,16.932230551052623
G4108205,Formosa do Oeste,PR,4108205,7763,1,0,74,1,761.8113971285813,2.6632576968147438e-05,0.0005738393278443793,0.18424087793944513,-0.036607986825964015,16.949969929985365
G4108304,Foz do Iguaçu,PR,4108304,297352,427,208,74,635,116.53543307086613,0.016911686374773624,0.02490081299365114,0.028112647458748575,0.011102470255620191,21.935629618594916
G4108320,Francisco Alves,PR,4108320,8573,0,0,74,0,761.8113971285813,0.0,0.0006418835169168354,0.18424087793944513,-0.03659142218112229,16.951700906527932
G4108403,Francisco Beltrão,PR,4108403,102312,66,42,74,108,685.1851851851852,0.0028763183125599234,0.008516444306377277,0.16570072528300556,-0.028583040009026235,17.78856289881872
G4108452,Foz do Jordão,PR,4108452,4893,1,0,74,1,761.8113971285813,2.6632576968147438e-05,0.00033274448508147954,0.18424087793944513,-0.03670442476306918,16.93989233348161
G4108502,General Carneiro,PR,4108502,10691,0,0,74,0,761.8113971285813,0.0,0.0008198064705655538,0.18424087793944513,-0.03652025299966281,16.959137962066244
G4108551,Godoy Moreira,PR,4108551,2911,0,0,74,0,761.8113971285813,0.0,0.0001662462347831982,0.18424087793944513,-0.03678167709397575,16.93181959941844
G4108601,Goioerê,PR,4108601,28931,10,12,74,22,761.8113971285813,0.0005859166932992437,0.002352060802271231,0.18424087793944513,-0.03567298458966084,17.047676035594986
G4108650,Goioxim,PR,4108650,6469,0,0,74,0,761.8113971285813,0.0,0.00046513663567183846,0.18424087793944513,-0.03666212093362029,16.94431300999696
G4108700,Grandes Rios,PR,4108700,5527,0,0,74,0,761.8113971285813,0.0,0.00038600376393572295,0.18424087793944513,-0.03669377408231474,16.94100531107482
G4108809,Guaíra,PR,4108809,33058,6,14,74,20,761.8113971285813,0.0005326515393629487,0.0026987501458539793,0.18424087793944513,-0.035555614913802255,17.059940962350826
G4108908,Guairaçá,PR,4108908,6762,1,0,74,1,761.8113971285813,2.6632576968147438e-05,0.0004897501509782947,0.18424087793944513,-0.03664162249671045,16.946455060960883
G4108957,Guamiranga,PR,4108957,7916,1,2,74,3,761.8113971285813,7.989773090444231e-05,0.0005866921191136211,0.18424087793944513,-0.0365815396478818,16.952733614043485
G4109005,Guapirama,PR,4109005,4857,1,0,74,1,761.8113971285813,2.6632576968147438e-05,0.0003297202989004815,0.18424087793944513,-0.03670563443754157,16.939765924605606
G4109104,Guaporema,PR,4109104,2210,0,0,74,0,761.8113971285813,0.0,0.00010735860942543065,0.18424087793944513,-0.036805232144118856,16.929358137694003
G4109203,Guaraci,PR,4109203,4743,2,1,74,3,761.8113971285813,7.989773090444231e-05,0.000320143709327321,0.18424087793944513,-0.03668815901179632,16.941592076166685
G4109302,Guaraniaçu,PR,4109302,13770,0,1,74,1,761.8113971285813,2.6632576968147438e-05,0.0010784583942125812,0.18424087793944513,-0.03640613919941674,16.97106265548991
G4109401,Guarapuava,PR,4109401,189630,210,99,74,309,239.4822006472492,0.008229466283157558,0.01585160788838804,0.05786032493973604,-0.001939635319328968,20.572752295738322
G4109500,Guaraqueçaba,PR,4109500,7446,0,0,74,0,761.8113971285813,0.0,0.0005472096884172577,0.18424087793944513,-0.036629291712522126,16.947743606437434
G4109609,Guaratuba,PR,4109609,44913,13,23,74,36,2055.555555555555,0.0009587727708533077,0.003694631456290975,0.49726971738320735,-0.09759258178578377,10.57718594685487
G4109658,Honório Serpa,PR,4109658,4803,0,0,74,0,761.8113971285813,0.0,0.00032518401962898443,0.18424087793944513,-0.03671810198003743,16.93846308812405
G4109708,Ibaiti,PR,4109708,29464,1,6,74,7,761.8113971285813,0.00018642803877703208,0.002396835558784341,0.18424087793944513,-0.035814870148864475,17.032849241718168
G4109757,Ibema,PR,4109757,6343,0,2,74,2,761.8113971285813,5.3265153936294876e-05,0.0004545519840383453,0.18424087793944513,-0.03664504873269917,16.946097025266038
G4109807,Ibiporã,PR,4109807,53276,47,23,74,70,1057.142857142857,0.0018642803877703207,0.00439716670717116,0.25569802313877465,-0.048635025789778345,15.693165300495227
G4109906,Icaraíma,PR,4109906,9149,6,0,74,6,761.8113971285813,0.00015979546180888463,0.0006902704958128041,0.18424087793944513,-0.03650814920484035,16.96040278754931
G4110003,Iguaraçu,PR,4110003,5693,9,4,74,13,761.8113971285813,0.0003462235005859167,0.0003999486224369917,0.18424087793944513,-0.03654970673867986,16.956060097625645
G4110052,Iguatu,PR,4110052,2156,0,0,74,0,761.8113971285813,0.0,0.00010282233015393358,0.18424087793944513,-0.03680704665582745,16.929168524379996
G4110078,Imbaú,PR,4110078,15068,0,2,74,2,761.8113971285813,5.3265153936294876e-05,0.0011874971070718996,0.18424087793944513,-0.03635187068348575,16.97673362090898
G4110102,Imbituva,PR,4110102,30849,11,8,74,19,761.8113971285813,0.0005060189623948013,0.002513182721581071,0.18424087793944513,-0.03564049491429868,17.051071150097286
G4110201,Inácio Martins,PR,4110201,9555,0,0,74,0,761.8113971285813,0.0,0.0007243765955207266,0.18424087793944513,-0.036558424949680736,16.955149059756742
G4110300,Inajá,PR,4110300,2481,0,0,74,0,761.8113971285813,0.0,0.0001301240109546104,0.18424087793944513,-0.036796125983507184,16.930309715621707
G4110409,Indianópolis,PR,4110409,4544,1,0,74,1,761.8113971285813,2.6632576968147438e-05,0.0003034266801601374,0.18424087793944513,-0.03671615188503771,16.938666869655894
G4110508,Ipiranga,PR,4110508,14317,3,0,74,3,761.8113971285813,7.989773090444231e-05,0.0011244092231294126,0.18424087793944513,-0.036366452806275484,16.975209814468755
G4110607,Iporã,PR,4110607,16102,16,2,74,18,761.8113971285813,0.00047938638542665386,0.0012743584546038992,0.18424087793944513,-0.036146677651876805,16.998175935417244
G4110656,Iracema do Oeste,PR,4110656,2328,0,0,74,0,761.8113971285813,0.0,0.00011727121968536871,0.18424087793944513,-0.03680126710001488,16.929772477898688
G4110706,Irati,PR,4110706,61004,26,16,74,42,1761.904761904762,0.0011185682326621924,0.0050463586740254075,0.42621921907602134,-0.08277787305252923,12.125297213187482
G4110805,Iretama,PR,4110805,10832,0,2,74,2,761.8113971285813,5.3265153936294876e-05,0.0008316511997744628,0.18424087793944513,-0.03649420904640472,16.96185950983236
G4110904,Itaguajé,PR,4110904,4530,0,1,74,1,761.8113971285813,2.6632576968147438e-05,0.0003022506077564159,0.18424087793944513,-0.0367166223139992,16.938617710648558
G4110953,Itaipulândia,PR,4110953,12116,4,2,74,6,761.8113971285813,0.00015979546180888463,0.0009395138402300599,0.18424087793944513,-0.03640845186707345,16.970820985746744
G4111001,Itambaracá,PR,4111001,5819,1,0,74,1,761.8113971285813,2.6632576968147438e-05,0.0004105332740704848,0.18424087793944513,-0.03667330924747357,16.94314385068108
G4111100,Itambé,PR,4111100,6228,2,0,74,2,761.8113971285813,5.3265153936294876e-05,0.0004448913892934904,0.18424087793944513,-0.036648912970597115,16.945693219134355
G4111209,Itapejara d'Oeste,PR,4111209,12869,3,1,74,4,761.8113971285813,0.00010653030787258975,0.0010027697345159356,0.18424087793944513,-0.036404455570933615,16.971238591734757
G4111258,Itaperuçu,PR,4111258,33310,4,3,74,7,761.8113971285813,0.00018642803877703208,0.0027199194491209656,0.18424087793944513,-0.03568563659272983,17.04635392330473
G4111308,Itaúna do Sul,PR,4111308,3607,1,1,74,2,761.8113971285813,5.3265153936294876e-05,0.00022471383428249376,0.18424087793944513,-0.03673698399260151,16.936489950689637
G4111407,Ivaí,PR,4111407,13476,4,1,74,5,761.8113971285813,0.00013316288484073718,0.0010537608737344304,0.18424087793944513,-0.03637340608445896,16.97448320900606
G4111506,Ivaiporã,PR,4111506,33566,7,10,74,17,761.8113971285813,0.00045275380845850643,0.0027414247730747293,0.18424087793944513,-0.03557050415527573,17.05838506254292
G4111555,Ivaté,PR,4111555,6788,0,0,74,0,761.8113971285813,0.0,0.0004919342854423489,0.18424087793944513,-0.03665140187371209,16.94543313309267
G4111605,Ivatuba,PR,4111605,2685,1,3,74,4,761.8113971285813,0.00010653030787258975,0.000147261065980266,0.18424087793944513,-0.03674665903834788,16.935478925255932
G4111704,Jaboti,PR,4111704,5655,1,0,74,1,761.8113971285813,2.6632576968147438e-05,0.0003967564259126049,0.18424087793944513,-0.03667881998673673,16.942567988023722
G4111803,Jacarezinho,PR,4111803,41493,9,10,74,19,761.8113971285813,0.0005060189623948013,0.0034073337690961603,0.18424087793944513,-0.03528283449529264,17.088446041102845
G4111902,Jaguapitã,PR,4111902,15908,6,3,74,9,761.8113971285813,0.00023969319271332693,0.0012580614512951874,0.18424087793944513,-0.03624907373028562,16.987475723521946
G4112009,Jaguariaíva,PR,4112009,36384,4,9,74,13,761.8113971285813,0.0003462235005859167,0.0029781513469095207,0.18424087793944513,-0.03551842564889085,17.063827175777806
G4112108,Jandaia do Sul,PR,4112108,21930,11,9,74,20,761.8113971285813,0.0005326515393629487,0.0017639405952388052,0.18424087793944513,-0.035929538734048326,17.020866574234528
G4112207,Janiópolis,PR,4112207,5807,1,0,74,1,761.8113971285813,2.6632576968147438e-05,0.00040952521201015216,0.18424087793944513,-0.036673712472297705,16.943101714389076
G4112306,Japira,PR,4112306,5054,1,1,74,2,761.8113971285813,5.3265153936294876e-05,0.0003462693177242764,0.18424087793944513,-0.0366883617992248,16.941570885233517
G4112405,Japurá,PR,4112405,9393,3,0,74,3,761.8113971285813,7.989773090444231e-05,0.0007107677577062354,0.18424087793944513,-0.03653190939244475,16.957919889317367
G4112504,Jardim Alegre,PR,4112504,12138,1,0,74,1,761.8113971285813,2.6632576968147438e-05,0.0009413619540073364,0.18424087793944513,-0.03646097777549883,16.96533211977767
G4112603,Jardim Olinda,PR,4112603,1349,0,0,74,0,761.8113971285813,0.0,3.5030156596560705e-05,0.18424087793944513,-0.0368341635252504,16.926334858742877
G4112702,Jataizinho,PR,4112702,11996,5,2,74,7,761.8113971285813,0.00018642803877703208,0.0009294332196267329,0.18424087793944513,-0.03640183108452752,16.971512845994276
G4112751,Jesuítas,PR,4112751,10954,0,0,74,0,761.8113971285813,0.0,0.0008418998307211784,0.18424087793944513,-0.03651141565560055,16.960061449132617
G4112801,Joaquim Távora,PR,4112801,12341,2,1,74,3,761.8113971285813,7.989773090444231e-05,0.0009584150038612976,0.18424087793944513,-0.03643285049398273,16.96827137171913
G4112900,Jundiaí do Sul,PR,4112900,3372,0,0,74,0,761.8113971285813,0.0,0.00020497261893431205,0.18424087793944513,-0.0367661865403153,16.93343833530284
G4112959,Juranda,PR,4112959,7899,0,0,74,0,761.8113971285813,0.0,0.0005852640311948164,0.18424087793944513,-0.0366140699754111,16.949334251460503
G4113007,Jussara,PR,4113007,6786,0,0,74,0,761.8113971285813,0.0,0.0004917662750989601,0.18424087793944513,-0.03665146907784944,16.94542611037734
G4113106,Kaloré,PR,4113106,4666,0,1,74,1,761.8113971285813,2.6632576968147438e-05,0.000313675311106853,0.18424087793944513,-0.03671205243265903,16.939095255291242
G4113205,Lapa,PR,4113205,45878,9,6,74,15,761.8113971285813,0.0003994886545222116,0.0037756964469760615,0.18424087793944513,-0.03517810154728972,17.099390451801625
G4113254,Laranjal,PR,4113254,5525,0,0,74,0,761.8113971285813,0.0,0.00038583575359233416,0.18424087793944513,-0.03669384128645209,16.940998288359488
G4113304,Laranjeiras do Sul,PR,4113304,33179,5,10,74,15,761.8113971285813,0.0003994886545222116,0.0027089147716290005,0.18424087793944513,-0.03560481421742854,17.05479972079077
G4113403,Leópolis,PR,4113403,3725,3,0,74,3,761.8113971285813,7.989773090444231e-05,0.00023462644454243182,0.18424087793944513,-0.036722365917710276,16.93801751406187
G4113429,Lidianópolis,PR,4113429,3987,0,0,74,0,761.8113971285813,0.0,0.000256635799526362,0.18424087793944513,-0.03674552126807848,16.93559782026793
G4113452,Lindoeste,PR,4113452,5217,0,1,74,1,761.8113971285813,2.6632576968147438e-05,0.00035996216071046194,0.18424087793944513,-0.03669353769281758,16.94103001336566
G4113502,Loanda,PR,4113502,23966,22,4,74,26,761.8113971285813,0.0006924470011718334,0.0019349751248085834,0.18424087793944513,-0.03579720673749686,17.034695037449453
G4113601,Lobato,PR,4113601,4707,1,1,74,2,761.8113971285813,5.3265153936294876e-05,0.00031711952314632296,0.18424087793944513,-0.036700021717055976,16.940352444123132
G4113700,Londrina,PR,4113700,581382,1094,629,74,1723,42.94834590829947,0.04588793011611803,0.04876080191000878,0.010307828521013114,0.03579792710624811,24.51626185821973
G4113734,Luiziana,PR,4113734,6659,1,0,74,1,761.8113971285813,2.6632576968147438e-05,0.00048109761829377256,0.18424087793944513,-0.03664508350978426,16.946093391121202
G4113759,Lunardelli,PR,4113759,4864,0,1,74,1,761.8113971285813,2.6632576968147438e-05,0.0003303083351023422,0.18424087793944513,-0.03670539922306083,16.939790504109272
G4113809,Lupionópolis,PR,4113809,4929,0,0,74,0,761.8113971285813,0.0,0.0003357686712624776,0.18424087793944513,-0.036713868119384034,16.938905519190065
G4113908,Mallet,PR,4113908,13681,2,2,74,4,761.8113971285813,0.00010653030787258975,0.0010709819339317804,0.18424087793944513,-0.036377170691167277,16.97408981416021
G4114005,Mamborê,PR,4114005,13551,0,1,74,1,761.8113971285813,2.6632576968147438e-05,0.0010600612616115097,0.18424087793944513,-0.036413498052457166,16.970293668160878
G4114104,Mandaguaçu,PR,4114104,34521,21,9,74,30,2466.666666666667,0.0007989773090444232,0.002821649712042872,0.5967404150132681,-0.11789983219421872,8.45511363942117
G4114203,Mandaguari,PR,4114203,38313,22,11,74,33,2242.424242424242,0.0008788750399488655,0.0031401973231079995,0.5424836708514167,-0.1068891052250606,9.605715435135403
G4114302,Mandirituba,PR,4114302,29104,8,6,74,14,761.8113971285813,0.00037285607755406416,0.0023665936969743603,0.18424087793944513,-0.035752395678077656,17.039377715130954
G4114351,Manfrinópolis,PR,4114351,2790,0,0,74,0,761.8113971285813,0.0,0.00015608160900817698,0.18424087793944513,-0.03678574294428576,16.931394725140752
G4114401,Mangueirinha,PR,4114401,16737,0,2,74,2,761.8113971285813,5.3265153936294876e-05,0.001327701738629837,0.18424087793944513,-0.036295788830862576,16.982594076854895
G4114500,Manoel Ribas,PR,4114500,14675,0,0,74,0,761.8113971285813,0.0,0.0011544830745960043,0.18424087793944513,-0.036386382358050626,16.973127211010826
G4114609,Marechal Cândido Rondon,PR,4114609,58734,33,21,74,54,1370.3703703703704,0.0014381591562799617,0.004855666934279142,0.3314852213331065,-0.06377951383039765,14.110592670775244
G4114708,Maria Helena,PR,4114708,5926,1,0,74,1,761.8113971285813,2.6632576968147438e-05,0.0004195218274417846,0.18424087793944513,-0.03666971382612505,16.94351956595143
G4114807,Marialva,PR,4114807,44749,26,14,74,40,1850.0,0.0010653030787258974,0.003680854608133095,0.44753436856817713,-0.08760841063889183,11.620514446645151
G4114906,Marilândia do Sul,PR,4114906,8761,2,0,74,2,761.8113971285813,5.3265153936294876e-05,0.0006576764891953808,0.18424087793944513,-0.036563798930636354,16.95458748810439
G4115002,Marilena,PR,4115002,7450,1,1,74,2,761.8113971285813,5.3265153936294876e-05,0.0005475457091040352,0.18424087793944513,-0.03660785124267289,16.9499840982032
G4115101,Mariluz,PR,4115101,9910,0,0,74,0,761.8113971285813,0.0,0.0007541984314722351,0.18424087793944513,-0.03654649621530013,16.956395591728462
G4115200,Maringá,PR,4115200,429660,926,740,74,1666,44.41776710684274,0.04436987322893363,0.03601536925019252,0.010663363430630273,0.03002142430552441,23.912627373950144
G4115309,Mariópolis,PR,4115309,6506,0,0,74,0,761.8113971285813,0.0,0.0004682448270245309,0.18424087793944513,-0.03666087765707921,16.944442930230633
G4115358,Maripá,PR,4115358,6824,1,2,74,3,761.8113971285813,7.989773090444231e-05,0.0004949584716233469,0.18424087793944513,-0.03661823310687791,16.948899211471325
G4115408,Marmeleiro,PR,4115408,16605,4,1,74,5,761.8113971285813,0.00013316288484073718,0.0013166130559661773,0.18424087793944513,-0.03626826521156626,16.98547024714552
G4115457,Marquinho,PR,4115457,4491,0,0,74,0,761.8113971285813,0.0,0.0002989744060603347,0.18424087793944513,-0.03672858582546489,16.937367544532
G4115507,Marumbi,PR,4115507,4780,0,0,74,0,761.8113971285813,0.0,0.00032325190068001347,0.18424087793944513,-0.03671887482761702,16.93838232689771
G4115606,Matelândia,PR,4115606,19223,7,2,74,9,761.8113971285813,0.00023969319271332693,0.001536538595462091,0.18424087793944513,-0.036137682872618856,16.99911587418743
G4115705,Matinhos,PR,4115705,42063,33,16,74,49,1510.204081632653,0.0013049962714392245,0.0034552167169619626,0.36531879195557604,-0.07115967319575474,13.339378867888044
G4115739,Mato Rico,PR,4115739,3249,0,0,74,0,761.8113971285813,0.0,0.0001946399828159021,0.18424087793944513,-0.036770319594762665,16.93300643830982
G4115754,Mauá da Serra,PR,4115754,9689,4,0,74,4,761.8113971285813,0.00010653030787258975,0.0007356332885277748,0.18424087793944513,-0.03651131014932888,16.96007247435429
G4115804,Medianeira,PR,4115804,57910,42,6,74,48,1541.6666666666667,0.001278363694471077,0.004786446672802964,0.3729313453456317,-0.07216034492221672,13.23481041490463
G4115853,Mercedes,PR,4115853,6194,0,0,74,0,761.8113971285813,0.0,0.0004420352134558812,0.18424087793944513,-0.036671361502506675,16.943347386638585
G4115903,Mirador,PR,4115903,2248,0,1,74,1,761.8113971285813,2.6632576968147438e-05,0.00011055080594981748,0.18424087793944513,-0.03679330223472184,16.93060479245289
G4116000,Miraselva,PR,4116000,2017,0,1,74,1,761.8113971285813,2.6632576968147438e-05,9.114561128841334e-05,0.18424087793944513,-0.0368010643125864,16.929793668831856
G4116059,Missal,PR,4116059,11423,5,2,74,7,761.8113971285813,0.00018642803877703208,0.0008812982562458474,0.18424087793944513,-0.03642108506987987,16.969500838051193
G4116109,Moreira Sales,PR,4116109,11043,2,0,74,2,761.8113971285813,5.3265153936294876e-05,0.0008493762910019791,0.18424087793944513,-0.036487119009913714,16.96260040630006
G4116208,Morretes,PR,4116208,19089,11,7,74,18,761.8113971285813,0.00047938638542665386,0.0015252819024550426,0.18424087793944513,-0.036046308272736347,17.008664360768016
G4116307,Munhoz de Melo,PR,4116307,4057,0,0,74,0,761.8113971285813,0.0,0.00026251616154496937,0.18424087793944513,-0.03674316912327104,16.935843615304606
G4116406,Nossa Senhora das Graças,PR,4116406,3669,0,1,74,1,761.8113971285813,2.6632576968147438e-05,0.00022992215492754597,0.18424087793944513,-0.03674555369513075,16.93559443169743
G4116505,Nova Aliança do Ivaí,PR,4116505,1322,1,0,74,1,761.8113971285813,2.6632576968147438e-05,3.276201696081217e-05,0.18424087793944513,-0.036824417750317445,16.92735327525342
G4116604,Nova América da Colina,PR,4116604,3286,0,1,74,1,761.8113971285813,2.6632576968147438e-05,0.0001977481741685945,0.18424087793944513,-0.03675842328743433,16.934249581711043
G4116703,Nova Aurora,PR,4116703,14331,19,1,74,20,761.8113971285813,0.0005326515393629487,0.0011255852955331341,0.18424087793944513,-0.036184880853930596,16.994183767324415
G4116802,Nova Cantu,PR,4116802,6739,0,0,74,0,761.8113971285813,0.0,0.0004878180320293238,0.18424087793944513,-0.036653048375077296,16.945261076567
G4116901,Nova Esperança,PR,4116901,27142,6,21,74,27,761.8113971285813,0.0007190795781399808,0.0022017755501099667,0.18424087793944513,-0.035679833536589045,17.046960332566798
G4116950,Nova Esperança do Sudoeste,PR,4116950,5783,0,0,74,0,761.8113971285813,0.0,0.00040750908788948683,0.18424087793944513,-0.03668517195273323,16.941904218637525
G4117008,Nova Fátima,PR,4117008,7140,0,2,74,2,761.8113971285813,5.3265153936294876e-05,0.0005215041058787743,0.18424087793944513,-0.036618267883962996,16.94889557732649
G4117057,Nova Laranjeiras,PR,4117057,12298,1,0,74,1,761.8113971285813,2.6632576968147438e-05,0.0009548027814784389,0.18424087793944513,-0.03645560144451039,16.96589393700436
G4117107,Nova Londrina,PR,4117107,13074,3,4,74,7,761.8113971285813,0.00018642803877703208,0.0010199907947132855,0.18424087793944513,-0.0363656080544929,16.9752980895591
G4117206,Nova Olímpia,PR,4117206,5982,0,1,74,1,761.8113971285813,2.6632576968147438e-05,0.0004242261170566705,0.18424087793944513,-0.036667832110279096,16.94371620198077
G4117214,Nova Santa Bárbara,PR,4117214,4308,0,0,74,0,761.8113971285813,0.0,0.00028360145964026126,0.18424087793944513,-0.036734735004032924,16.936724966078977
G4117222,Nova Santa Rosa,PR,4117222,8581,6,2,74,8,761.8113971285813,0.0002130606157451795,0.0006425555582903905,0.18424087793944513,-0.0365059291182748,16.960634782729656
G4117255,Nova Prata do Iguaçu,PR,4117255,13340,1,2,74,3,761.8113971285813,7.989773090444231e-05,0.0010423361703839934,0.18424087793944513,-0.03639928202737365,16.971779218028278
G4117271,Nova Tebas,PR,4117271,6852,0,0,74,0,761.8113971285813,0.0,0.0004973106164307898,0.18424087793944513,-0.03664925134131671,16.94565785998335
G4117297,Novo Itacolomi,PR,4117297,3227,0,0,74,0,761.8113971285813,0.0,0.0001927918690386255,0.18424087793944513,-0.036771058840273575,16.93292918844115
G4117305,Ortigueira,PR,4117305,24706,1,2,74,3,761.8113971285813,7.989773090444231e-05,0.001997138951862432,0.18424087793944513,-0.036017360914782276,17.011689309269276
G4117404,Ourizona,PR,4117404,3193,4,0,74,4,761.8113971285813,0.00010653030787258975,0.00018993569320101625,0.18424087793944513,-0.03672958918745958,16.937262694950675
G4117453,Ouro Verde do Oeste,PR,4117453,7102,0,0,74,0,761.8113971285813,0.0,0.0005183119093543874,0.18424087793944513,-0.036640850824147274,16.94653569940005
G4117503,Paiçandu,PR,4117503,48695,7,5,74,12,761.8113971285813,0.00031959092361776926,0.0040123390156391586,0.18424087793944513,-0.035115403612186256,17.105942276846392
G4117602,Palmas,PR,4117602,50238,5,0,74,5,761.8113971285813,0.00013316288484073718,0.004141958995563603,0.18424087793944513,-0.03513812683572729,17.103567739553444
G4117701,Palmeira,PR,4117701,34948,5,10,74,15,761.8113971285813,0.0003994886545222116,0.0028575199203563764,0.18424087793944513,-0.03554537215793759,17.061011312503357
G4117800,Palmital,PR,4117800,12879,1,4,74,5,761.8113971285813,0.00013316288484073718,0.0010036097862328795,0.18424087793944513,-0.03639346651945958,16.972386928478976
G4117909,Palotina,PR,4117909,37039,9,16,74,25,761.8113971285813,0.000665814424203686,0.0030331747343693466,0.18424087793944513,-0.03536857992445981,17.07948579306015
G4118006,Paraíso do Norte,PR,4118006,13728,1,0,74,1,761.8113971285813,2.6632576968147438e-05,0.0010749301770014168,0.18424087793944513,-0.0364075504863012,16.970915178467905
G4118105,Paranacity,PR,4118105,9549,1,2,74,3,761.8113971285813,7.989773090444231e-05,0.0007238725644905602,0.18424087793944513,-0.036526667469731024,16.95846766111339
G4118204,Paranaguá,PR,4118204,150104,63,53,74,116,637.9310344827587,0.0030893789283051028,0.012531219471995573,0.15426731176230896,-0.024605222992341524,18.20423785063982
G4118303,Paranapoema,PR,4118303,2352,0,0,74,0,761.8113971285813,0.0,0.00011928734380603407,0.18424087793944513,-0.036800460650366615,16.92985675048269
G4118402,Paranavaí,PR,4118402,96209,66,50,74,116,637.9310344827587,0.0030893789283051028,0.008003760743526414,0.15426731176230896,-0.026416206483729186,18.014993229186928
G4118451,Pato Bragado,PR,4118451,6004,6,2,74,8,761.8113971285813,0.0002130606157451795,0.0004260742308339471,0.18424087793944513,-0.03659252164925737,16.95158601402228
G4118501,Pato Branco,PR,4118501,97821,140,82,74,222,333.3333333333333,0.005912432086928731,0.008139177080297771,0.08056814623025103,-0.010492985579159607,19.678942087211606
G4118600,Paula Freitas,PR,4118600,5706,0,0,74,0,761.8113971285813,0.0,0.00040104068966901875,0.18424087793944513,-0.036687759312021416,16.941633844097183
G4118709,Paulo Frontin,PR,4118709,6414,0,2,74,2,761.8113971285813,5.3265153936294876e-05,0.00046051635122864703,0.18424087793944513,-0.03664266298582305,16.946346331660383
G4118808,Peabiru,PR,4118808,13494,5,1,74,6,761.8113971285813,0.00015979546180888463,0.0010552729668249295,0.18424087793944513,-0.0363621482164355,16.975659636611613
G4118857,Perobal,PR,4118857,7599,0,1,74,1,761.8113971285813,2.6632576968147438e-05,0.0005600624796864993,0.18424087793944513,-0.036613497565227165,16.949394067328008
G4118907,Pérola,PR,4118907,12389,5,4,74,9,761.8113971285813,0.00023969319271332693,0.0009624472521026284,0.18424087793944513,-0.03636731940996264,16.97511925589243
G4119004,Pérola d'Oeste,PR,4119004,6218,10,1,74,11,761.8113971285813,0.00029295834664962183,0.0004440513375765465,0.18424087793944513,-0.036553371714198556,16.955677114065622
G4119103,Piên,PR,4119103,14409,3,2,74,5,761.8113971285813,0.00013316288484073718,0.0011321376989252966,0.18424087793944513,-0.03634205535438261,16.9777593057092
G4119152,Pinhais,PR,4119152,131255,319,206,74,525,140.95238095238093,0.013982102908277404,0.010947805990728013,0.03402046842035397,0.0031678698755313725,21.10647769509544
G4119202,Pinhalão,PR,4119202,6676,1,0,74,1,761.8113971285813,2.6632576968147438e-05,0.0004825257062125772,0.18424087793944513,-0.036644512274616736,16.946153084201537
G4119251,Pinhal de São Bento,PR,4119251,2805,0,0,74,0,761.8113971285813,0.0,0.00015734168658359285,0.18424087793944513,-0.03678523891325559,16.931447395505757
G4119301,Pinhão,PR,4119301,30451,1,1,74,2,761.8113971285813,5.3265153936294876e-05,0.002479748663246704,0.18424087793944513,-0.035834970061015825,17.03074883589757
G4119400,Piraí do Sul,PR,4119400,23977,4,6,74,10,761.8113971285813,0.00026632576968147435,0.001935899181697222,0.18424087793944513,-0.03596728560733755,17.01692209170301
G4119509,Piraquara,PR,4119509,127433,99,39,74,138,536.2318840579711,0.0036752956216043464,0.010626738224512053,0.1296606174460271,-0.020211309950758864,18.66339411253047
G4119608,Pitanga,PR,4119608,34527,2,6,74,8,761.8113971285813,0.0002130606157451795,0.0028221537430730384,0.18424087793944513,-0.03563408984436174,17.05174046875279
G4119657,Pitangueiras,PR,4119657,3141,0,0,74,0,761.8113971285813,0.0,0.0001855674242729079,0.18424087793944513,-0.03677394861817986,16.932627211681805
G4119707,Planaltina do Paraná,PR,4119707,4125,1,0,74,1,761.8113971285813,2.6632576968147438e-05,0.0002682285132201879,0.18424087793944513,-0.03673023115181369,16.9371956107935
G4119806,Planalto,PR,4119806,14722,1,0,74,1,761.8113971285813,2.6632576968147438e-05,0.0011584313176656407,0.18424087793944513,-0.03637415003003551,16.974405467988717
G4119905,Ponta Grossa,PR,4119905,375632,441,267,74,708,104.51977401129943,0.018855864493448386,0.031476737833888005,0.025205389647326815,0.015091963001469193,22.352524663783175
G4119954,Pontal do Paraná,PR,4119954,33131,25,14,74,39,1897.4358974358975,0.0010386705017577502,0.0027048825233876696,0.45901175675626105,-0.09030493014119405,11.33873285400208
G4120002,Porecatu,PR,4120002,11271,6,5,74,11,761.8113971285813,0.00029295834664962183,0.0008685294701483001,0.18424087793944513,-0.03638358046116986,16.97342000435603
G4120101,Porto Amazonas,PR,4120101,4072,0,0,74,0,761.8113971285813,0.0,0.0002637762391203852,0.18424087793944513,-0.036742665092240875,16.935896285669607
G4120150,Porto Barreiro,PR,4120150,3057,0,0,74,0,761.8113971285813,0.0,0.00017851098985057916,0.18424087793944513,-0.0367767711919488,16.932332257637793
G4120200,Porto Rico,PR,4120200,3370,3,3,74,6,761.8113971285813,0.00015979546180888463,0.00020480460859092332,0.18424087793944513,-0.036702335559729106,16.940110651592796
G4120309,Porto Vitória,PR,4120309,3515,0,0,74,0,761.8113971285813,0.0,0.00021698535848660986,0.18424087793944513,-0.03676138144449438,16.933940459449193
G4120333,Prado Ferreira,PR,4120333,3816,1,0,74,1,761.8113971285813,2.6632576968147438e-05,0.0002422709151666213,0.18424087793944513,-0.036740614191035116,16.936110601274454
G4120358,Pranchita,PR,4120358,5831,2,0,74,2,761.8113971285813,5.3265153936294876e-05,0.00041154133613081754,0.18424087793944513,-0.03666225299186218,16.944299210140628
G4120408,Presidente Castelo Branco,PR,4120408,4304,2,0,74,2,761.8113971285813,5.3265153936294876e-05,0.00028326543895348374,0.18424087793944513,-0.036713563350733114,16.938937366983406
G4120507,Primeiro de Maio,PR,4120507,10064,2,2,74,4,761.8113971285813,0.00010653030787258975,0.0007671352279131711,0.18424087793944513,-0.036498709373574724,16.961389233479345
G4120606,Prudentópolis,PR,4120606,50946,4,7,74,11,761.8113971285813,0.00029295834664962183,0.004201434657123231,0.18424087793944513,-0.035050418386379886,17.11273311978684
G4120655,Quarto Centenário,PR,4120655,4127,0,2,74,2,761.8113971285813,5.3265153936294876e-05,0.00026839652356357667,0.18424087793944513,-0.036719510916889075,16.93831585667638
G4120705,Quatiguá,PR,4120705,8426,0,0,74,0,761.8113971285813,0.0,0.00062953475667776,0.18424087793944513,-0.036596361685217925,16.95118473695091
G4120804,Quatro Barras,PR,4120804,25397,56,30,74,86,860.4651162790698,0.0022904016192606797,0.002055186525503256,0.2081107126446593,-0.03988390727102629,16.607641947712835
G4120853,Quatro Pontes,PR,4120853,4672,0,1,74,1,761.8113971285813,2.6632576968147438e-05,0.00031417934213701933,0.18424087793944513,-0.03671185082024696,16.939116323437243
G4120903,Quedas do Iguaçu,PR,4120903,31423,4,0,74,4,761.8113971285813,0.00010653030787258975,0.0025614016901336512,0.18424087793944513,-0.03578100278868653,17.036388321884807
G4121000,Querência do Norte,PR,4121000,10625,1,1,74,2,761.8113971285813,5.3265153936294876e-05,0.000814262129233724,0.18424087793944513,-0.03650116467462102,16.961132658795332
G4121109,Quinta do Sol,PR,4121109,5052,0,0,74,0,761.8113971285813,0.0,0.0003461013073808876,0.18424087793944513,-0.036709735064936674,16.939337416183086
G4121208,Quitandinha,PR,4121208,18882,5,4,74,9,761.8113971285813,0.00023969319271332693,0.0015078928319143038,0.18424087793944513,-0.036149141178037976,16.997918501223047
G4121257,Ramilândia,PR,4121257,4279,0,0,74,0,761.8113971285813,0.0,0.000281165309661124,0.18424087793944513,-0.036735709464024574,16.93662313670664
G4121307,Rancho Alegre,PR,4121307,3472,0,0,74,0,761.8113971285813,0.0,0.0002133731361037511,0.18424087793944513,-0.036762826333447525,16.93378947106952
G4121356,Rancho Alegre D'Oeste,PR,4121356,2623,1,0,74,1,761.8113971285813,2.6632576968147438e-05,0.00014205274533521378,0.18424087793944513,-0.03678070145896768,16.931921551577943
G4121406,Realeza,PR,4121406,20097,2,4,74,6,761.8113971285813,0.00015979546180888463,0.0016099591155229879,0.18424087793944513,-0.036140273756956276,16.99884513128558
G4121505,Rebouças,PR,4121505,14825,1,1,74,2,761.8113971285813,5.3265153936294876e-05,0.0011670838503501629,0.18424087793944513,-0.03636003598617444,16.975880360995948
G4121604,Renascença,PR,4121604,6945,1,2,74,3,761.8113971285813,7.989773090444231e-05,0.0005051230973983681,0.18424087793944513,-0.0366141672565679,16.94932408574901
G4121703,Reserva,PR,4121703,24878,2,0,74,2,761.8113971285813,5.3265153936294876e-05,0.0020115878413938673,0.18424087793944513,-0.03602223438975696,17.01118003962042
G4121752,Reserva do Iguaçu,PR,4121752,6493,0,1,74,1,761.8113971285813,2.6632576968147438e-05,0.0004671527597925038,0.18424087793944513,-0.03665066145318477,16.945510505748512
G4121802,Ribeirão Claro,PR,4121802,12856,3,4,74,7,761.8113971285813,0.00018642803877703208,0.0010016776672839085,0.18424087793944513,-0.03637293330546465,16.974532613587733
G4121901,Ribeirão do Pinhal,PR,4121901,13158,1,2,74,3,761.8113971285813,7.989773090444231e-05,0.0010270472291356145,0.18424087793944513,-0.036405397603873006,16.971140150932918
G4122008,Rio Azul,PR,4122008,14174,7,2,74,9,761.8113971285813,0.00023969319271332693,0.0011123964835771149,0.18424087793944513,-0.03630733971737285,16.981387029327692
G4122107,Rio Bom,PR,4122107,3214,0,0,74,0,761.8113971285813,0.0,0.00019169980180659842,0.18424087793944513,-0.036771495667166386,16.932883540791483
G4122156,Rio Bonito do Iguaçu,PR,4122156,14297,0,0,74,0,761.8113971285813,0.0,0.0011227291196955248,0.18424087793944513,-0.03639908394001082,16.97179991781277
G4122172,Rio Branco do Ivaí,PR,4122172,3841,0,1,74,1,761.8113971285813,2.6632576968147438e-05,0.00024437104445898105,0.18424087793944513,-0.03673977413931818,16.936198385216123
G4122206,Rio Branco do Sul,PR,4122206,40308,9,3,74,12,761.8113971285813,0.00031959092361776926,0.003307787640638308,0.18424087793944513,-0.035397224162186595,17.07649252009483
G4122305,Rio Negro,PR,4122305,31951,2,4,74,6,761.8113971285813,0.00015979546180888463,0.002605756420788289,0.18424087793944513,-0.035741954834850154,17.04046876506798
G4122404,Rolândia,PR,4122404,75818,59,21,74,80,925.0,0.002130606157451795,0.006290811287506104,0.22372529890054088,-0.04137649280212501,16.4516693586958
G4122503,Roncador,PR,4122503,11339,0,0,74,0,761.8113971285813,0.0,0.0008742418218235186,0.18424087793944513,-0.03649847885915962,16.96141332183434
G4122602,Rondon,PR,4122602,9255,1,0,74,1,761.8113971285813,2.6632576968147438e-05,0.0006991750440124095,0.18424087793944513,-0.0365578525394968,16.955208875624248
G4122651,Rosário do Ivaí,PR,4122651,5484,0,0,74,0,761.8113971285813,0.0,0.0003823915415528641,0.18424087793944513,-0.03669521897126788,16.94085432269515
G4122701,Sabáudia,PR,4122701,9511,4,1,74,5,761.8113971285813,0.00013316288484073718,0.0007206803679661734,0.18424087793944513,-0.036506638286766264,16.960560675857145
G4122800,Salgado Filho,PR,4122800,4090,2,0,74,2,761.8113971285813,5.3265153936294876e-05,0.0002652883322108842,0.18424087793944513,-0.036720754193430155,16.938185936442707
G4122909,Salto do Itararé,PR,4122909,5214,0,0,74,0,761.8113971285813,0.0,0.0003597101451953788,0.18424087793944513,-0.036704291529810876,16.93990625612511
G4123006,Salto do Lontra,PR,4123006,15706,2,0,74,2,761.8113971285813,5.3265153936294876e-05,0.0012410924066129205,0.18424087793944513,-0.03633043256366934,16.978973867100407
G4123105,Santa Amélia,PR,4123105,3358,0,1,74,1,761.8113971285813,2.6632576968147438e-05,0.0002037965465305906,0.18424087793944513,-0.03675600393848953,16.934502399463053
G4123204,Santa Cecília do Pavão,PR,4123204,3357,1,0,74,1,761.8113971285813,2.6632576968147438e-05,0.00020371254135889623,0.18424087793944513,-0.03675603754055821,16.934498888105384
G4123303,Santa Cruz de Monte Castelo,PR,4123303,8840,0,0,74,0,761.8113971285813,0.0,0.0006643128977592375,0.18424087793944513,-0.03658245042878533,16.952638439024973
G4123402,Santa Fé,PR,4123402,11730,1,8,74,9,761.8113971285813,0.00023969319271332693,0.0009070878439560253,0.18424087793944513,-0.03638946317322129,16.97280527119
G4123501,Santa Helena,PR,4123501,26461,6,6,74,12,761.8113971285813,0.00031959092361776926,0.002144568028186087,0.18424087793944513,-0.03586251200716748,17.02787075048247
G4123600,Santa Inês,PR,4123600,1745,0,0,74,0,761.8113971285813,0.0,6.829620458753922e-05,0.18424087793944513,-0.03682085710605401,16.927725356378932
G4123709,Santa Isabel do Ivaí,PR,4123709,9043,2,6,74,8,761.8113971285813,0.0002130606157451795,0.0006813659476131988,0.18424087793944513,-0.03649040496254567,16.962257029971724
G4123808,Santa Izabel do Oeste,PR,4123808,14462,0,0,74,0,761.8113971285813,0.0,0.0011365899730250992,0.18424087793944513,-0.036393539598678984,16.972379291827796
G4123824,Santa Lúcia,PR,4123824,3638,0,0,74,0,761.8113971285813,0.0,0.00022731799460501986,0.18424087793944513,-0.036757248390047015,16.93437235644221
G4123857,Santa Maria do Oeste,PR,4123857,9869,2,0,74,2,761.8113971285813,5.3265153936294876e-05,0.0007507542194327651,0.18424087793944513,-0.0365265678385414,16.95847807239922
G4123907,Santa Mariana,PR,4123907,10941,1,3,74,4,761.8113971285813,0.00010653030787258975,0.0008408077634891513,0.18424087793944513,-0.03646924035934433,16.96446869415314
G4123956,Santa Mônica,PR,4123956,3361,0,0,74,0,761.8113971285813,0.0,0.0002040485620456738,0.18424087793944513,-0.03676655616307076,16.933399710368505
G4124004,Santana do Itararé,PR,4124004,5646,0,0,74,0,761.8113971285813,0.0,0.0003960003793673554,0.18424087793944513,-0.03668977543614208,16.94142316263717
G4124020,Santa Tereza do Oeste,PR,4124020,13938,4,4,74,8,761.8113971285813,0.0002130606157451795,0.0010925712630572388,0.18424087793944513,-0.03632592283636806,16.979445125750775
G4124053,Santa Terezinha de Itaipu,PR,4124053,25300,9,5,74,14,761.8113971285813,0.00037285607755406416,0.0020470380238489,0.18424087793944513,-0.03588021794732784,17.026020510566397
G4124103,Santo Antônio da Platina,PR,4124103,45628,11,11,74,22,761.8113971285813,0.0005859166932992437,0.0037546951540524637,0.18424087793944513,-0.03511193084894834,17.10630517455776
G4124202,Santo Antônio do Caiuá,PR,4124202,2474,0,0,74,0,761.8113971285813,0.0,0.00012953597475274967,0.18424087793944513,-0.036796361197987924,16.93028513611804
G4124301,Santo Antônio do Paraíso,PR,4124301,2088,0,0,74,0,761.8113971285813,0.0,9.710997847871507e-05,0.18424087793944513,-0.03680933159649754,16.92892975205865
G4124400,Santo Antônio do Sudoeste,PR,4124400,24980,2,3,74,5,761.8113971285813,0.00013316288484073718,0.002020156368906695,0.18424087793944513,-0.035986847886390054,17.01487786760508
G4124509,Santo Inácio,PR,4124509,6463,2,1,74,3,761.8113971285813,7.989773090444231e-05,0.00046463260464167216,0.18424087793944513,-0.03663036345367058,16.947631611353604
G4124608,São Carlos do Ivaí,PR,4124608,6727,4,0,74,4,761.8113971285813,0.00010653030787258975,0.0004868099699689912,0.18424087793944513,-0.036610839476752394,16.949671832945192
G4124707,São Jerônimo da Serra,PR,4124707,10884,0,0,74,0,761.8113971285813,0.0,0.0008360194687025711,0.18424087793944513,-0.036513767800408,16.959815654095937
G4124806,São João,PR,4124806,12297,2,3,74,5,761.8113971285813,0.00013316288484073718,0.0009547187763067444,0.18424087793944513,-0.03641302292343003,16.97034331831689
G4124905,São João do Caiuá,PR,4124905,5607,0,1,74,1,761.8113971285813,2.6632576968147438e-05,0.0003927241776712741,0.18424087793944513,-0.03668043288603326,16.942399442855713
G4125001,São João do Ivaí,PR,4125001,10639,2,4,74,6,761.8113971285813,0.00015979546180888463,0.0008154382016374455,0.18424087793944513,-0.03645808212251049,16.965634710472862
G4125100,São João do Triunfo,PR,4125100,13899,0,1,74,1,761.8113971285813,2.6632576968147438e-05,0.0010892950613611576,0.18424087793944513,-0.03640180453255731,16.971515620628928
G4125209,São Jorge d'Oeste,PR,4125209,9587,3,1,74,4,761.8113971285813,0.00010653030787258975,0.000727064761014947,0.18424087793944513,-0.036514737560334014,16.959714315872276
G4125308,São Jorge do Ivaí,PR,4125308,5170,0,0,74,0,761.8113971285813,0.0,0.00035601391764082565,0.18424087793944513,-0.036705770020832695,16.939751756387768
G4125357,São Jorge do Patrocínio,PR,4125357,6690,13,1,74,14,761.8113971285813,0.00037285607755406416,0.00048370177861629867,0.18424087793944513,-0.03650555244542088,16.960674144387006
G4125407,São José da Boa Vista,PR,4125407,6023,1,0,74,1,761.8113971285813,2.6632576968147438e-05,0.0004276703290961405,0.18424087793944513,-0.03666645442546331,16.94386016764511
G4125456,São José das Palmeiras,PR,4125456,4031,1,0,74,1,761.8113971285813,2.6632576968147438e-05,0.0002603320270809152,0.18424087793944513,-0.0367333897462694,16.936865543172818
G4125506,São José dos Pinhais,PR,4125506,349880,1018,496,74,1514,48.8771466314399,0.04032172152977522,0.02931343665241407,0.011742335952462702,0.02550559608238318,23.440731187872924
G4125555,São Manoel do Paraná,PR,4125555,2176,0,0,74,0,761.8113971285813,0.0,0.00010450243358782139,0.18424087793944513,-0.0368063746144539,16.92923875153333
G4125605,São Mateus do Sul,PR,4125605,43490,11,11,74,22,761.8113971285813,0.0005859166932992437,0.0035750920969698577,0.18424087793944513,-0.03518377207178139,17.098797891866116
G4125704,São Miguel do Iguaçu,PR,4125704,30416,9,11,74,20,761.8113971285813,0.0005326515393629487,0.0024768084822374002,0.18424087793944513,-0.03564439157924889,17.050663955395105
G4125753,São Pedro do Iguaçu,PR,4125753,5730,0,0,74,0,761.8113971285813,0.0,0.00040305681378968413,0.18424087793944513,-0.036686952862373154,16.941718116681184
G4125803,São Pedro do Ivaí,PR,4125803,8514,0,1,74,1,761.8113971285813,2.6632576968147438e-05,0.0006369272117868664,0.18424087793944513,-0.03658275167238702,16.95260695959314
G4125902,São Pedro do Paraná,PR,4125902,2726,1,0,74,1,761.8113971285813,2.6632576968147438e-05,0.00015070527801973598,0.18424087793944513,-0.03677724044589387,16.932283221417627
G4126009,São Sebastião da Amoreira,PR,4126009,8063,6,1,74,7,761.8113971285813,0.00018642803877703208,0.0005990408793526964,0.18424087793944513,-0.036533988020637134,16.9577026762907
G4126108,São Tomé,PR,4126108,5282,1,1,74,2,761.8113971285813,5.3265153936294876e-05,0.0003654224968705973,0.18424087793944513,-0.03668070052756627,16.94237147478155
G4126207,Sapopema,PR,4126207,6778,0,0,74,0,761.8113971285813,0.0,0.000491094233725405,0.18424087793944513,-0.036651737894398864,16.945398019516006
G4126256,Sarandi,PR,4126256,128106,85,30,74,115,643.4782608695651,0.0030627463513369555,0.010683273705062378,0.15560949508865157,-0.025623490995170584,18.097830617415777
G4126272,Saudade do Iguaçu,PR,4126272,6413,1,1,74,2,761.8113971285813,5.3265153936294876e-05,0.00046043234605695266,0.18424087793944513,-0.036642696587891724,16.946342820302714
G4126306,Sengés,PR,4126306,17256,0,10,74,10,761.8113971285813,0.00026632576968147435,0.0013713004227392253,0.18424087793944513,-0.036193125110920744,16.993322256824356
G4126355,Serranópolis do Iguaçu,PR,4126355,5161,2,0,74,2,761.8113971285813,5.3265153936294876e-05,0.00035525787109557614,0.18424087793944513,-0.03668476637787628,16.941946600503865
G4126405,Sertaneja,PR,4126405,5654,1,2,74,3,761.8113971285813,7.989773090444231e-05,0.00039667242074091047,0.18424087793944513,-0.03665754752723088,16.944790923001154
G4126504,Sertanópolis,PR,4126504,16210,10,3,74,13,761.8113971285813,0.0003462235005859167,0.0012834310131468933,0.18424087793944513,-0.0361963137823959,16.99298904620752
G4126603,Siqueira Campos,PR,4126603,24031,9,3,74,12,761.8113971285813,0.00031959092361776926,0.0019404354609687188,0.18424087793944513,-0.03594416503405443,17.019338151352112
G4126652,Sulina,PR,4126652,3498,0,0,74,0,761.8113971285813,0.0,0.00021555727056780526,0.18424087793944513,-0.036761952679661904,16.93388076636886
G4126678,Tamarana,PR,4126678,10540,1,0,74,1,761.8113971285813,2.6632576968147438e-05,0.0008071216896397009,0.18424087793944513,-0.036514673881245886,16.959720970226105
G4126702,Tamboara,PR,4126702,4986,1,1,74,2,761.8113971285813,5.3265153936294876e-05,0.00034055696604905786,0.18424087793944513,-0.03669064673989488,16.94133211291217
G4126801,Tapejara,PR,4126801,16326,4,2,74,6,761.8113971285813,0.00015979546180888463,0.0012931756130634426,0.18424087793944513,-0.03626698715794009,16.98560380152403
G4126900,Tapira,PR,4126900,5807,0,0,74,0,761.8113971285813,0.0,0.00040952521201015216,0.18424087793944513,-0.036684365503084966,16.94198849122153
G4127007,Teixeira Soares,PR,4127007,9540,2,1,74,3,761.8113971285813,7.989773090444231e-05,0.0007231165179453107,0.18424087793944513,-0.03652696988834912,16.95843605889439
G4127106,Telêmaco Borba,PR,4127106,77479,18,13,74,31,2387.0967741935483,0.0008256098860125705,0.006430343877690486,0.5774880219235788,-0.11259522287923455,9.009436076121268
G4127205,Terra Boa,PR,4127205,18168,7,6,74,13,761.8113971285813,0.0003462235005859167,0.0014479131393245093,0.18424087793944513,-0.036130520931924856,16.999864284519138
G4127304,Terra Rica,PR,4127304,14961,0,2,74,2,761.8113971285813,5.3265153936294876e-05,0.0011785085537006,0.18424087793944513,-0.03635546610483427,16.976357905638633
G4127403,Terra Roxa,PR,4127403,18636,1,4,74,5,761.8113971285813,0.00013316288484073718,0.0014872275596774839,0.18424087793944513,-0.03620001941008174,16.992601814566818
G4127502,Tibagi,PR,4127502,20374,0,3,74,3,761.8113971285813,7.989773090444231e-05,0.0016332285480823339,0.18424087793944513,-0.03616292507629432,16.99647810785664
G4127601,Tijucas do Sul,PR,4127601,18458,6,1,74,7,761.8113971285813,0.00018642803877703208,0.0014722746391158824,0.18424087793944513,-0.03618469451673186,16.994203239237223
G4127700,Toledo,PR,4127700,160701,119,81,74,200,370.0,0.005326515393629488,0.013421422276441027,0.08943985709995915,-0.010388796351963625,19.689829680032823
G4127809,Tomazina,PR,4127809,8523,0,1,74,1,761.8113971285813,2.6632576968147438e-05,0.0006376832583321159,0.18424087793944513,-0.03658244925376892,16.952638561812144
G4127858,Três Barras do Paraná,PR,4127858,11157,0,4,74,4,761.8113971285813,0.00010653030787258975,0.0008589528805751397,0.18424087793944513,-0.03646198231250993,16.965227147409173
G4127882,Tunas do Paraná,PR,4127882,6304,2,1,74,3,761.8113971285813,7.989773090444231e-05,0.00045127578234226406,0.18424087793944513,-0.03663570618259034,16.94707330548458
G4127908,Tuneiras do Oeste,PR,4127908,8067,2,0,74,2,761.8113971285813,5.3265153936294876e-05,0.0005993769000394739,0.18424087793944513,-0.03658711876629872,16.952150605883624
G4127957,Tupãssi,PR,4127957,8208,2,1,74,3,761.8113971285813,7.989773090444231e-05,0.000611221629248383,0.18424087793944513,-0.036571727843827895,16.953758930482195
G4127965,Turvo,PR,4127965,14101,1,0,74,1,761.8113971285813,2.6632576968147438e-05,0.0011062641060434243,0.18424087793944513,-0.0363950169146844,16.972224914877625
G4128005,Ubiratã,PR,4128005,25732,3,6,74,9,761.8113971285813,0.00023969319271332693,0.0020833282580208765,0.18424087793944513,-0.035918967007595344,17.02197130124072
G4128104,Umuarama,PR,4128104,123059,103,100,74,203,364.5320197044335,0.00540641312453393,0.01025929960352079,0.08811684782113567,-0.011357084473005246,19.588645257427487
G4128203,União da Vitória,PR,4128203,56560,11,6,74,17,761.8113971285813,0.00045275380845850643,0.004673039691015538,0.18424087793944513,-0.034797858188099405,17.13912522073362
G4128302,Uniflor,PR,4128302,2106,0,0,74,0,761.8113971285813,0.0,9.862207156921409e-05,0.18424087793944513,-0.03680872675926134,16.928992956496653
G4128401,Uraí,PR,4128401,10308,0,3,74,3,761.8113971285813,7.989773090444231e-05,0.0007876324898066023,0.18424087793944513,-0.03650116349960461,16.9611327815825
G4128500,Wenceslau Braz,PR,4128500,19398,3,2,74,5,761.8113971285813,0.00013316288484073718,0.0015512395005086092,0.18424087793944513,-0.036174414633749284,16.995277469108927
G4128534,Ventania,PR,4128534,9760,0,0,74,0,761.8113971285813,0.0,0.0007415976557180765,0.18424087793944513,-0.036551536525601794,16.95586888807844
G4128559,Vera Cruz do Oeste,PR,4128559,8178,3,0,74,3,761.8113971285813,7.989773090444231e-05,0.0006087014740975513,0.18424087793944513,-0.03657273590588823,16.95365358975219
G4128609,Verê,PR,4128609,8077,4,1,74,5,761.8113971285813,0.00013316288484073718,0.0006002169517564178,0.18424087793944513,-0.03655482365325016,16.955525388962936
G4128625,Alto Paraíso,PR,4128625,3067,1,0,74,1,761.8113971285813,2.6632576968147438e-05,0.0001793510415675231,0.18424087793944513,-0.03676578214047476,16.933480594382008
G4128633,Doutor Ulysses,PR,4128633,5744,1,0,74,1,761.8113971285813,2.6632576968147438e-05,0.0004042328861934056,0.18424087793944513,-0.036675829402624406,16.94288049885607
G4128658,Virmond,PR,4128658,3828,0,1,74,1,761.8113971285813,2.6632576968147438e-05,0.00024327897722695402,0.18424087793944513,-0.03674021096621099,16.936152737566452
G4128708,Vitorino,PR,4128708,10549,3,1,74,4,761.8113971285813,0.00010653030787258975,0.0008078777361849504,0.18424087793944513,-0.03648241237026601,16.963092241947752
G4128807,Xambrê,PR,4128807,5835,0,0,74,0,761.8113971285813,0.0,0.0004118773568175951,0.18424087793944513,-0.036683424645161986,16.9420868092362
